index,upstream_sha,subject,planned_areas,planned_treatment,path_count,upstream_paths,status,review_note,crew_evidence,validation
1,1e6f1a2584d1620fcc16baf8df962bda8d7c7ae9,chore(release): release Buzz Desktop version 0.5.18 (#6489),01-toolchain-ci-docs;04-desktop,release bookkeeping; pin only after coverage gate,6,.release/desktop-candidate.json;CHANGELOG.md;desktop/package.json;desktop/src-tauri/Cargo.lock;desktop/src-tauri/Cargo.toml;desktop/src-tauri/tauri.conf.json,adapted,"Intermediate release bookkeeping is superseded by final 0.5.22 metadata; preserve Crew package/product identifiers and manual release attribution. The pin is a working-branch target, not acceptance evidence.",.release/desktop-candidate.json;CHANGELOG.md;desktop/package.json;desktop/src-tauri/Cargo.lock;desktop/src-tauri/Cargo.toml;desktop/src-tauri/tauri.conf.json;plans/reports/implementer-260905-native-release-integration.md;plans/reports/reviewer-260905-coverage-audit.md;plans/reports/reviewer-20260905-final-desktop-reconciliation.md,"Final-source audit: 1 target-exact, 4 adapted, 1 intentional Crew/mapped paths. Native tests 3431 passed, 19 ignored; clippy passed. Source coverage and local just ci/dependency-policy gates passed; 10k browser smoke passed; PR #342 Gate/manual passed on 0ef5491f; whole CI cancelled after smoke 3/4 timeouts with failures. Later repairs have local validation; PR342 checks are canonical remote evidence and full NuncioCrew CI including all desktop smoke shards and manual upstream compatibility must pass on the exact head at merge."
2,6039fed565fd73a07cdddc3143c86733cad91709,fix(desktop): restore human barge-in over agent TTS in huddles (#6431),04-desktop,integrate final released behavior,18,desktop/src-tauri/src/huddle/audio_output.rs;desktop/src-tauri/src/huddle/human_floor.rs;desktop/src-tauri/src/huddle/latency_bench.rs;desktop/src-tauri/src/huddle/local_barge_in.rs;desktop/src-tauri/src/huddle/mod.rs;desktop/src-tauri/src/huddle/pipeline.rs;desktop/src-tauri/src/huddle/playout.rs;desktop/src-tauri/src/huddle/relay_api.rs;desktop/src-tauri/src/huddle/state.rs;desktop/src-tauri/src/huddle/stt.rs;desktop/src-tauri/src/huddle/stt_tests.rs;desktop/src-tauri/src/huddle/tts.rs;desktop/src-tauri/src/huddle/tts_pipeline_controls.rs;desktop/src-tauri/src/huddle/tts_playback.rs;desktop/src-tauri/src/huddle/tts_settings.rs;desktop/src-tauri/src/huddle/tts_tests.rs;desktop/src-tauri/src/huddle/tts_voice_selection_tests.rs;desktop/src-tauri/src/huddle/tts_voice_transition.rs,ported,Final 0.5.22 source for fix(desktop): restore human barge-in over agent TTS in huddles is accounted for at the current paths below. Every listed path matches the final target bytes (including final target deletions).,desktop/src-tauri/src/huddle/audio_output.rs;desktop/src-tauri/src/huddle/human_floor.rs;desktop/src-tauri/src/huddle/latency_bench.rs;desktop/src-tauri/src/huddle/local_barge_in.rs;desktop/src-tauri/src/huddle/mod.rs;desktop/src-tauri/src/huddle/pipeline.rs;desktop/src-tauri/src/huddle/playout.rs;desktop/src-tauri/src/huddle/relay_api.rs;desktop/src-tauri/src/huddle/state.rs;desktop/src-tauri/src/huddle/stt.rs;desktop/src-tauri/src/huddle/stt_tests.rs;desktop/src-tauri/src/huddle/tts.rs;desktop/src-tauri/src/huddle/tts_pipeline_controls.rs;desktop/src-tauri/src/huddle/tts_playback.rs;desktop/src-tauri/src/huddle/tts_settings.rs;desktop/src-tauri/src/huddle/tts_tests.rs;desktop/src-tauri/src/huddle/tts_voice_selection_tests.rs;desktop/src-tauri/src/huddle/tts_voice_transition.rs;plans/reports/implementer-260905-native-release-integration.md;plans/reports/reviewer-260905-coverage-audit.md;plans/reports/reviewer-20260905-final-desktop-reconciliation.md,"Final-source audit: 18 target-exact, 0 adapted, 0 intentional Crew/mapped paths. Native tests 3431 passed, 19 ignored; clippy passed. Source coverage and local just ci/dependency-policy gates passed; 10k browser smoke passed; PR #342 Gate/manual passed on 0ef5491f; whole CI cancelled after smoke 3/4 timeouts with failures. Later repairs have local validation; PR342 checks are canonical remote evidence and full NuncioCrew CI including all desktop smoke shards and manual upstream compatibility must pass on the exact head at merge."
3,fc2ce6728b3b4805040c0a2f2cc5c15f1c1806ce,feat(archive): add observer-frame retention schema and gated DB adapter (#5719),04-desktop,integrate final released behavior,10,desktop/src-tauri/src/app_state.rs;desktop/src-tauri/src/archive/archive_db.rs;desktop/src-tauri/src/archive/archive_db_tests.rs;desktop/src-tauri/src/archive/mod.rs;desktop/src-tauri/src/archive/retention.rs;desktop/src-tauri/src/archive/retention_tests.rs;desktop/src-tauri/src/archive/store_migrations.rs;desktop/src-tauri/src/archive/store_tests.rs;desktop/src-tauri/src/archive/sync.rs;desktop/src-tauri/src/lib.rs,adapted,Final 0.5.22 source for feat(archive): add observer-frame retention schema and gated DB adapter is accounted for at the current paths below. Shared files retain Crew extensions or use existing Crew integration seams; supporting review evidence is attached.,desktop/src-tauri/src/app_state.rs;desktop/src-tauri/src/archive/archive_db.rs;desktop/src-tauri/src/archive/archive_db_tests.rs;desktop/src-tauri/src/archive/mod.rs;desktop/src-tauri/src/archive/retention.rs;desktop/src-tauri/src/archive/retention_tests.rs;desktop/src-tauri/src/archive/store_migrations.rs;desktop/src-tauri/src/archive/store_tests.rs;desktop/src-tauri/src/archive/sync.rs;desktop/src-tauri/src/lib.rs;plans/reports/implementer-260905-native-release-integration.md;plans/reports/reviewer-260905-coverage-audit.md;plans/reports/reviewer-20260905-final-desktop-reconciliation.md,"Final-source audit: 8 target-exact, 2 adapted, 0 intentional Crew/mapped paths. Native tests 3431 passed, 19 ignored; clippy passed. Source coverage and local just ci/dependency-policy gates passed; 10k browser smoke passed; PR #342 Gate/manual passed on 0ef5491f; whole CI cancelled after smoke 3/4 timeouts with failures. Later repairs have local validation; PR342 checks are canonical remote evidence and full NuncioCrew CI including all desktop smoke shards and manual upstream compatibility must pass on the exact head at merge."
4,7da8f9abf3245d7ab31ba6e4ad72598b03471f2b,Clarify huddle message destination (#6496),04-desktop,integrate final released behavior,1,desktop/src-tauri/src/huddle/agents.rs,ported,Final 0.5.22 source for Clarify huddle message destination is accounted for at the current paths below. Every listed path matches the final target bytes (including final target deletions).,desktop/src-tauri/src/huddle/agents.rs;plans/reports/implementer-260905-native-release-integration.md;plans/reports/reviewer-260905-coverage-audit.md;plans/reports/reviewer-20260905-final-desktop-reconciliation.md,"Final-source audit: 1 target-exact, 0 adapted, 0 intentional Crew/mapped paths. Native tests 3431 passed, 19 ignored; clippy passed. Source coverage and local just ci/dependency-policy gates passed; 10k browser smoke passed; PR #342 Gate/manual passed on 0ef5491f; whole CI cancelled after smoke 3/4 timeouts with failures. Later repairs have local validation; PR342 checks are canonical remote evidence and full NuncioCrew CI including all desktop smoke shards and manual upstream compatibility must pass on the exact head at merge."
5,aeb741fd31044ec560d953b0986dec2e7e93e2c6,Polish mobile channel navigation and message sends (#6488),04-mobile,integrate final released behavior,24,mobile/lib/features/channels/channel_actions_sheet.dart;mobile/lib/features/channels/channel_detail_page.dart;mobile/lib/features/channels/channel_detail_page/message_list.dart;mobile/lib/features/channels/channel_details_page.dart;mobile/lib/features/channels/channel_mutes/channel_mutes_manager.dart;mobile/lib/features/channels/channel_stars/channel_stars_manager.dart;mobile/lib/features/channels/compose_bar/compose_bar_widget.dart;mobile/lib/features/channels/compose_bar/draft_lifecycle.dart;mobile/lib/features/channels/local_message_send_animation_provider.dart;mobile/lib/features/channels/local_message_send_transition.dart;mobile/lib/features/channels/send_message_provider.dart;mobile/lib/features/channels/thread_detail_page.dart;mobile/lib/features/channels/thread_detail_page/message_list.dart;mobile/lib/features/pairing/pairing_page.dart;mobile/lib/shared/widgets/buzz_action_tile.dart;mobile/lib/shared/widgets/frosted_app_bar.dart;mobile/lib/shared/widgets/lucide_star_icon.dart;mobile/test/features/channels/channel_detail_page_test.dart;mobile/test/features/channels/channel_preferences_manager_test.dart;mobile/test/features/channels/compose_bar_test.dart;mobile/test/features/channels/local_message_send_transition_test.dart;mobile/test/features/channels/send_message_provider_test.dart;mobile/test/features/pairing/pairing_page_test.dart;mobile/test/shared/widgets/frosted_app_bar_test.dart,adapted,Final 0.5.22 source for Polish mobile channel navigation and message sends is accounted for at the current paths below. Shared files retain Crew extensions or use existing Crew integration seams; supporting review evidence is attached.,mobile/lib/features/channels/channel_actions_sheet.dart;mobile/lib/features/channels/channel_detail_page.dart;mobile/lib/features/channels/channel_detail_page/message_list.dart;mobile/lib/features/channels/channel_details_page.dart;mobile/lib/features/channels/channel_mutes/channel_mutes_manager.dart;mobile/lib/features/channels/channel_stars/channel_stars_manager.dart;mobile/lib/features/channels/compose_bar/compose_bar_widget.dart;mobile/lib/features/channels/compose_bar/draft_lifecycle.dart;mobile/lib/features/channels/local_message_send_animation_provider.dart;mobile/lib/features/channels/local_message_send_transition.dart;mobile/lib/features/channels/send_message_provider.dart;mobile/lib/features/channels/thread_detail_page.dart;mobile/lib/features/channels/thread_detail_page/message_list.dart;mobile/lib/features/pairing/pairing_page.dart;mobile/lib/shared/widgets/buzz_action_tile.dart;mobile/lib/shared/widgets/frosted_app_bar.dart;mobile/lib/shared/widgets/lucide_star_icon.dart;mobile/test/features/channels/channel_detail_page_test.dart;mobile/test/features/channels/channel_preferences_manager_test.dart;mobile/test/features/channels/compose_bar_test.dart;mobile/test/features/channels/local_message_send_transition_test.dart;mobile/test/features/channels/send_message_provider_test.dart;mobile/test/features/pairing/pairing_page_test.dart;mobile/test/shared/widgets/frosted_app_bar_test.dart;plans/reports/reviewer-260905-coverage-audit.md,"Final-source audit: 22 target-exact, 2 adapted, 0 intentional Crew/mapped paths. Source coverage and local just ci/dependency-policy gates passed; 10k browser smoke passed; PR #342 Gate/manual passed on 0ef5491f; whole CI cancelled after smoke 3/4 timeouts with failures. Later repairs have local validation; PR342 checks are canonical remote evidence and full NuncioCrew CI including all desktop smoke shards and manual upstream compatibility must pass on the exact head at merge."
6,025425591ed67518a63870316f1473ffd02dd520,fix(benchmarks): wait for scripted event delivery (#6487),01-toolchain-ci-docs;03-agent-runtime,integrate final released behavior,4,benchmarks/harbor-buzz-orchestra/src/harbor_buzz_orchestra/container_runtime.py;benchmarks/harbor-buzz-orchestra/src/harbor_buzz_orchestra/task_fixtures.py;benchmarks/harbor-buzz-orchestra/tests/test_container_runtime.py;crates/buzz-acp/src/pool.rs,adapted,Final 0.5.22 source for fix(benchmarks): wait for scripted event delivery is accounted for at the current paths below. Shared files retain Crew extensions or use existing Crew integration seams; supporting review evidence is attached.,benchmarks/harbor-buzz-orchestra/src/harbor_buzz_orchestra/container_runtime.py;benchmarks/harbor-buzz-orchestra/src/harbor_buzz_orchestra/task_fixtures.py;benchmarks/harbor-buzz-orchestra/tests/test_container_runtime.py;crates/buzz-acp/src/pool.rs;plans/reports/implementer-260905-acp-priority-ports.md;plans/reports/implementer-260905-supporting-source-ports.md;plans/reports/reviewer-260905-coverage-audit.md,"Final-source audit: 3 target-exact, 1 adapted, 0 intentional Crew/mapped paths. 1175 ACP library tests, 14 integration tests, 6 PostgreSQL regressions passed. Benchmark 91 tests; testbed 39 passed, 1 live-provider skip. Source coverage and local just ci/dependency-policy gates passed; 10k browser smoke passed; PR #342 Gate/manual passed on 0ef5491f; whole CI cancelled after smoke 3/4 timeouts with failures. Later repairs have local validation; PR342 checks are canonical remote evidence and full NuncioCrew CI including all desktop smoke shards and manual upstream compatibility must pass on the exact head at merge."
7,d97780b4777f2fe3430b4e30a7d47fc6837ee059,docs(nips): comprehensive NIP-FI — core + claimable profiles (EDGE/LIFECYCLE/DELEG/CONF) (#5946),02-shared-protocol-web,integrate final released behavior,6,docs/nips/NIP-FI-CONF.md;docs/nips/NIP-FI-DELEG.md;docs/nips/NIP-FI-EDGE.md;docs/nips/NIP-FI-LIFECYCLE.md;docs/nips/NIP-FI-MODEL.md;docs/nips/NIP-FI.md,ported,Final 0.5.22 source for docs(nips): comprehensive NIP-FI — core + claimable profiles (EDGE/LIFECYCLE/DELEG/CONF) is accounted for at the current paths below. Every listed path matches the final target bytes (including final target deletions).,final-target-deleted:docs/nips/NIP-FI-CONF.md;final-target-deleted:docs/nips/NIP-FI-DELEG.md;final-target-deleted:docs/nips/NIP-FI-EDGE.md;final-target-deleted:docs/nips/NIP-FI-LIFECYCLE.md;final-target-deleted:docs/nips/NIP-FI-MODEL.md;docs/nips/NIP-FI.md;plans/reports/reviewer-260905-coverage-audit.md,"Final-source audit: 6 target-exact, 0 adapted, 0 intentional Crew/mapped paths. Source coverage and local just ci/dependency-policy gates passed; 10k browser smoke passed; PR #342 Gate/manual passed on 0ef5491f; whole CI cancelled after smoke 3/4 timeouts with failures. Later repairs have local validation; PR342 checks are canonical remote evidence and full NuncioCrew CI including all desktop smoke shards and manual upstream compatibility must pass on the exact head at merge."
8,47526784d5c1967de6b2c5d1ee642bccfefbfab9,fix(deletion): allow IRSA S3 credentials (#6495),02-shared-substrate,integrate final released behavior,1,crates/buzz-deletion/src/lib.rs,ported,Final 0.5.22 source for fix(deletion): allow IRSA S3 credentials is accounted for at the current paths below. Every listed path matches the final target bytes (including final target deletions).,crates/buzz-deletion/src/lib.rs;plans/reports/reviewer-260905-coverage-audit.md,"Final-source audit: 1 target-exact, 0 adapted, 0 intentional Crew/mapped paths. Source coverage and local just ci/dependency-policy gates passed; 10k browser smoke passed; PR #342 Gate/manual passed on 0ef5491f; whole CI cancelled after smoke 3/4 timeouts with failures. Later repairs have local validation; PR342 checks are canonical remote evidence and full NuncioCrew CI including all desktop smoke shards and manual upstream compatibility must pass on the exact head at merge."
9,b0466ac465336cb773fbf7355ec05f7d61f4a3aa,perf(desktop): keep the member roster off the channel-switch path (#6456),03-managed-agents;04-desktop,integrate final released behavior,20,desktop/src-tauri/src/commands/channels.rs;desktop/src-tauri/src/commands/channels_tests.rs;desktop/src/features/agents/knownAgentPubkeys.ts;desktop/src/features/agents/ui/useManagedAgentActions.ts;desktop/src/features/channels/hooks.test.mjs;desktop/src/features/channels/hooks.ts;desktop/src/features/channels/lib/huddleAvailability.test.mjs;desktop/src/features/channels/lib/huddleAvailability.ts;desktop/src/features/channels/rosterFreshness.ts;desktop/src/features/channels/ui/ChannelMembersBar.tsx;desktop/src/features/channels/ui/useChannelActivityTyping.ts;desktop/src/features/channels/ui/useChannelAgentSessions.ts;desktop/src/features/channels/useCanAddChannelMembers.ts;desktop/src/features/messages/lib/formatTimelineMessages.ts;desktop/src/features/messages/lib/useMentions.ts;desktop/src/features/messages/ui/useMentionSendFlow.ts;desktop/src/features/profile/ui/UserProfilePanelDeletion.ts;desktop/src/features/settings/ui/ModerationQueueCard.tsx;desktop/src/shared/lib/rosterDerivations.test.mjs;desktop/src/shared/lib/rosterDerivations.ts,adapted,Final 0.5.22 source for perf(desktop): keep the member roster off the channel-switch path is accounted for at the current paths below. Shared files retain Crew extensions or use existing Crew integration seams; supporting review evidence is attached.,desktop/src-tauri/src/commands/channels.rs;desktop/src-tauri/src/commands/channels_tests.rs;desktop/src/features/agents/knownAgentPubkeys.ts;desktop/src/features/agents/ui/useManagedAgentActions.ts;desktop/src/features/channels/hooks.test.mjs;desktop/src/features/channels/hooks.ts;desktop/src/features/channels/lib/huddleAvailability.test.mjs;desktop/src/features/channels/lib/huddleAvailability.ts;desktop/src/features/channels/rosterFreshness.ts;desktop/src/features/channels/ui/ChannelMembersBar.tsx;desktop/src/features/channels/ui/useChannelActivityTyping.ts;desktop/src/features/channels/ui/useChannelAgentSessions.ts;desktop/src/features/channels/useCanAddChannelMembers.ts;desktop/src/features/messages/lib/formatTimelineMessages.ts;desktop/src/features/messages/lib/useMentions.ts;desktop/src/features/messages/ui/useMentionSendFlow.ts;desktop/src/features/profile/ui/UserProfilePanelDeletion.ts;desktop/src/features/settings/ui/ModerationQueueCard.tsx;desktop/src/shared/lib/rosterDerivations.test.mjs;desktop/src/shared/lib/rosterDerivations.ts;plans/reports/implementer-260905-native-release-integration.md;plans/reports/implementer-260905-desktop-message-notification-huddle-ports.md;/tmp/crew-profile-agent-final-tests.log;plans/reports/reviewer-260905-coverage-audit.md;plans/reports/reviewer-20260905-final-desktop-reconciliation.md,"Final-source audit: 11 target-exact, 9 adapted, 0 intentional Crew/mapped paths. Native tests 3431 passed, 19 ignored; clippy passed. 1374 message tests and 193 focused integration tests passed at report snapshot. 1170 scoped profile/agent tests passed; scoped TypeScript clean. Source coverage and local just ci/dependency-policy gates passed; 10k browser smoke passed; PR #342 Gate/manual passed on 0ef5491f; whole CI cancelled after smoke 3/4 timeouts with failures. Later repairs have local validation; PR342 checks are canonical remote evidence and full NuncioCrew CI including all desktop smoke shards and manual upstream compatibility must pass on the exact head at merge."
10,b85d680fb1e3cc7eef6d31d47598741b35836a2e,perf(desktop): stop the Projects fan refetching on re-entry and running after leave (#6458),04-desktop,integrate final released behavior,10,desktop/src/features/projects/assignmentOperationFetch.test.mjs;desktop/src/features/projects/assignmentOperationFetch.ts;desktop/src/features/projects/hooks.ts;desktop/src/features/projects/projectEnumeration.test.mjs;desktop/src/features/projects/projectEnumeration.ts;desktop/src/features/projects/projectWorkItems.ts;desktop/src/features/projects/repositoryActivityHooks.ts;desktop/src/features/projects/ui/ProjectsScreen.tsx;desktop/src/shared/api/relayQueryInvalidation.test.mjs;desktop/src/shared/api/relayQueryInvalidation.ts,adapted,Final 0.5.22 source for perf(desktop): stop the Projects fan refetching on re-entry and running after leave is accounted for at the current paths below. Shared files retain Crew extensions or use existing Crew integration seams; supporting review evidence is attached.,desktop/src/features/projects/assignmentOperationFetch.test.mjs;desktop/src/features/projects/assignmentOperationFetch.ts;desktop/src/features/projects/hooks.ts;desktop/src/features/projects/projectEnumeration.test.mjs;desktop/src/features/projects/projectEnumeration.ts;desktop/src/features/projects/projectWorkItems.ts;desktop/src/features/projects/repositoryActivityHooks.ts;desktop/src/features/projects/ui/ProjectsScreen.tsx;desktop/src/shared/api/relayQueryInvalidation.test.mjs;desktop/src/shared/api/relayQueryInvalidation.ts;plans/reports/260905-projects-release-integration.md;plans/reports/reviewer-260905-coverage-audit.md;plans/reports/reviewer-20260905-final-desktop-reconciliation.md,"Final-source audit: 9 target-exact, 1 adapted, 0 intentional Crew/mapped paths. 69 focused project tests passed; final renderer gate tracked by coordinator. Source coverage and local just ci/dependency-policy gates passed; 10k browser smoke passed; PR #342 Gate/manual passed on 0ef5491f; whole CI cancelled after smoke 3/4 timeouts with failures. Later repairs have local validation; PR342 checks are canonical remote evidence and full NuncioCrew CI including all desktop smoke shards and manual upstream compatibility must pass on the exact head at merge."
11,0e48ff26915aa32d5f05208847b9aba75f4f19cd,feat(workflows): clarify workflow setup and activation (#6470),04-desktop,integrate final released behavior,29,desktop/src/features/workflows/ui/WorkflowActionsMenu.tsx;desktop/src/features/workflows/ui/WorkflowCard.tsx;desktop/src/features/workflows/ui/WorkflowDialog.tsx;desktop/src/features/workflows/ui/WorkflowFormBuilder.tsx;desktop/src/features/workflows/ui/WorkflowStepCard.tsx;desktop/src/features/workflows/ui/WorkflowTemplateTextarea.tsx;desktop/src/features/workflows/ui/WorkflowTriggerConditions.tsx;desktop/src/features/workflows/ui/WorkflowsView.tsx;desktop/src/features/workflows/ui/workflowActivationWarning.test.mjs;desktop/src/features/workflows/ui/workflowActivationWarning.ts;desktop/src/features/workflows/ui/workflowConditionExpression.test.mjs;desktop/src/features/workflows/ui/workflowConditionExpression.ts;desktop/src/features/workflows/ui/workflowDefinition.test.mjs;desktop/src/features/workflows/ui/workflowDefinition.ts;desktop/src/features/workflows/ui/workflowReactionCondition.test.mjs;desktop/src/features/workflows/ui/workflowReactionCondition.ts;desktop/src/features/workflows/ui/workflowStepDescription.test.mjs;desktop/src/features/workflows/ui/workflowStepDescription.ts;desktop/src/features/workflows/ui/workflowTemplateVariables.test.mjs;desktop/src/features/workflows/ui/workflowTemplateVariables.ts;desktop/src/features/workflows/ui/workflowTriggerDescription.test.mjs;desktop/src/features/workflows/ui/workflowTriggerDescription.ts;desktop/tests/e2e/navigation.spec.ts;desktop/tests/e2e/workflow-local-controls.spec.ts;desktop/tests/e2e/workflow-local-controls.spec.ts-snapshots/workflow-template-variable-autocomplete-smoke-darwin.png;desktop/tests/e2e/workflow-local-controls.spec.ts-snapshots/workflow-template-variable-autocomplete-smoke-linux.png;desktop/tests/e2e/workflow-reaction-picker.spec.ts;desktop/tests/e2e/workflow-title-stability.spec.ts;desktop/tests/e2e/workflows.spec.ts,adapted,Final 0.5.22 source for feat(workflows): clarify workflow setup and activation is accounted for at the current paths below. Shared files retain Crew extensions or use existing Crew integration seams; supporting review evidence is attached.,desktop/src/features/workflows/ui/WorkflowActionsMenu.tsx;desktop/src/features/workflows/ui/WorkflowCard.tsx;desktop/src/features/workflows/ui/WorkflowDialog.tsx;desktop/src/features/workflows/ui/WorkflowFormBuilder.tsx;desktop/src/features/workflows/ui/WorkflowStepCard.tsx;desktop/src/features/workflows/ui/WorkflowTemplateTextarea.tsx;desktop/src/features/workflows/ui/WorkflowTriggerConditions.tsx;desktop/src/features/workflows/ui/WorkflowsView.tsx;desktop/src/features/workflows/ui/workflowActivationWarning.test.mjs;desktop/src/features/workflows/ui/workflowActivationWarning.ts;desktop/src/features/workflows/ui/workflowConditionExpression.test.mjs;desktop/src/features/workflows/ui/workflowConditionExpression.ts;desktop/src/features/workflows/ui/workflowDefinition.test.mjs;desktop/src/features/workflows/ui/workflowDefinition.ts;desktop/src/features/workflows/ui/workflowReactionCondition.test.mjs;desktop/src/features/workflows/ui/workflowReactionCondition.ts;desktop/src/features/workflows/ui/workflowStepDescription.test.mjs;desktop/src/features/workflows/ui/workflowStepDescription.ts;desktop/src/features/workflows/ui/workflowTemplateVariables.test.mjs;desktop/src/features/workflows/ui/workflowTemplateVariables.ts;desktop/src/features/workflows/ui/workflowTriggerDescription.test.mjs;desktop/src/features/workflows/ui/workflowTriggerDescription.ts;desktop/tests/e2e/navigation.spec.ts;desktop/tests/e2e/workflow-local-controls.spec.ts;desktop/tests/e2e/workflow-local-controls.spec.ts-snapshots/workflow-template-variable-autocomplete-smoke-darwin.png;desktop/tests/e2e/workflow-local-controls.spec.ts-snapshots/workflow-template-variable-autocomplete-smoke-linux.png;desktop/tests/e2e/workflow-reaction-picker.spec.ts;desktop/tests/e2e/workflow-title-stability.spec.ts;desktop/tests/e2e/workflows.spec.ts;plans/reports/reviewer-260905-coverage-audit.md;plans/reports/reviewer-20260905-final-desktop-reconciliation.md,"Final-source audit: 23 target-exact, 6 adapted, 0 intentional Crew/mapped paths. Source coverage and local just ci/dependency-policy gates passed; 10k browser smoke passed; PR #342 Gate/manual passed on 0ef5491f; whole CI cancelled after smoke 3/4 timeouts with failures. Later repairs have local validation; PR342 checks are canonical remote evidence and full NuncioCrew CI including all desktop smoke shards and manual upstream compatibility must pass on the exact head at merge."
12,eb484387d5816b6f9155ad3a0be79ede3c3d7ad5,chore(desktop): drop unused ORIGINAL_CONTENT from empty-edit-delete spec (#6517),04-desktop,integrate final released behavior,1,desktop/tests/e2e/empty-edit-delete.spec.ts,adapted,Final 0.5.22 source for chore(desktop): drop unused ORIGINAL_CONTENT from empty-edit-delete spec is accounted for at the current paths below. Shared files retain Crew extensions or use existing Crew integration seams; supporting review evidence is attached.,desktop/tests/e2e/empty-edit-delete.spec.ts;plans/reports/reviewer-260905-coverage-audit.md;plans/reports/reviewer-20260905-final-desktop-reconciliation.md,"Final-source audit: 0 target-exact, 1 adapted, 0 intentional Crew/mapped paths. Source coverage and local just ci/dependency-policy gates passed; 10k browser smoke passed; PR #342 Gate/manual passed on 0ef5491f; whole CI cancelled after smoke 3/4 timeouts with failures. Later repairs have local validation; PR342 checks are canonical remote evidence and full NuncioCrew CI including all desktop smoke shards and manual upstream compatibility must pass on the exact head at merge."
13,97b1fee5c3d9ad574196e974b520061fccc47d07,fix(desktop): restore true zoom by scaling the root rem (#6514),04-desktop,preserve Crew zoom; explicit exception,9,desktop/src/app/useWebviewZoomShortcuts.ts;desktop/src/shared/lib/fontSizePreference.test.mjs;desktop/src/shared/lib/fontSizePreference.ts;desktop/src/shared/styles/globals/typography.css;desktop/tailwind.config.js;desktop/tests/e2e/buzz-theme-screenshots.spec.ts;desktop/tests/e2e/inbox-refactor-screenshots.spec.ts;desktop/tests/e2e/profile.spec.ts;desktop/tests/e2e/top-chrome-zoom-clearance.spec.ts,retained-Crew-divergence,Retain Crew text-only keyboard zoom and fixed layout coordinates; all four zoom/font files match pre-integration Crew HEAD. Lightbox image zoom fixes are independently ported. Crew theme coverage replaces the removed Buzz-only theme screenshot spec.,desktop/src/app/useWebviewZoomShortcuts.ts;desktop/src/shared/lib/fontSizePreference.test.mjs;desktop/src/shared/lib/fontSizePreference.ts;desktop/src/shared/styles/globals/typography.css;desktop/tailwind.config.js;intentionally-omitted:desktop/tests/e2e/buzz-theme-screenshots.spec.ts;desktop/tests/e2e/inbox-refactor-screenshots.spec.ts;desktop/tests/e2e/profile.spec.ts;desktop/tests/e2e/top-chrome-zoom-clearance.spec.ts;.github/workflows/nuncio-crew-ci.yml;.github/workflows/nuncio-crew-release.yml;plans/reports/reviewer-260905-coverage-audit.md;plans/reports/reviewer-20260905-final-desktop-reconciliation.md,"Final-source audit: 0 target-exact, 4 adapted, 5 intentional Crew/mapped paths. Source coverage and local just ci/dependency-policy gates passed; 10k browser smoke passed; PR #342 Gate/manual passed on 0ef5491f; whole CI cancelled after smoke 3/4 timeouts with failures. Later repairs have local validation; PR342 checks are canonical remote evidence and full NuncioCrew CI including all desktop smoke shards and manual upstream compatibility must pass on the exact head at merge."
14,694d804b24cd0b97403b3caf159a55ffd1fc3b08,chore(deps): update swatinem/rust-cache digest to 6323deb (#5441),01-toolchain-ci-docs,integrate final released behavior,3,.github/workflows/ci.yml;.github/workflows/mesh-lifecycle.yml;.github/workflows/release.yml,retained-Crew-divergence,Retain NuncioCrew Gate and manual Crew release ownership; upstream-only cache/deployment/security-review lane changes are not activated. Shared production code is evaluated separately.,.github/workflows/ci.yml;.github/workflows/mesh-lifecycle.yml;.github/workflows/release.yml;.github/workflows/nuncio-crew-ci.yml;.github/workflows/nuncio-crew-release.yml;plans/reports/reviewer-260905-coverage-audit.md,"Final-source audit: 0 target-exact, 1 adapted, 2 intentional Crew/mapped paths. Source coverage and local just ci/dependency-policy gates passed; 10k browser smoke passed; PR #342 Gate/manual passed on 0ef5491f; whole CI cancelled after smoke 3/4 timeouts with failures. Later repairs have local validation; PR342 checks are canonical remote evidence and full NuncioCrew CI including all desktop smoke shards and manual upstream compatibility must pass on the exact head at merge."
15,9008a4d1724afbd8dba0fd99e99cd8305b5d2ecb,chore(deps): update ubuntu:24.04 docker digest to 561618e (#5442),01-toolchain-ci-docs,integrate final released behavior,3,.github/workflows/desktop-release-cache-proof.yml;.github/workflows/linux-canary.yml;.github/workflows/release.yml,retained-Crew-divergence,Retain NuncioCrew Gate and manual Crew release ownership; upstream-only cache/deployment/security-review lane changes are not activated. Shared production code is evaluated separately.,.github/workflows/desktop-release-cache-proof.yml;.github/workflows/linux-canary.yml;.github/workflows/release.yml;.github/workflows/nuncio-crew-ci.yml;.github/workflows/nuncio-crew-release.yml;plans/reports/reviewer-260905-coverage-audit.md,"Final-source audit: 0 target-exact, 0 adapted, 3 intentional Crew/mapped paths. Source coverage and local just ci/dependency-policy gates passed; 10k browser smoke passed; PR #342 Gate/manual passed on 0ef5491f; whole CI cancelled after smoke 3/4 timeouts with failures. Later repairs have local validation; PR342 checks are canonical remote evidence and full NuncioCrew CI including all desktop smoke shards and manual upstream compatibility must pass on the exact head at merge."
16,f84511c169cf9a98ac03e9c1acb6bf4d68de5cb8,chore(deps): update dependency @tauri-apps/api to v2.11.1 (#5444),01-toolchain-ci-docs,integrate final released behavior,1,pnpm-lock.yaml,adapted,Final 0.5.22 source for chore(deps): update dependency @tauri-apps/api to v2.11.1 is accounted for at the current paths below. Shared files retain Crew extensions or use existing Crew integration seams; supporting review evidence is attached.,pnpm-lock.yaml;plans/reports/reviewer-260905-coverage-audit.md,"Final-source audit: 0 target-exact, 1 adapted, 0 intentional Crew/mapped paths. Source coverage and local just ci/dependency-policy gates passed; 10k browser smoke passed; PR #342 Gate/manual passed on 0ef5491f; whole CI cancelled after smoke 3/4 timeouts with failures. Later repairs have local validation; PR342 checks are canonical remote evidence and full NuncioCrew CI including all desktop smoke shards and manual upstream compatibility must pass on the exact head at merge."
17,2cef92df676490654f13ebe1de56923b2636123f,chore(deps): update rust crate futures to v0.3.33 (#5445),01-toolchain-ci-docs,integrate final released behavior,1,Cargo.lock,adapted,Final 0.5.22 source for chore(deps): update rust crate futures to v0.3.33 is accounted for at the current paths below. Shared files retain Crew extensions or use existing Crew integration seams; supporting review evidence is attached.,Cargo.lock;plans/reports/reviewer-260905-coverage-audit.md,"Final-source audit: 0 target-exact, 1 adapted, 0 intentional Crew/mapped paths. Source coverage and local just ci/dependency-policy gates passed; 10k browser smoke passed; PR #342 Gate/manual passed on 0ef5491f; whole CI cancelled after smoke 3/4 timeouts with failures. Later repairs have local validation; PR342 checks are canonical remote evidence and full NuncioCrew CI including all desktop smoke shards and manual upstream compatibility must pass on the exact head at merge."
18,d874d67c117e4582cc9549ebe85c942e5e49faf7,chore(deps): update rust crate futures-util to v0.3.33 (#5448),04-desktop,integrate final released behavior,1,desktop/src-tauri/Cargo.lock,adapted,Final 0.5.22 source for chore(deps): update rust crate futures-util to v0.3.33 is accounted for at the current paths below. Shared files retain Crew extensions or use existing Crew integration seams; supporting review evidence is attached.,desktop/src-tauri/Cargo.lock;plans/reports/implementer-260905-native-release-integration.md;plans/reports/reviewer-260905-coverage-audit.md;plans/reports/reviewer-20260905-final-desktop-reconciliation.md,"Final-source audit: 0 target-exact, 1 adapted, 0 intentional Crew/mapped paths. Native tests 3431 passed, 19 ignored; clippy passed. Source coverage and local just ci/dependency-policy gates passed; 10k browser smoke passed; PR #342 Gate/manual passed on 0ef5491f; whole CI cancelled after smoke 3/4 timeouts with failures. Later repairs have local validation; PR342 checks are canonical remote evidence and full NuncioCrew CI including all desktop smoke shards and manual upstream compatibility must pass on the exact head at merge."
19,1a0a27d3586b14fb79ec8e162441e610f8548188,chore(deps): update rust crate http to v1.4.2 (#5451),01-toolchain-ci-docs,integrate final released behavior,1,Cargo.lock,adapted,Final 0.5.22 source for chore(deps): update rust crate http to v1.4.2 is accounted for at the current paths below. Shared files retain Crew extensions or use existing Crew integration seams; supporting review evidence is attached.,Cargo.lock;plans/reports/reviewer-260905-coverage-audit.md,"Final-source audit: 0 target-exact, 1 adapted, 0 intentional Crew/mapped paths. Source coverage and local just ci/dependency-policy gates passed; 10k browser smoke passed; PR #342 Gate/manual passed on 0ef5491f; whole CI cancelled after smoke 3/4 timeouts with failures. Later repairs have local validation; PR342 checks are canonical remote evidence and full NuncioCrew CI including all desktop smoke shards and manual upstream compatibility must pass on the exact head at merge."
20,9390e11c9babeef221aeb0a22cc61a52700d168f,chore(deps): update rust crate http-body-util to v0.1.4 (#5452),01-toolchain-ci-docs,integrate final released behavior,1,Cargo.lock,adapted,Final 0.5.22 source for chore(deps): update rust crate http-body-util to v0.1.4 is accounted for at the current paths below. Shared files retain Crew extensions or use existing Crew integration seams; supporting review evidence is attached.,Cargo.lock;plans/reports/reviewer-260905-coverage-audit.md,"Final-source audit: 0 target-exact, 1 adapted, 0 intentional Crew/mapped paths. Source coverage and local just ci/dependency-policy gates passed; 10k browser smoke passed; PR #342 Gate/manual passed on 0ef5491f; whole CI cancelled after smoke 3/4 timeouts with failures. Later repairs have local validation; PR342 checks are canonical remote evidence and full NuncioCrew CI including all desktop smoke shards and manual upstream compatibility must pass on the exact head at merge."
21,2d93ea095535e42ee3a9933f00a4c0bd5e9e1c67,chore(deps): update dependency sonner to v2.0.8 (#6093),01-toolchain-ci-docs,integrate final released behavior,1,pnpm-lock.yaml,adapted,Final 0.5.22 source for chore(deps): update dependency sonner to v2.0.8 is accounted for at the current paths below. Shared files retain Crew extensions or use existing Crew integration seams; supporting review evidence is attached.,pnpm-lock.yaml;plans/reports/reviewer-260905-coverage-audit.md,"Final-source audit: 0 target-exact, 1 adapted, 0 intentional Crew/mapped paths. Source coverage and local just ci/dependency-policy gates passed; 10k browser smoke passed; PR #342 Gate/manual passed on 0ef5491f; whole CI cancelled after smoke 3/4 timeouts with failures. Later repairs have local validation; PR342 checks are canonical remote evidence and full NuncioCrew CI including all desktop smoke shards and manual upstream compatibility must pass on the exact head at merge."
22,f7942167372501576c9f0f589cf2c166882668bb,chore(deps): update rust crate async-trait to v0.1.92 (#6094),01-toolchain-ci-docs,integrate final released behavior,1,Cargo.lock,adapted,Final 0.5.22 source for chore(deps): update rust crate async-trait to v0.1.92 is accounted for at the current paths below. Shared files retain Crew extensions or use existing Crew integration seams; supporting review evidence is attached.,Cargo.lock;plans/reports/reviewer-260905-coverage-audit.md,"Final-source audit: 0 target-exact, 1 adapted, 0 intentional Crew/mapped paths. Source coverage and local just ci/dependency-policy gates passed; 10k browser smoke passed; PR #342 Gate/manual passed on 0ef5491f; whole CI cancelled after smoke 3/4 timeouts with failures. Later repairs have local validation; PR342 checks are canonical remote evidence and full NuncioCrew CI including all desktop smoke shards and manual upstream compatibility must pass on the exact head at merge."
23,074561233eef71df9690ec22c2a9c5e798c297a7,fix(composer): preserve caret when inserting mentions mid-message (#6531),04-desktop,integrate final released behavior,3,desktop/src/features/messages/lib/mentionHighlightExtension.test.mjs;desktop/src/features/messages/lib/mentionHighlightExtension.ts;desktop/tests/e2e/mentions.spec.ts,adapted,Final 0.5.22 source for fix(composer): preserve caret when inserting mentions mid-message is accounted for at the current paths below. Shared files retain Crew extensions or use existing Crew integration seams; supporting review evidence is attached.,desktop/src/features/messages/lib/mentionHighlightExtension.test.mjs;desktop/src/features/messages/lib/mentionHighlightExtension.ts;desktop/tests/e2e/mentions.spec.ts;plans/reports/implementer-260905-desktop-message-notification-huddle-ports.md;plans/reports/reviewer-260905-coverage-audit.md;plans/reports/reviewer-20260905-final-desktop-reconciliation.md,"Final-source audit: 0 target-exact, 3 adapted, 0 intentional Crew/mapped paths. 1374 message tests and 193 focused integration tests passed at report snapshot. Source coverage and local just ci/dependency-policy gates passed; 10k browser smoke passed; PR #342 Gate/manual passed on 0ef5491f; whole CI cancelled after smoke 3/4 timeouts with failures. Later repairs have local validation; PR342 checks are canonical remote evidence and full NuncioCrew CI including all desktop smoke shards and manual upstream compatibility must pass on the exact head at merge."
24,723affe5d1340896209bf3aca94c7b791bdcf38b,fix(desktop): remove Buzz entity link previews (#6512),04-desktop,integrate final released behavior,11,desktop/src/features/messages/ui/useComposerLinkPreviews.test.mjs;desktop/src/features/messages/ui/useComposerLinkPreviews.tsx;desktop/src/features/projects/hooks.ts;desktop/src/shared/lib/linkPreview.test.mjs;desktop/src/shared/lib/linkPreview.ts;desktop/src/shared/ui/markdown.test.mjs;desktop/src/shared/ui/markdown.tsx;desktop/src/shared/ui/markdown/entityLinks.tsx;desktop/src/shared/ui/markdown/useMessageLinkPreviews.test.mjs;desktop/src/shared/ui/markdown/useMessageLinkPreviews.ts;desktop/tests/e2e/entity-link-recipient-cards.spec.ts,adapted,Final 0.5.22 source for fix(desktop): remove Buzz entity link previews is accounted for at the current paths below. Shared files retain Crew extensions or use existing Crew integration seams; supporting review evidence is attached.,desktop/src/features/messages/ui/useComposerLinkPreviews.test.mjs;desktop/src/features/messages/ui/useComposerLinkPreviews.tsx;desktop/src/features/projects/hooks.ts;desktop/src/shared/lib/linkPreview.test.mjs;desktop/src/shared/lib/linkPreview.ts;desktop/src/shared/ui/markdown.test.mjs;desktop/src/shared/ui/markdown.tsx;desktop/src/shared/ui/markdown/entityLinks.tsx;desktop/src/shared/ui/markdown/useMessageLinkPreviews.test.mjs;desktop/src/shared/ui/markdown/useMessageLinkPreviews.ts;desktop/tests/e2e/entity-link-recipient-cards.spec.ts;plans/reports/260905-projects-release-integration.md;plans/reports/implementer-260905-desktop-message-notification-huddle-ports.md;plans/reports/reviewer-260905-coverage-audit.md;plans/reports/reviewer-20260905-final-desktop-reconciliation.md,"Final-source audit: 4 target-exact, 7 adapted, 0 intentional Crew/mapped paths. 69 focused project tests passed; final renderer gate tracked by coordinator. 1374 message tests and 193 focused integration tests passed at report snapshot. Source coverage and local just ci/dependency-policy gates passed; 10k browser smoke passed; PR #342 Gate/manual passed on 0ef5491f; whole CI cancelled after smoke 3/4 timeouts with failures. Later repairs have local validation; PR342 checks are canonical remote evidence and full NuncioCrew CI including all desktop smoke shards and manual upstream compatibility must pass on the exact head at merge."
25,a2d8be5efa126221c7676f7797555dfb2bf5b0e0,feat(desktop-messages): keep agents addressed across messages (#6315),04-desktop,integrate final released behavior,49,desktop/src-tauri/src/events/message_tags.rs;desktop/src/features/channels/ui/ChannelPane.tsx;desktop/src/features/communities/useCommunityInit.ts;desktop/src/features/forum/ui/ForumComposer.tsx;desktop/src/features/forum/ui/ForumComposerAutocompletes.tsx;desktop/src/features/home/ui/InboxDetailPane.tsx;desktop/src/features/messages/lib/agentAddressMention.d.mts;desktop/src/features/messages/lib/agentAddressMention.mjs;desktop/src/features/messages/lib/agentAddressMention.test.mjs;desktop/src/features/messages/lib/applyEditTagOverlay.mjs;desktop/src/features/messages/lib/applyEditTagOverlay.test.mjs;desktop/src/features/messages/lib/autoPinMentionedAgentsPreference.test.mjs;desktop/src/features/messages/lib/autoPinMentionedAgentsPreference.ts;desktop/src/features/messages/lib/extractMentionPersonas.ts;desktop/src/features/messages/lib/persistentAgentAudience.test.mjs;desktop/src/features/messages/lib/persistentAgentAudience.ts;desktop/src/features/messages/lib/useMentionSelection.ts;desktop/src/features/messages/lib/useMentions.ts;desktop/src/features/messages/ui/ComposerAddressControls.test.mjs;desktop/src/features/messages/ui/ComposerAddressControls.tsx;desktop/src/features/messages/ui/MentionAutocomplete.test.mjs;desktop/src/features/messages/ui/MentionAutocomplete.tsx;desktop/src/features/messages/ui/MessageAgentAddressPrefix.tsx;desktop/src/features/messages/ui/MessageComposer.tsx;desktop/src/features/messages/ui/MessageComposer.types.ts;desktop/src/features/messages/ui/MessageComposerToolbar.tsx;desktop/src/features/messages/ui/MessageRow.tsx;desktop/src/features/messages/ui/MessageThreadPanel.tsx;desktop/src/features/messages/ui/composerAgentKeyboard.test.mjs;desktop/src/features/messages/ui/persistentAgentAudienceHosts.test.mjs;desktop/src/features/messages/ui/useAddressMentionPulse.test.mjs;desktop/src/features/messages/ui/useAddressMentionPulse.ts;desktop/src/features/messages/ui/useAgentAddressLockPicker.test.mjs;desktop/src/features/messages/ui/useAgentAddressLockPicker.ts;desktop/src/features/messages/ui/useAlwaysAddressShortcut.ts;desktop/src/features/messages/ui/useAutoPinMentionedAgents.ts;desktop/src/features/messages/ui/useComposerMentionPicker.ts;desktop/src/features/messages/ui/useMentionSendFlow.helpers.test.mjs;desktop/src/features/messages/ui/useMentionSendFlow.helpers.ts;desktop/src/features/messages/ui/useMentionSendFlow.ts;desktop/src/features/messages/ui/usePersistentAgentMentionHydration.ts;desktop/src/features/settings/ui/AgentsSettingsPanel.tsx;desktop/src/features/settings/ui/PreventSleepSettingsCard.tsx;desktop/src/shared/lib/keyboard-shortcuts.ts;desktop/src/shared/ui/VideoReviewCommentMarkdown.tsx;desktop/tests/e2e/mentions.spec.ts;desktop/tests/e2e/persistent-agent-audience.spec.ts;desktop/tests/e2e/profile.spec.ts;desktop/tests/e2e/send-channel-binding.spec.ts,adapted,Final 0.5.22 source for feat(desktop-messages): keep agents addressed across messages is accounted for at the current paths below. Shared files retain Crew extensions or use existing Crew integration seams; supporting review evidence is attached.,desktop/src-tauri/src/events/message_tags.rs;desktop/src/features/channels/ui/ChannelPane.tsx;desktop/src/features/communities/useCommunityInit.ts;desktop/src/features/forum/ui/ForumComposer.tsx;desktop/src/features/forum/ui/ForumComposerAutocompletes.tsx;desktop/src/features/home/ui/InboxDetailPane.tsx;desktop/src/features/messages/lib/agentAddressMention.d.mts;desktop/src/features/messages/lib/agentAddressMention.mjs;desktop/src/features/messages/lib/agentAddressMention.test.mjs;desktop/src/features/messages/lib/applyEditTagOverlay.mjs;desktop/src/features/messages/lib/applyEditTagOverlay.test.mjs;desktop/src/features/messages/lib/autoPinMentionedAgentsPreference.test.mjs;desktop/src/features/messages/lib/autoPinMentionedAgentsPreference.ts;desktop/src/features/messages/lib/extractMentionPersonas.ts;desktop/src/features/messages/lib/persistentAgentAudience.test.mjs;desktop/src/features/messages/lib/persistentAgentAudience.ts;desktop/src/features/messages/lib/useMentionSelection.ts;desktop/src/features/messages/lib/useMentions.ts;desktop/src/features/messages/ui/ComposerAddressControls.test.mjs;desktop/src/features/messages/ui/ComposerAddressControls.tsx;desktop/src/features/messages/ui/MentionAutocomplete.test.mjs;desktop/src/features/messages/ui/MentionAutocomplete.tsx;desktop/src/features/messages/ui/MessageAgentAddressPrefix.tsx;desktop/src/features/messages/ui/MessageComposer.tsx;desktop/src/features/messages/ui/MessageComposer.types.ts;desktop/src/features/messages/ui/MessageComposerToolbar.tsx;desktop/src/features/messages/ui/MessageRow.tsx;desktop/src/features/messages/ui/MessageThreadPanel.tsx;desktop/src/features/messages/ui/composerAgentKeyboard.test.mjs;desktop/src/features/messages/ui/persistentAgentAudienceHosts.test.mjs;desktop/src/features/messages/ui/useAddressMentionPulse.test.mjs;desktop/src/features/messages/ui/useAddressMentionPulse.ts;desktop/src/features/messages/ui/useAgentAddressLockPicker.test.mjs;desktop/src/features/messages/ui/useAgentAddressLockPicker.ts;desktop/src/features/messages/ui/useAlwaysAddressShortcut.ts;desktop/src/features/messages/ui/useAutoPinMentionedAgents.ts;desktop/src/features/messages/ui/useComposerMentionPicker.ts;desktop/src/features/messages/ui/useMentionSendFlow.helpers.test.mjs;desktop/src/features/messages/ui/useMentionSendFlow.helpers.ts;desktop/src/features/messages/ui/useMentionSendFlow.ts;final-target-deleted:desktop/src/features/messages/ui/usePersistentAgentMentionHydration.ts;desktop/src/features/settings/ui/AgentsSettingsPanel.tsx;desktop/src/features/settings/ui/PreventSleepSettingsCard.tsx;desktop/src/shared/lib/keyboard-shortcuts.ts;desktop/src/shared/ui/VideoReviewCommentMarkdown.tsx;desktop/tests/e2e/mentions.spec.ts;desktop/tests/e2e/persistent-agent-audience.spec.ts;desktop/tests/e2e/profile.spec.ts;desktop/tests/e2e/send-channel-binding.spec.ts;plans/reports/implementer-260905-native-release-integration.md;plans/reports/implementer-260905-desktop-message-notification-huddle-ports.md;plans/reports/reviewer-260905-coverage-audit.md;plans/reports/reviewer-20260905-final-desktop-reconciliation.md,"Final-source audit: 27 target-exact, 22 adapted, 0 intentional Crew/mapped paths. Native tests 3431 passed, 19 ignored; clippy passed. 1374 message tests and 193 focused integration tests passed at report snapshot. Source coverage and local just ci/dependency-policy gates passed; 10k browser smoke passed; PR #342 Gate/manual passed on 0ef5491f; whole CI cancelled after smoke 3/4 timeouts with failures. Later repairs have local validation; PR342 checks are canonical remote evidence and full NuncioCrew CI including all desktop smoke shards and manual upstream compatibility must pass on the exact head at merge."
26,8c0f42e187ca82d701251fc849217530178ebace,Add mobile Huddles voice MVP (#6056),01-toolchain-ci-docs;02-shared-substrate;04-desktop;04-mobile,integrate final released behavior,92,crates/buzz-relay/src/audio/handler.rs;crates/buzz-relay/src/audio/join.rs;crates/buzz-relay/src/audio/mesh.rs;crates/buzz-relay/src/audio/room.rs;crates/buzz-relay/src/handlers/ingest.rs;desktop/src-tauri/src/huddle/agent_tts_publisher.rs;desktop/src-tauri/src/huddle/mod.rs;desktop/src-tauri/src/huddle/pipeline.rs;desktop/src-tauri/src/huddle/playout.rs;desktop/src-tauri/src/huddle/relay_api.rs;desktop/src-tauri/src/huddle/state.rs;desktop/src-tauri/src/huddle/stt.rs;desktop/src-tauri/src/huddle/stt_tests.rs;desktop/src-tauri/src/huddle/transcription.rs;desktop/src-tauri/src/huddle/tts.rs;desktop/src-tauri/src/huddle/tts_append.rs;desktop/src-tauri/src/huddle/tts_broadcast.rs;desktop/src-tauri/src/huddle/tts_pipeline_controls.rs;desktop/src-tauri/src/huddle/tts_speaker_cancellation.rs;desktop/src-tauri/src/huddle/tts_tests.rs;desktop/src-tauri/src/huddle/tts_voice_selection_tests.rs;desktop/src-tauri/src/huddle/wire.rs;desktop/src/features/huddle/components/HuddleBar.tsx;desktop/src/features/huddle/components/HuddleIndicator.tsx;desktop/src/features/huddle/components/HuddleRoomHeader.tsx;desktop/src/features/huddle/hooks/useHuddleParticipantRoster.test.mjs;desktop/src/features/huddle/hooks/useHuddleParticipantRoster.ts;mobile/HUDDLES.md;mobile/README.md;mobile/analysis_options.yaml;mobile/android/app/build.gradle.kts;mobile/android/app/src/main/AndroidManifest.xml;mobile/android/app/src/main/kotlin/xyz/block/buzz/mobile/HuddleAudioEngine.kt;mobile/android/app/src/main/kotlin/xyz/block/buzz/mobile/HuddleMediaPlugin.kt;mobile/android/app/src/main/kotlin/xyz/block/buzz/mobile/MainActivity.kt;mobile/android/app/src/test/kotlin/xyz/block/buzz/mobile/HuddleActiveTalkerSelectorTest.kt;mobile/android/gradle.properties;mobile/ios/Runner.xcodeproj/project.pbxproj;mobile/ios/Runner/AppDelegate.swift;mobile/ios/Runner/ConcentricSheetSurface.swift;mobile/ios/Runner/HuddleAudioEngine.swift;mobile/ios/Runner/HuddleMediaPlugin.swift;mobile/ios/Runner/Info.plist;mobile/ios/RunnerTests/RunnerTests.swift;mobile/lib/app.dart;mobile/lib/features/channels/channel_detail_page.dart;mobile/lib/features/channels/channel_detail_page/huddle_call_avatar.dart;mobile/lib/features/channels/channel_detail_page/huddle_call_controls.dart;mobile/lib/features/channels/channel_detail_page/huddle_call_participants.dart;mobile/lib/features/channels/channel_detail_page/huddle_drawer.dart;mobile/lib/features/channels/channel_detail_page/huddle_reactions.dart;mobile/lib/features/channels/channel_detail_page/huddle_sheet.dart;mobile/lib/features/channels/channel_detail_page/message_list.dart;mobile/lib/features/channels/channel_detail_page/system_rows.dart;mobile/lib/features/channels/channel_huddle_actions.dart;mobile/lib/features/channels/channel_management_provider.dart;mobile/lib/features/channels/channels_provider.dart;mobile/lib/features/channels/huddle_channel_filter.dart;mobile/lib/features/channels/mobile_huddle_controller.dart;mobile/lib/features/channels/timeline_message.dart;mobile/lib/shared/auth/auth_provider.dart;mobile/lib/shared/community/community_provider.dart;mobile/lib/shared/emoji/emoji_burst.dart;mobile/lib/shared/huddle/huddle.dart;mobile/lib/shared/huddle/huddle_auth.dart;mobile/lib/shared/huddle/huddle_media.dart;mobile/lib/shared/huddle/huddle_session.dart;mobile/lib/shared/huddle/huddle_transport.dart;mobile/lib/shared/huddle/huddle_wire.dart;mobile/lib/shared/profile/user_cache_provider.dart;mobile/lib/shared/relay/nostr_filters.dart;mobile/lib/shared/relay/nostr_models.dart;mobile/lib/shared/relay/relay_session.dart;mobile/lib/shared/theme/app_colors.dart;mobile/lib/shared/theme/app_theme.dart;mobile/lib/shared/widgets/concentric_sheet_surface.dart;mobile/test/features/channels/channel_detail_page_test.dart;mobile/test/features/channels/channel_management_provider_test.dart;mobile/test/features/channels/channel_messages_provider_test.dart;mobile/test/features/channels/channels_provider_test.dart;mobile/test/features/channels/timeline_message_test.dart;mobile/test/shared/auth/auth_provider_test.dart;mobile/test/shared/community/community_provider_test.dart;mobile/test/shared/huddle/huddle_media_test.dart;mobile/test/shared/huddle/huddle_session_test.dart;mobile/test/shared/huddle/huddle_transport_test.dart;mobile/test/shared/huddle/huddle_wire_test.dart;mobile/test/shared/mentions/agent_identity_provider_test.dart;mobile/test/shared/theme/app_theme_test.dart;mobile/test/shared/widgets/modal_presentation_test.dart;scripts/mobile-worktree-overrides.sh;scripts/test-mobile-worktree-overrides.sh,adapted,Final 0.5.22 source for Add mobile Huddles voice MVP is accounted for at the current paths below. Shared files retain Crew extensions or use existing Crew integration seams; supporting review evidence is attached.,crates/buzz-relay/src/audio/handler.rs;crates/buzz-relay/src/audio/join.rs;crates/buzz-relay/src/audio/mesh.rs;crates/buzz-relay/src/audio/room.rs;crates/buzz-relay/src/handlers/ingest.rs;desktop/src-tauri/src/huddle/agent_tts_publisher.rs;desktop/src-tauri/src/huddle/mod.rs;desktop/src-tauri/src/huddle/pipeline.rs;desktop/src-tauri/src/huddle/playout.rs;desktop/src-tauri/src/huddle/relay_api.rs;desktop/src-tauri/src/huddle/state.rs;desktop/src-tauri/src/huddle/stt.rs;desktop/src-tauri/src/huddle/stt_tests.rs;desktop/src-tauri/src/huddle/transcription.rs;desktop/src-tauri/src/huddle/tts.rs;desktop/src-tauri/src/huddle/tts_append.rs;desktop/src-tauri/src/huddle/tts_broadcast.rs;desktop/src-tauri/src/huddle/tts_pipeline_controls.rs;desktop/src-tauri/src/huddle/tts_speaker_cancellation.rs;desktop/src-tauri/src/huddle/tts_tests.rs;desktop/src-tauri/src/huddle/tts_voice_selection_tests.rs;desktop/src-tauri/src/huddle/wire.rs;desktop/src/features/huddle/components/HuddleBar.tsx;desktop/src/features/huddle/components/HuddleIndicator.tsx;desktop/src/features/huddle/components/HuddleRoomHeader.tsx;desktop/src/features/huddle/hooks/useHuddleParticipantRoster.test.mjs;desktop/src/features/huddle/hooks/useHuddleParticipantRoster.ts;mobile/HUDDLES.md;mobile/README.md;mobile/analysis_options.yaml;mobile/android/app/build.gradle.kts;mobile/android/app/src/main/AndroidManifest.xml;mobile/android/app/src/main/kotlin/xyz/block/buzz/mobile/HuddleAudioEngine.kt;mobile/android/app/src/main/kotlin/xyz/block/buzz/mobile/HuddleMediaPlugin.kt;mobile/android/app/src/main/kotlin/xyz/block/buzz/mobile/MainActivity.kt;mobile/android/app/src/test/kotlin/xyz/block/buzz/mobile/HuddleActiveTalkerSelectorTest.kt;mobile/android/gradle.properties;mobile/ios/Runner.xcodeproj/project.pbxproj;mobile/ios/Runner/AppDelegate.swift;mobile/ios/Runner/ConcentricSheetSurface.swift;mobile/ios/Runner/HuddleAudioEngine.swift;mobile/ios/Runner/HuddleMediaPlugin.swift;mobile/ios/Runner/Info.plist;mobile/ios/RunnerTests/RunnerTests.swift;mobile/lib/app.dart;mobile/lib/features/channels/channel_detail_page.dart;mobile/lib/features/channels/channel_detail_page/huddle_call_avatar.dart;mobile/lib/features/channels/channel_detail_page/huddle_call_controls.dart;mobile/lib/features/channels/channel_detail_page/huddle_call_participants.dart;mobile/lib/features/channels/channel_detail_page/huddle_drawer.dart;mobile/lib/features/channels/channel_detail_page/huddle_reactions.dart;mobile/lib/features/channels/channel_detail_page/huddle_sheet.dart;mobile/lib/features/channels/channel_detail_page/message_list.dart;mobile/lib/features/channels/channel_detail_page/system_rows.dart;mobile/lib/features/channels/channel_huddle_actions.dart;mobile/lib/features/channels/channel_management_provider.dart;mobile/lib/features/channels/channels_provider.dart;mobile/lib/features/channels/huddle_channel_filter.dart;mobile/lib/features/channels/mobile_huddle_controller.dart;mobile/lib/features/channels/timeline_message.dart;mobile/lib/shared/auth/auth_provider.dart;mobile/lib/shared/community/community_provider.dart;mobile/lib/shared/emoji/emoji_burst.dart;mobile/lib/shared/huddle/huddle.dart;mobile/lib/shared/huddle/huddle_auth.dart;mobile/lib/shared/huddle/huddle_media.dart;mobile/lib/shared/huddle/huddle_session.dart;mobile/lib/shared/huddle/huddle_transport.dart;mobile/lib/shared/huddle/huddle_wire.dart;mobile/lib/shared/profile/user_cache_provider.dart;mobile/lib/shared/relay/nostr_filters.dart;mobile/lib/shared/relay/nostr_models.dart;mobile/lib/shared/relay/relay_session.dart;mobile/lib/shared/theme/app_colors.dart;mobile/lib/shared/theme/app_theme.dart;mobile/lib/shared/widgets/concentric_sheet_surface.dart;mobile/test/features/channels/channel_detail_page_test.dart;mobile/test/features/channels/channel_management_provider_test.dart;mobile/test/features/channels/channel_messages_provider_test.dart;mobile/test/features/channels/channels_provider_test.dart;mobile/test/features/channels/timeline_message_test.dart;mobile/test/shared/auth/auth_provider_test.dart;mobile/test/shared/community/community_provider_test.dart;mobile/test/shared/huddle/huddle_media_test.dart;mobile/test/shared/huddle/huddle_session_test.dart;mobile/test/shared/huddle/huddle_transport_test.dart;mobile/test/shared/huddle/huddle_wire_test.dart;mobile/test/shared/mentions/agent_identity_provider_test.dart;mobile/test/shared/theme/app_theme_test.dart;mobile/test/shared/widgets/modal_presentation_test.dart;scripts/mobile-worktree-overrides.sh;scripts/test-mobile-worktree-overrides.sh;plans/reports/implementer-260905-native-release-integration.md;plans/reports/implementer-260905-desktop-message-notification-huddle-ports.md;plans/reports/260905-substrate-integration.md;plans/reports/reviewer-260905-coverage-audit.md;plans/reports/reviewer-20260905-final-desktop-reconciliation.md,"Final-source audit: 85 target-exact, 7 adapted, 0 intentional Crew/mapped paths. Native tests 3431 passed, 19 ignored; clippy passed. Huddle focused tests and TypeScript passed at report snapshot. Relay integration and isolated PostgreSQL regressions recorded in substrate evidence. Source coverage and local just ci/dependency-policy gates passed; 10k browser smoke passed; PR #342 Gate/manual passed on 0ef5491f; whole CI cancelled after smoke 3/4 timeouts with failures. Later repairs have local validation; PR342 checks are canonical remote evidence and full NuncioCrew CI including all desktop smoke shards and manual upstream compatibility must pass on the exact head at merge."
27,f99532585a0715bac73b4a6361a9b4966bdb5095,refactor(acp): clarify agent prompt sections (#6501),03-agent-runtime;03-managed-agents,integrate final released behavior,8,crates/buzz-acp/src/config.rs;crates/buzz-acp/src/lib.rs;crates/buzz-acp/src/pool.rs;crates/buzz-acp/src/queue.rs;desktop/src/features/agents/ui/PersonaCatalogDialog.tsx;desktop/src/features/agents/ui/agentSessionTranscript.ts;desktop/src/features/agents/ui/agentSessionTranscriptHelpers.test.mjs;desktop/src/features/agents/ui/agentSessionTranscriptHelpers.ts,adapted,Final 0.5.22 source for refactor(acp): clarify agent prompt sections is accounted for at the current paths below. Shared files retain Crew extensions or use existing Crew integration seams; supporting review evidence is attached.,crates/buzz-acp/src/config.rs;crates/buzz-acp/src/lib.rs;crates/buzz-acp/src/pool.rs;crates/buzz-acp/src/queue.rs;final-target-deleted:desktop/src/features/agents/ui/PersonaCatalogDialog.tsx;desktop/src/features/agents/ui/agentSessionTranscript.ts;desktop/src/features/agents/ui/agentSessionTranscriptHelpers.test.mjs;desktop/src/features/agents/ui/agentSessionTranscriptHelpers.ts;plans/reports/implementer-260905-acp-priority-ports.md;/tmp/crew-profile-agent-final-tests.log;plans/reports/reviewer-260905-coverage-audit.md;plans/reports/reviewer-20260905-final-desktop-reconciliation.md,"Final-source audit: 3 target-exact, 5 adapted, 0 intentional Crew/mapped paths. 1175 ACP library tests, 14 integration tests, 6 PostgreSQL regressions passed. 1170 scoped profile/agent tests passed; scoped TypeScript clean. Source coverage and local just ci/dependency-policy gates passed; 10k browser smoke passed; PR #342 Gate/manual passed on 0ef5491f; whole CI cancelled after smoke 3/4 timeouts with failures. Later repairs have local validation; PR342 checks are canonical remote evidence and full NuncioCrew CI including all desktop smoke shards and manual upstream compatibility must pass on the exact head at merge."
28,040b203f73576e15ef749b0ff0ee6243f06a5c48,perf(desktop): make the Projects surface render-cheap (#6460),04-desktop,integrate final released behavior,12,desktop/src/features/profile/ui/UserProfilePopover.tsx;desktop/src/features/projects/ui/ProjectCards.tsx;desktop/src/features/projects/ui/ProjectsActivityFeed.tsx;desktop/src/features/projects/ui/ProjectsIssuesList.tsx;desktop/src/features/projects/ui/ProjectsOverviewItems.tsx;desktop/src/features/projects/ui/ProjectsOverviewPanel.tsx;desktop/src/features/projects/ui/ProjectsPullRequestsList.tsx;desktop/src/features/projects/ui/ProjectsView.tsx;desktop/src/features/projects/ui/RepositoryCards.tsx;desktop/src/features/projects/ui/projectsViewWorkItems.ts;desktop/src/shared/hooks/useIncrementalMount.test.mjs;desktop/src/shared/hooks/useIncrementalMount.ts,adapted,Final 0.5.22 source for perf(desktop): make the Projects surface render-cheap is accounted for at the current paths below. Shared files retain Crew extensions or use existing Crew integration seams; supporting review evidence is attached.,desktop/src/features/profile/ui/UserProfilePopover.tsx;desktop/src/features/projects/ui/ProjectCards.tsx;desktop/src/features/projects/ui/ProjectsActivityFeed.tsx;desktop/src/features/projects/ui/ProjectsIssuesList.tsx;desktop/src/features/projects/ui/ProjectsOverviewItems.tsx;desktop/src/features/projects/ui/ProjectsOverviewPanel.tsx;desktop/src/features/projects/ui/ProjectsPullRequestsList.tsx;desktop/src/features/projects/ui/ProjectsView.tsx;desktop/src/features/projects/ui/RepositoryCards.tsx;desktop/src/features/projects/ui/projectsViewWorkItems.ts;desktop/src/shared/hooks/useIncrementalMount.test.mjs;desktop/src/shared/hooks/useIncrementalMount.ts;plans/reports/260905-projects-release-integration.md;/tmp/crew-profile-agent-final-tests.log;plans/reports/reviewer-260905-coverage-audit.md;plans/reports/reviewer-20260905-final-desktop-reconciliation.md,"Final-source audit: 7 target-exact, 5 adapted, 0 intentional Crew/mapped paths. 69 focused project tests passed; final renderer gate tracked by coordinator. 1170 scoped profile/agent tests passed; scoped TypeScript clean. Source coverage and local just ci/dependency-policy gates passed; 10k browser smoke passed; PR #342 Gate/manual passed on 0ef5491f; whole CI cancelled after smoke 3/4 timeouts with failures. Later repairs have local validation; PR342 checks are canonical remote evidence and full NuncioCrew CI including all desktop smoke shards and manual upstream compatibility must pass on the exact head at merge."
29,4baccd5394d6166bb68ff03b24e376e322281a59,Downgrade mobile Huddles to audio protocol v2 (#6558),04-mobile,integrate final released behavior,10,mobile/HUDDLES.md;mobile/android/app/src/main/kotlin/xyz/block/buzz/mobile/HuddleMediaPlugin.kt;mobile/ios/Runner/HuddleMediaPlugin.swift;mobile/lib/shared/huddle/huddle_auth.dart;mobile/lib/shared/huddle/huddle_media.dart;mobile/lib/shared/huddle/huddle_transport.dart;mobile/lib/shared/huddle/huddle_wire.dart;mobile/test/shared/huddle/huddle_media_test.dart;mobile/test/shared/huddle/huddle_transport_test.dart;mobile/test/shared/huddle/huddle_wire_test.dart,ported,Final 0.5.22 source for Downgrade mobile Huddles to audio protocol v2 is accounted for at the current paths below. Every listed path matches the final target bytes (including final target deletions).,mobile/HUDDLES.md;mobile/android/app/src/main/kotlin/xyz/block/buzz/mobile/HuddleMediaPlugin.kt;mobile/ios/Runner/HuddleMediaPlugin.swift;mobile/lib/shared/huddle/huddle_auth.dart;mobile/lib/shared/huddle/huddle_media.dart;mobile/lib/shared/huddle/huddle_transport.dart;mobile/lib/shared/huddle/huddle_wire.dart;mobile/test/shared/huddle/huddle_media_test.dart;mobile/test/shared/huddle/huddle_transport_test.dart;mobile/test/shared/huddle/huddle_wire_test.dart;plans/reports/reviewer-260905-coverage-audit.md,"Final-source audit: 10 target-exact, 0 adapted, 0 intentional Crew/mapped paths. Source coverage and local just ci/dependency-policy gates passed; 10k browser smoke passed; PR #342 Gate/manual passed on 0ef5491f; whole CI cancelled after smoke 3/4 timeouts with failures. Later repairs have local validation; PR342 checks are canonical remote evidence and full NuncioCrew CI including all desktop smoke shards and manual upstream compatibility must pass on the exact head at merge."
30,e23632941331502c0330e51d407e667bea26ef57,Polish Huddle participant interactions (#6312),04-mobile,integrate final released behavior,9,mobile/lib/features/channels/channel_detail_page.dart;mobile/lib/features/channels/channel_detail_page/huddle_call_avatar.dart;mobile/lib/features/channels/channel_detail_page/huddle_call_controls.dart;mobile/lib/features/channels/channel_detail_page/huddle_call_participants.dart;mobile/lib/features/channels/channel_detail_page/huddle_drawer.dart;mobile/lib/features/channels/channel_detail_page/huddle_participant_cluster.dart;mobile/lib/features/channels/channel_detail_page/huddle_participant_overlay.dart;mobile/lib/features/channels/channel_detail_page/huddle_sheet.dart;mobile/test/features/channels/channel_detail_page_test.dart,adapted,Final 0.5.22 source for Polish Huddle participant interactions is accounted for at the current paths below. Shared files retain Crew extensions or use existing Crew integration seams; supporting review evidence is attached.,mobile/lib/features/channels/channel_detail_page.dart;mobile/lib/features/channels/channel_detail_page/huddle_call_avatar.dart;mobile/lib/features/channels/channel_detail_page/huddle_call_controls.dart;mobile/lib/features/channels/channel_detail_page/huddle_call_participants.dart;mobile/lib/features/channels/channel_detail_page/huddle_drawer.dart;mobile/lib/features/channels/channel_detail_page/huddle_participant_cluster.dart;mobile/lib/features/channels/channel_detail_page/huddle_participant_overlay.dart;mobile/lib/features/channels/channel_detail_page/huddle_sheet.dart;mobile/test/features/channels/channel_detail_page_test.dart;plans/reports/reviewer-260905-coverage-audit.md,"Final-source audit: 8 target-exact, 1 adapted, 0 intentional Crew/mapped paths. Source coverage and local just ci/dependency-policy gates passed; 10k browser smoke passed; PR #342 Gate/manual passed on 0ef5491f; whole CI cancelled after smoke 3/4 timeouts with failures. Later repairs have local validation; PR342 checks are canonical remote evidence and full NuncioCrew CI including all desktop smoke shards and manual upstream compatibility must pass on the exact head at merge."
31,0720f5380ce8a6c050afac159f8462c06cd51ab5,Downgrade desktop Huddles to audio protocol v2 (#6610),04-desktop,integrate final released behavior,3,desktop/src-tauri/src/huddle/playout.rs;desktop/src-tauri/src/huddle/relay_api.rs;desktop/src-tauri/src/huddle/wire.rs,ported,Final 0.5.22 source for Downgrade desktop Huddles to audio protocol v2 is accounted for at the current paths below. Every listed path matches the final target bytes (including final target deletions).,desktop/src-tauri/src/huddle/playout.rs;desktop/src-tauri/src/huddle/relay_api.rs;desktop/src-tauri/src/huddle/wire.rs;plans/reports/implementer-260905-native-release-integration.md;plans/reports/reviewer-260905-coverage-audit.md;plans/reports/reviewer-20260905-final-desktop-reconciliation.md,"Final-source audit: 3 target-exact, 0 adapted, 0 intentional Crew/mapped paths. Native tests 3431 passed, 19 ignored; clippy passed. Source coverage and local just ci/dependency-policy gates passed; 10k browser smoke passed; PR #342 Gate/manual passed on 0ef5491f; whole CI cancelled after smoke 3/4 timeouts with failures. Later repairs have local validation; PR342 checks are canonical remote evidence and full NuncioCrew CI including all desktop smoke shards and manual upstream compatibility must pass on the exact head at merge."
32,2d280376ad36134cec1f23bead6d866d30bed147,"perf(desktop): persist channel heads, collapse thread reads and reply sends (#6572)",01-toolchain-ci-docs;02-shared-substrate;04-desktop,integrate final released behavior,32,crates/buzz-relay/src/api/bridge.rs;desktop/playwright.config.ts;desktop/src-tauri/src/app_state.rs;desktop/src-tauri/src/channel_head_cache.rs;desktop/src-tauri/src/commands/messages.rs;desktop/src-tauri/src/commands/messages/thread_ref.rs;desktop/src-tauri/src/commands/messages_tests.rs;desktop/src-tauri/src/lib.rs;desktop/src-tauri/src/shutdown.rs;desktop/src/app/App.tsx;desktop/src/app/useAppShellLifecycleEffects.ts;desktop/src/features/channels/ui/ChannelScreen.tsx;desktop/src/features/communities/useCommunities.tsx;desktop/src/features/communities/useCommunityInit.ts;desktop/src/features/messages/hooks.ts;desktop/src/features/messages/lib/channelHeadCache.test.mjs;desktop/src/features/messages/lib/channelHeadCache.ts;desktop/src/features/messages/lib/messageSnapshot.test.mjs;desktop/src/features/messages/lib/messageSnapshot.ts;desktop/src/features/messages/lib/projectChannelWindow.test.mjs;desktop/src/features/messages/lib/projectChannelWindow.ts;desktop/src/features/messages/lib/sendChannelBinding.test.mjs;desktop/src/features/messages/useThreadReplies.test.mjs;desktop/src/features/messages/useThreadReplies.ts;desktop/src/features/profile/hooks.ts;desktop/src/shared/api/tauriChannelHeadCache.ts;desktop/src/shared/api/tauriMessages.ts;desktop/src/testing/e2eBridge.ts;desktop/tests/e2e/channel-head-restart.spec.ts;desktop/tests/e2e/relay-reconnect.spec.ts;desktop/tests/helpers/bridge.ts;docs/bridge-channel-window.md,adapted,"Final 0.5.22 source for perf(desktop): persist channel heads, collapse thread reads and reply sends is accounted for at the current paths below. Shared files retain Crew extensions or use existing Crew integration seams; supporting review evidence is attached.",crates/buzz-relay/src/api/bridge.rs;desktop/playwright.config.ts;desktop/src-tauri/src/app_state.rs;desktop/src-tauri/src/channel_head_cache.rs;desktop/src-tauri/src/commands/messages.rs;desktop/src-tauri/src/commands/messages/thread_ref.rs;desktop/src-tauri/src/commands/messages_tests.rs;desktop/src-tauri/src/lib.rs;desktop/src-tauri/src/shutdown.rs;desktop/src/app/App.tsx;desktop/src/app/useAppShellLifecycleEffects.ts;desktop/src/features/channels/ui/ChannelScreen.tsx;desktop/src/features/communities/useCommunities.tsx;desktop/src/features/communities/useCommunityInit.ts;desktop/src/features/messages/hooks.ts;desktop/src/features/messages/lib/channelHeadCache.test.mjs;desktop/src/features/messages/lib/channelHeadCache.ts;final-target-deleted:desktop/src/features/messages/lib/messageSnapshot.test.mjs;final-target-deleted:desktop/src/features/messages/lib/messageSnapshot.ts;desktop/src/features/messages/lib/projectChannelWindow.test.mjs;desktop/src/features/messages/lib/projectChannelWindow.ts;desktop/src/features/messages/lib/sendChannelBinding.test.mjs;desktop/src/features/messages/useThreadReplies.test.mjs;desktop/src/features/messages/useThreadReplies.ts;desktop/src/features/profile/hooks.ts;desktop/src/shared/api/tauriChannelHeadCache.ts;desktop/src/shared/api/tauriMessages.ts;desktop/src/testing/e2eBridge.ts;desktop/tests/e2e/channel-head-restart.spec.ts;desktop/tests/e2e/relay-reconnect.spec.ts;desktop/tests/helpers/bridge.ts;docs/bridge-channel-window.md;plans/reports/implementer-260905-native-release-integration.md;plans/reports/implementer-260905-desktop-message-notification-huddle-ports.md;plans/reports/260905-substrate-integration.md;/tmp/crew-profile-agent-final-tests.log;plans/reports/reviewer-260905-coverage-audit.md;plans/reports/reviewer-20260905-final-desktop-reconciliation.md,"Final-source audit: 18 target-exact, 14 adapted, 0 intentional Crew/mapped paths. Native tests 3431 passed, 19 ignored; clippy passed. 1374 message tests and 193 focused integration tests passed at report snapshot. Relay integration and isolated PostgreSQL regressions recorded in substrate evidence. 1170 scoped profile/agent tests passed; scoped TypeScript clean. Source coverage and local just ci/dependency-policy gates passed; 10k browser smoke passed; PR #342 Gate/manual passed on 0ef5491f; whole CI cancelled after smoke 3/4 timeouts with failures. Later repairs have local validation; PR342 checks are canonical remote evidence and full NuncioCrew CI including all desktop smoke shards and manual upstream compatibility must pass on the exact head at merge."
33,17af15effac63e6bc5338448326ce52ba4426e5f,fix(desktop): keep member runtime status off the UI thread (#6445),03-managed-agents;04-desktop,integrate final released behavior,3,desktop/src-tauri/src/managed_agents/runtime_commands.rs;desktop/src/features/channels/ui/MembersSidebar.tsx;desktop/tests/e2e/channels.spec.ts,adapted,Final 0.5.22 source for fix(desktop): keep member runtime status off the UI thread is accounted for at the current paths below. Shared files retain Crew extensions or use existing Crew integration seams; supporting review evidence is attached.,desktop/src-tauri/src/managed_agents/runtime_commands.rs;desktop/src/features/channels/ui/MembersSidebar.tsx;desktop/tests/e2e/channels.spec.ts;plans/reports/implementer-260905-native-release-integration.md;plans/reports/reviewer-260905-coverage-audit.md;plans/reports/reviewer-20260905-final-desktop-reconciliation.md,"Final-source audit: 0 target-exact, 3 adapted, 0 intentional Crew/mapped paths. Native tests 3431 passed, 19 ignored; clippy passed. Source coverage and local just ci/dependency-policy gates passed; 10k browser smoke passed; PR #342 Gate/manual passed on 0ef5491f; whole CI cancelled after smoke 3/4 timeouts with failures. Later repairs have local validation; PR342 checks are canonical remote evidence and full NuncioCrew CI including all desktop smoke shards and manual upstream compatibility must pass on the exact head at merge."
34,72ba987c365abb98939153c4d43dde73257c1264,fix(desktop): stabilize members dialog scrolling (#6670),04-desktop,integrate final released behavior,3,desktop/src/features/channels/ui/MembersSidebar.tsx;desktop/src/shared/styles/globals/utilities.css;desktop/tests/e2e/channels.spec.ts,adapted,Final 0.5.22 source for fix(desktop): stabilize members dialog scrolling is accounted for at the current paths below. Shared files retain Crew extensions or use existing Crew integration seams; supporting review evidence is attached.,desktop/src/features/channels/ui/MembersSidebar.tsx;desktop/src/shared/styles/globals/utilities.css;desktop/tests/e2e/channels.spec.ts;plans/reports/reviewer-260905-coverage-audit.md;plans/reports/reviewer-20260905-final-desktop-reconciliation.md,"Final-source audit: 0 target-exact, 3 adapted, 0 intentional Crew/mapped paths. Source coverage and local just ci/dependency-policy gates passed; 10k browser smoke passed; PR #342 Gate/manual passed on 0ef5491f; whole CI cancelled after smoke 3/4 timeouts with failures. Later repairs have local validation; PR342 checks are canonical remote evidence and full NuncioCrew CI including all desktop smoke shards and manual upstream compatibility must pass on the exact head at merge."
35,2f13e30e88e84851e7ad336364dd3cfd547b8c16,fix(desktop): hide selection formatting tray on composer right-click (#6683),04-desktop,integrate final released behavior,2,desktop/src/features/messages/ui/SelectionFormattingTray.tsx;desktop/tests/e2e/composer-selection-formatting.spec.ts,adapted,Final 0.5.22 source for fix(desktop): hide selection formatting tray on composer right-click is accounted for at the current paths below. Every listed path matches the final target bytes (including final target deletions).,desktop/src/features/messages/ui/SelectionFormattingTray.tsx;desktop/tests/e2e/composer-selection-formatting.spec.ts;plans/reports/implementer-260905-desktop-message-notification-huddle-ports.md;plans/reports/reviewer-260905-coverage-audit.md;plans/reports/reviewer-20260905-final-desktop-reconciliation.md,"Final-source audit: 1 target-exact, 1 adapted, 0 intentional Crew/mapped paths. 1374 message tests and 193 focused integration tests passed at report snapshot. Source coverage and local just ci/dependency-policy gates passed; 10k browser smoke passed; PR #342 Gate/manual passed on 0ef5491f; whole CI cancelled after smoke 3/4 timeouts with failures. Later repairs have local validation; PR342 checks are canonical remote evidence and full NuncioCrew CI including all desktop smoke shards and manual upstream compatibility must pass on the exact head at merge."
36,0e69b3fd7c44c09da62e2c4e89fdb4a26e666869,show mention counts in channel notifications (#6696),04-desktop,integrate final released behavior,7,desktop/src/features/channels/useUnreadChannels.ts;desktop/src/features/sidebar/ui/SidebarSection.tsx;desktop/src/shared/styles/globals/markdown.css;desktop/src/shared/styles/globals/theme.css;desktop/tailwind.config.js;desktop/tests/e2e/badge.spec.ts;desktop/tests/e2e/mentions.spec.ts,adapted,Final 0.5.22 source for show mention counts in channel notifications is accounted for at the current paths below. Shared files retain Crew extensions or use existing Crew integration seams; supporting review evidence is attached.,desktop/src/features/channels/useUnreadChannels.ts;desktop/src/features/sidebar/ui/SidebarSection.tsx;desktop/src/shared/styles/globals/markdown.css;desktop/src/shared/styles/globals/theme.css;desktop/tailwind.config.js;desktop/tests/e2e/badge.spec.ts;desktop/tests/e2e/mentions.spec.ts;plans/reports/reviewer-260905-coverage-audit.md;plans/reports/reviewer-20260905-final-desktop-reconciliation.md,"Final-source audit: 1 target-exact, 6 adapted, 0 intentional Crew/mapped paths. Source coverage and local just ci/dependency-policy gates passed; 10k browser smoke passed; PR #342 Gate/manual passed on 0ef5491f; whole CI cancelled after smoke 3/4 timeouts with failures. Later repairs have local validation; PR342 checks are canonical remote evidence and full NuncioCrew CI including all desktop smoke shards and manual upstream compatibility must pass on the exact head at merge."
37,26f4c3ed304db2c273f0bd4d2746aa9598f38366,feat(mobile): browse and join open channels (#6243),04-mobile,integrate final released behavior,11,mobile/lib/features/channels/channel.dart;mobile/lib/features/channels/channel_directory.dart;mobile/lib/features/channels/channels_page.dart;mobile/lib/features/channels/channels_page/browse_channels_sheet.dart;mobile/lib/features/channels/channels_page/quick_actions.dart;mobile/lib/features/channels/channels_page/quick_actions_launcher.dart;mobile/lib/features/channels/channels_provider.dart;mobile/lib/features/search/search_page.dart;mobile/test/features/channels/channels_page_test.dart;mobile/test/features/channels/channels_provider_test.dart;mobile/test/features/search/search_page_test.dart,ported,Final 0.5.22 source for feat(mobile): browse and join open channels is accounted for at the current paths below. Every listed path matches the final target bytes (including final target deletions).,mobile/lib/features/channels/channel.dart;mobile/lib/features/channels/channel_directory.dart;mobile/lib/features/channels/channels_page.dart;mobile/lib/features/channels/channels_page/browse_channels_sheet.dart;mobile/lib/features/channels/channels_page/quick_actions.dart;mobile/lib/features/channels/channels_page/quick_actions_launcher.dart;mobile/lib/features/channels/channels_provider.dart;mobile/lib/features/search/search_page.dart;mobile/test/features/channels/channels_page_test.dart;mobile/test/features/channels/channels_provider_test.dart;mobile/test/features/search/search_page_test.dart;plans/reports/reviewer-260905-coverage-audit.md,"Final-source audit: 11 target-exact, 0 adapted, 0 intentional Crew/mapped paths. Source coverage and local just ci/dependency-policy gates passed; 10k browser smoke passed; PR #342 Gate/manual passed on 0ef5491f; whole CI cancelled after smoke 3/4 timeouts with failures. Later repairs have local validation; PR342 checks are canonical remote evidence and full NuncioCrew CI including all desktop smoke shards and manual upstream compatibility must pass on the exact head at merge."
38,01091c15a15d6057d80463dfd828e6e1e4b60743,fix(mobile): recover stale and shuffled messages (#6691),04-mobile,integrate final released behavior,7,mobile/lib/features/channels/channel_event_order.dart;mobile/lib/features/channels/channel_messages_provider.dart;mobile/lib/features/channels/channel_window.dart;mobile/lib/features/channels/thread_replies_provider.dart;mobile/test/features/channels/channel_messages_provider_test.dart;mobile/test/features/channels/channel_window_test.dart;mobile/test/features/channels/thread_replies_provider_test.dart,adapted,Final 0.5.22 source for fix(mobile): recover stale and shuffled messages is accounted for at the current paths below. Shared files retain Crew extensions or use existing Crew integration seams; supporting review evidence is attached.,mobile/lib/features/channels/channel_event_order.dart;mobile/lib/features/channels/channel_messages_provider.dart;mobile/lib/features/channels/channel_window.dart;mobile/lib/features/channels/thread_replies_provider.dart;mobile/test/features/channels/channel_messages_provider_test.dart;mobile/test/features/channels/channel_window_test.dart;mobile/test/features/channels/thread_replies_provider_test.dart;plans/reports/reviewer-260905-coverage-audit.md,"Final-source audit: 4 target-exact, 3 adapted, 0 intentional Crew/mapped paths. Source coverage and local just ci/dependency-policy gates passed; 10k browser smoke passed; PR #342 Gate/manual passed on 0ef5491f; whole CI cancelled after smoke 3/4 timeouts with failures. Later repairs have local validation; PR342 checks are canonical remote evidence and full NuncioCrew CI including all desktop smoke shards and manual upstream compatibility must pass on the exact head at merge."
39,db5617dd1541aeab7bacaf039b6ca98f856776d0,fix(desktop): emit singular `mention` feed category so alerts route correctly (#6665),04-desktop,integrate final released behavior,7,desktop/src-tauri/src/commands/messages.rs;desktop/src-tauri/src/commands/messages_tests.rs;desktop/src-tauri/src/models.rs;desktop/src/features/notifications/lib/sound.test.mjs;desktop/src/features/notifications/lib/sound.ts;desktop/src/shared/api/tauri.ts;desktop/src/testing/e2eBridge.ts,adapted,Final 0.5.22 source for fix(desktop): emit singular `mention` feed category so alerts route correctly is accounted for at the current paths below. Shared files retain Crew extensions or use existing Crew integration seams; supporting review evidence is attached.,desktop/src-tauri/src/commands/messages.rs;desktop/src-tauri/src/commands/messages_tests.rs;desktop/src-tauri/src/models.rs;desktop/src/features/notifications/lib/sound.test.mjs;desktop/src/features/notifications/lib/sound.ts;desktop/src/shared/api/tauri.ts;desktop/src/testing/e2eBridge.ts;plans/reports/implementer-260905-native-release-integration.md;plans/reports/implementer-260905-desktop-message-notification-huddle-ports.md;plans/reports/reviewer-260905-coverage-audit.md;plans/reports/reviewer-20260905-final-desktop-reconciliation.md,"Final-source audit: 4 target-exact, 3 adapted, 0 intentional Crew/mapped paths. Native tests 3431 passed, 19 ignored; clippy passed. Notification integration tests passed at report snapshot. Source coverage and local just ci/dependency-policy gates passed; 10k browser smoke passed; PR #342 Gate/manual passed on 0ef5491f; whole CI cancelled after smoke 3/4 timeouts with failures. Later repairs have local validation; PR342 checks are canonical remote evidence and full NuncioCrew CI including all desktop smoke shards and manual upstream compatibility must pass on the exact head at merge."
40,9f55bf67456be10ff7c8238bf0d9e12e582848f6,fix(desktop): align jump-to-latest pill with composer height (#6606),04-desktop,integrate final released behavior,2,desktop/src/features/messages/ui/MessageTimeline.tsx;desktop/tests/e2e/smoke.spec.ts,adapted,Final 0.5.22 source for fix(desktop): align jump-to-latest pill with composer height is accounted for at the current paths below. Shared files retain Crew extensions or use existing Crew integration seams; supporting review evidence is attached.,desktop/src/features/messages/ui/MessageTimeline.tsx;desktop/tests/e2e/smoke.spec.ts;plans/reports/implementer-260905-desktop-message-notification-huddle-ports.md;plans/reports/reviewer-260905-coverage-audit.md;plans/reports/reviewer-20260905-final-desktop-reconciliation.md,"Final-source audit: 0 target-exact, 2 adapted, 0 intentional Crew/mapped paths. 1374 message tests and 193 focused integration tests passed at report snapshot. Source coverage and local just ci/dependency-policy gates passed; 10k browser smoke passed; PR #342 Gate/manual passed on 0ef5491f; whole CI cancelled after smoke 3/4 timeouts with failures. Later repairs have local validation; PR342 checks are canonical remote evidence and full NuncioCrew CI including all desktop smoke shards and manual upstream compatibility must pass on the exact head at merge."
41,a0298539f7043cd0f2d961030e60cc0fd82970b1,Add mobile profile editing (#6583),04-mobile,integrate final released behavior,71,mobile/ios/Podfile.lock;mobile/ios/Runner.xcodeproj/project.pbxproj;mobile/ios/Runner/AppDelegate.swift;mobile/ios/Runner/Info.plist;mobile/ios/Runner/JumpToLatestGlassButton.swift;mobile/ios/Runner/NativeProfileTextEditor.swift;mobile/ios/Runner/NativeSkinToneControl.swift;mobile/lib/app.dart;mobile/lib/features/activity/activity_page.dart;mobile/lib/features/channels/channel_details_page.dart;mobile/lib/features/channels/channels_page.dart;mobile/lib/features/invites/invite_create_page.dart;mobile/lib/features/profile/animated_avatar_capture.dart;mobile/lib/features/profile/animated_avatar_capture/capture_controls.dart;mobile/lib/features/profile/animated_avatar_capture/error_text.dart;mobile/lib/features/profile/animated_avatar_capture/frame_processing.dart;mobile/lib/features/profile/animated_avatar_capture/review_controls.dart;mobile/lib/features/profile/animated_avatar_orientation.dart;mobile/lib/features/profile/avatar_background_grid.dart;mobile/lib/features/profile/avatar_editor_option_button.dart;mobile/lib/features/profile/emoji_avatar_tile.dart;mobile/lib/features/profile/ios_profile_text_editor.dart;mobile/lib/features/profile/profile_avatar_crop_page.dart;mobile/lib/features/profile/profile_avatar_draft.dart;mobile/lib/features/profile/profile_avatar_editor.dart;mobile/lib/features/profile/profile_avatar_editor/emoji_avatar_picker.dart;mobile/lib/features/profile/profile_edit_page.dart;mobile/lib/features/profile/profile_provider.dart;mobile/lib/features/profile/profile_text_edit_sheet.dart;mobile/lib/features/profile/profile_text_editor.dart;mobile/lib/features/search/search_page.dart;mobile/lib/features/settings/accent_picker_page.dart;mobile/lib/features/settings/settings_page.dart;mobile/lib/features/settings/settings_page/connection_section.dart;mobile/lib/features/settings/theme_picker_page.dart;mobile/lib/shared/animated_avatar.dart;mobile/lib/shared/emoji/emoji_avatar.dart;mobile/lib/shared/emoji/native_emoji_glyph.dart;mobile/lib/shared/profile/user_cache_provider.dart;mobile/lib/shared/relay/media_upload.dart;mobile/lib/shared/relay/media_upload/platform_bindings.dart;mobile/lib/shared/relay/nostr_models.dart;mobile/lib/shared/widgets/app_list.dart;mobile/lib/shared/widgets/avatar_image.dart;mobile/lib/shared/widgets/buzz_sheet_header.dart;mobile/lib/shared/widgets/frosted_app_bar.dart;mobile/lib/shared/widgets/immediate_page_route.dart;mobile/lib/shared/widgets/ios_glass_navigation_action.dart;mobile/lib/shared/widgets/ios_native_segmented_control.dart;mobile/lib/shared/widgets/ios_native_skin_tone_control.dart;mobile/lib/shared/widgets/playing_avatar_image.dart;mobile/pubspec.lock;mobile/pubspec.yaml;mobile/test/features/activity/activity_page_test.dart;mobile/test/features/channels/channel_detail_page_test.dart;mobile/test/features/channels/channels_page_test.dart;mobile/test/features/profile/animated_avatar_capture_test.dart;mobile/test/features/profile/profile_avatar_draft_test.dart;mobile/test/features/profile/profile_edit_page_test.dart;mobile/test/features/profile/profile_edit_page_test/image_selection_tests.dart;mobile/test/features/profile/profile_edit_page_test/motion_and_accessibility_tests.dart;mobile/test/features/profile/profile_edit_retry_test.dart;mobile/test/features/profile/profile_provider_test.dart;mobile/test/features/profile/settings_profile_header_test.dart;mobile/test/features/search/search_page_test.dart;mobile/test/features/settings/connection_section_test.dart;mobile/test/features/settings/settings_page_test.dart;mobile/test/shared/animated_avatar_test.dart;mobile/test/shared/emoji/native_emoji_glyph_test.dart;mobile/test/shared/widgets/avatar_image_test.dart;mobile/test/shared/widgets/frosted_app_bar_test.dart,adapted,Final 0.5.22 source for Add mobile profile editing is accounted for at the current paths below. Shared files retain Crew extensions or use existing Crew integration seams; supporting review evidence is attached.,mobile/ios/Podfile.lock;mobile/ios/Runner.xcodeproj/project.pbxproj;mobile/ios/Runner/AppDelegate.swift;mobile/ios/Runner/Info.plist;mobile/ios/Runner/JumpToLatestGlassButton.swift;mobile/ios/Runner/NativeProfileTextEditor.swift;mobile/ios/Runner/NativeSkinToneControl.swift;mobile/lib/app.dart;mobile/lib/features/activity/activity_page.dart;mobile/lib/features/channels/channel_details_page.dart;mobile/lib/features/channels/channels_page.dart;mobile/lib/features/invites/invite_create_page.dart;mobile/lib/features/profile/animated_avatar_capture.dart;mobile/lib/features/profile/animated_avatar_capture/capture_controls.dart;mobile/lib/features/profile/animated_avatar_capture/error_text.dart;mobile/lib/features/profile/animated_avatar_capture/frame_processing.dart;mobile/lib/features/profile/animated_avatar_capture/review_controls.dart;mobile/lib/features/profile/animated_avatar_orientation.dart;mobile/lib/features/profile/avatar_background_grid.dart;mobile/lib/features/profile/avatar_editor_option_button.dart;mobile/lib/features/profile/emoji_avatar_tile.dart;mobile/lib/features/profile/ios_profile_text_editor.dart;mobile/lib/features/profile/profile_avatar_crop_page.dart;mobile/lib/features/profile/profile_avatar_draft.dart;mobile/lib/features/profile/profile_avatar_editor.dart;mobile/lib/features/profile/profile_avatar_editor/emoji_avatar_picker.dart;mobile/lib/features/profile/profile_edit_page.dart;mobile/lib/features/profile/profile_provider.dart;mobile/lib/features/profile/profile_text_edit_sheet.dart;mobile/lib/features/profile/profile_text_editor.dart;mobile/lib/features/search/search_page.dart;mobile/lib/features/settings/accent_picker_page.dart;mobile/lib/features/settings/settings_page.dart;mobile/lib/features/settings/settings_page/connection_section.dart;mobile/lib/features/settings/theme_picker_page.dart;mobile/lib/shared/animated_avatar.dart;mobile/lib/shared/emoji/emoji_avatar.dart;mobile/lib/shared/emoji/native_emoji_glyph.dart;mobile/lib/shared/profile/user_cache_provider.dart;mobile/lib/shared/relay/media_upload.dart;mobile/lib/shared/relay/media_upload/platform_bindings.dart;mobile/lib/shared/relay/nostr_models.dart;mobile/lib/shared/widgets/app_list.dart;mobile/lib/shared/widgets/avatar_image.dart;mobile/lib/shared/widgets/buzz_sheet_header.dart;mobile/lib/shared/widgets/frosted_app_bar.dart;mobile/lib/shared/widgets/immediate_page_route.dart;mobile/lib/shared/widgets/ios_glass_navigation_action.dart;mobile/lib/shared/widgets/ios_native_segmented_control.dart;mobile/lib/shared/widgets/ios_native_skin_tone_control.dart;mobile/lib/shared/widgets/playing_avatar_image.dart;mobile/pubspec.lock;mobile/pubspec.yaml;mobile/test/features/activity/activity_page_test.dart;mobile/test/features/channels/channel_detail_page_test.dart;mobile/test/features/channels/channels_page_test.dart;mobile/test/features/profile/animated_avatar_capture_test.dart;mobile/test/features/profile/profile_avatar_draft_test.dart;mobile/test/features/profile/profile_edit_page_test.dart;mobile/test/features/profile/profile_edit_page_test/image_selection_tests.dart;mobile/test/features/profile/profile_edit_page_test/motion_and_accessibility_tests.dart;mobile/test/features/profile/profile_edit_retry_test.dart;mobile/test/features/profile/profile_provider_test.dart;mobile/test/features/profile/settings_profile_header_test.dart;mobile/test/features/search/search_page_test.dart;mobile/test/features/settings/connection_section_test.dart;mobile/test/features/settings/settings_page_test.dart;mobile/test/shared/animated_avatar_test.dart;mobile/test/shared/emoji/native_emoji_glyph_test.dart;mobile/test/shared/widgets/avatar_image_test.dart;mobile/test/shared/widgets/frosted_app_bar_test.dart;plans/reports/reviewer-260905-coverage-audit.md,"Final-source audit: 69 target-exact, 2 adapted, 0 intentional Crew/mapped paths. Source coverage and local just ci/dependency-policy gates passed; 10k browser smoke passed; PR #342 Gate/manual passed on 0ef5491f; whole CI cancelled after smoke 3/4 timeouts with failures. Later repairs have local validation; PR342 checks are canonical remote evidence and full NuncioCrew CI including all desktop smoke shards and manual upstream compatibility must pass on the exact head at merge."
42,6eff84d1271eb1b90e07c5a0673343a76a0753fc,fix(mobile): join starter channels after accepting invite (#5915),04-mobile,integrate final released behavior,15,mobile/lib/app.dart;mobile/lib/features/channels/channel_management_actions.dart;mobile/lib/features/channels/channels_provider.dart;mobile/lib/features/channels/deep_link_dispatcher.dart;mobile/lib/features/invites/invite_join_provider.dart;mobile/lib/features/invites/invite_join_sheet.dart;mobile/lib/main.dart;mobile/lib/shared/community/community.dart;mobile/test/features/channels/channel_management_provider_test.dart;mobile/test/features/channels/channels_provider_test.dart;mobile/test/features/channels/compose_bar_test.dart;mobile/test/features/channels/deep_link_dispatcher_test.dart;mobile/test/features/invites/invite_join_provider_test.dart;mobile/test/features/invites/invite_join_sheet_test.dart;mobile/test/shared/community/community_test.dart,adapted,Final 0.5.22 source for fix(mobile): join starter channels after accepting invite is accounted for at the current paths below. Shared files retain Crew extensions or use existing Crew integration seams; supporting review evidence is attached.,mobile/lib/app.dart;mobile/lib/features/channels/channel_management_actions.dart;mobile/lib/features/channels/channels_provider.dart;mobile/lib/features/channels/deep_link_dispatcher.dart;mobile/lib/features/invites/invite_join_provider.dart;mobile/lib/features/invites/invite_join_sheet.dart;mobile/lib/main.dart;mobile/lib/shared/community/community.dart;mobile/test/features/channels/channel_management_provider_test.dart;mobile/test/features/channels/channels_provider_test.dart;mobile/test/features/channels/compose_bar_test.dart;mobile/test/features/channels/deep_link_dispatcher_test.dart;mobile/test/features/invites/invite_join_provider_test.dart;mobile/test/features/invites/invite_join_sheet_test.dart;mobile/test/shared/community/community_test.dart;plans/reports/reviewer-260905-coverage-audit.md,"Final-source audit: 14 target-exact, 1 adapted, 0 intentional Crew/mapped paths. Source coverage and local just ci/dependency-policy gates passed; 10k browser smoke passed; PR #342 Gate/manual passed on 0ef5491f; whole CI cancelled after smoke 3/4 timeouts with failures. Later repairs have local validation; PR342 checks are canonical remote evidence and full NuncioCrew CI including all desktop smoke shards and manual upstream compatibility must pass on the exact head at merge."
43,4bf80978f52981f0035e6c0b86bdf1108bbf64c8,fix(messages): route edits to the owning composer (#6575),04-desktop,integrate final released behavior,28,desktop/src/app/navigation/navigationGuard.test.mjs;desktop/src/app/navigation/navigationGuard.ts;desktop/src/app/navigation/useAppNavigation.ts;desktop/src/app/navigation/useBackForwardControls.ts;desktop/src/app/routes/WorkflowsRouteScreen.tsx;desktop/src/features/channels/ui/ChannelPane.tsx;desktop/src/features/channels/ui/ChannelPane.types.ts;desktop/src/features/channels/ui/ChannelScreen.tsx;desktop/src/features/channels/ui/FocusThreadDrawer.tsx;desktop/src/features/channels/ui/GuardedChannelPane.tsx;desktop/src/features/channels/ui/useChannelAgentSessions.ts;desktop/src/features/channels/ui/useChannelProfilePanel.ts;desktop/src/features/channels/ui/useChannelRouteTarget.ts;desktop/src/features/channels/ui/useChannelTargetReset.ts;desktop/src/features/channels/ui/useHuddleThreadIsolation.test.mjs;desktop/src/features/channels/ui/useHuddleThreadIsolation.ts;desktop/src/features/channels/ui/useNavigationGuard.ts;desktop/src/features/channels/useChannelPaneHandlers.ts;desktop/src/features/home/ui/InboxDetailPane.tsx;desktop/src/features/messages/hooks.ts;desktop/src/features/messages/lib/draftMentionRefs.test.mjs;desktop/src/features/messages/lib/draftMentionRefs.ts;desktop/src/features/messages/ui/MessageActionBar.tsx;desktop/src/features/messages/ui/MessageComposer.types.ts;desktop/src/shared/deep-link.test.mjs;desktop/src/shared/ui/markdown.tsx;desktop/src/shared/useMessageDeepLinks.ts;desktop/tests/e2e/messaging.spec.ts,adapted,Final 0.5.22 source for fix(messages): route edits to the owning composer is accounted for at the current paths below. Shared files retain Crew extensions or use existing Crew integration seams; supporting review evidence is attached.,desktop/src/app/navigation/navigationGuard.test.mjs;desktop/src/app/navigation/navigationGuard.ts;desktop/src/app/navigation/useAppNavigation.ts;desktop/src/app/navigation/useBackForwardControls.ts;desktop/src/app/routes/WorkflowsRouteScreen.tsx;desktop/src/features/channels/ui/ChannelPane.tsx;desktop/src/features/channels/ui/ChannelPane.types.ts;desktop/src/features/channels/ui/ChannelScreen.tsx;desktop/src/features/channels/ui/FocusThreadDrawer.tsx;desktop/src/features/channels/ui/GuardedChannelPane.tsx;desktop/src/features/channels/ui/useChannelAgentSessions.ts;desktop/src/features/channels/ui/useChannelProfilePanel.ts;desktop/src/features/channels/ui/useChannelRouteTarget.ts;desktop/src/features/channels/ui/useChannelTargetReset.ts;desktop/src/features/channels/ui/useHuddleThreadIsolation.test.mjs;desktop/src/features/channels/ui/useHuddleThreadIsolation.ts;desktop/src/features/channels/ui/useNavigationGuard.ts;desktop/src/features/channels/useChannelPaneHandlers.ts;desktop/src/features/home/ui/InboxDetailPane.tsx;desktop/src/features/messages/hooks.ts;desktop/src/features/messages/lib/draftMentionRefs.test.mjs;desktop/src/features/messages/lib/draftMentionRefs.ts;desktop/src/features/messages/ui/MessageActionBar.tsx;desktop/src/features/messages/ui/MessageComposer.types.ts;desktop/src/shared/deep-link.test.mjs;desktop/src/shared/ui/markdown.tsx;desktop/src/shared/useMessageDeepLinks.ts;desktop/tests/e2e/messaging.spec.ts;plans/reports/implementer-260905-desktop-message-notification-huddle-ports.md;plans/reports/reviewer-260905-coverage-audit.md;plans/reports/reviewer-20260905-final-desktop-reconciliation.md,"Final-source audit: 16 target-exact, 12 adapted, 0 intentional Crew/mapped paths. 1374 message tests and 193 focused integration tests passed at report snapshot. Source coverage and local just ci/dependency-policy gates passed; 10k browser smoke passed; PR #342 Gate/manual passed on 0ef5491f; whole CI cancelled after smoke 3/4 timeouts with failures. Later repairs have local validation; PR342 checks are canonical remote evidence and full NuncioCrew CI including all desktop smoke shards and manual upstream compatibility must pass on the exact head at merge."
44,f6e6617a9dcc2308d5039f8afaab974b49fb9577,"fix(desktop): bound thread /query and surface load errors, not false-empty (#6447)",04-desktop,integrate final released behavior,22,desktop/playwright.config.ts;desktop/src-tauri/src/relay.rs;desktop/src-tauri/src/relay/tests.rs;desktop/src/features/channels/ui/ChannelPane.tsx;desktop/src/features/channels/ui/ChannelPane.types.ts;desktop/src/features/channels/ui/ChannelScreen.tsx;desktop/src/features/channels/ui/useHuddleChannelMessages.ts;desktop/src/features/messages/combineThreadRepliesResults.test.mjs;desktop/src/features/messages/lib/threadPanel.ts;desktop/src/features/messages/lib/threadReplyHighlight.test.mjs;desktop/src/features/messages/lib/threadReplyHighlight.ts;desktop/src/features/messages/lib/timelineSnapshot.test.mjs;desktop/src/features/messages/lib/timelineSnapshot.ts;desktop/src/features/messages/ui/MessageThreadPanel.tsx;desktop/src/features/messages/ui/MessageThreadReplyState.test.mjs;desktop/src/features/messages/ui/MessageThreadReplyState.tsx;desktop/src/features/messages/useThreadReplies.ts;desktop/src/features/projects/ui/ProjectConversationPanel.tsx;desktop/src/features/projects/ui/ProjectsAgentPromptPage.tsx;desktop/tests/e2e/huddle-thread-load-failure.spec.ts;desktop/tests/e2e/project-conversation-load-failure.spec.ts;desktop/tests/e2e/thread-load-failure.spec.ts,adapted,"Final 0.5.22 source for fix(desktop): bound thread /query and surface load errors, not false-empty is accounted for at the current paths below. Shared files retain Crew extensions or use existing Crew integration seams; supporting review evidence is attached.",desktop/playwright.config.ts;desktop/src-tauri/src/relay.rs;desktop/src-tauri/src/relay/tests.rs;desktop/src/features/channels/ui/ChannelPane.tsx;desktop/src/features/channels/ui/ChannelPane.types.ts;desktop/src/features/channels/ui/ChannelScreen.tsx;desktop/src/features/channels/ui/useHuddleChannelMessages.ts;desktop/src/features/messages/combineThreadRepliesResults.test.mjs;desktop/src/features/messages/lib/threadPanel.ts;desktop/src/features/messages/lib/threadReplyHighlight.test.mjs;desktop/src/features/messages/lib/threadReplyHighlight.ts;desktop/src/features/messages/lib/timelineSnapshot.test.mjs;desktop/src/features/messages/lib/timelineSnapshot.ts;desktop/src/features/messages/ui/MessageThreadPanel.tsx;desktop/src/features/messages/ui/MessageThreadReplyState.test.mjs;desktop/src/features/messages/ui/MessageThreadReplyState.tsx;desktop/src/features/messages/useThreadReplies.ts;desktop/src/features/projects/ui/ProjectConversationPanel.tsx;desktop/src/features/projects/ui/ProjectsAgentPromptPage.tsx;desktop/tests/e2e/huddle-thread-load-failure.spec.ts;desktop/tests/e2e/project-conversation-load-failure.spec.ts;desktop/tests/e2e/thread-load-failure.spec.ts;plans/reports/implementer-260905-native-release-integration.md;plans/reports/260905-projects-release-integration.md;plans/reports/implementer-260905-desktop-message-notification-huddle-ports.md;plans/reports/reviewer-260905-coverage-audit.md;plans/reports/reviewer-20260905-final-desktop-reconciliation.md,"Final-source audit: 13 target-exact, 9 adapted, 0 intentional Crew/mapped paths. Native tests 3431 passed, 19 ignored; clippy passed. 69 focused project tests passed; final renderer gate tracked by coordinator. 1374 message tests and 193 focused integration tests passed at report snapshot. Source coverage and local just ci/dependency-policy gates passed; 10k browser smoke passed; PR #342 Gate/manual passed on 0ef5491f; whole CI cancelled after smoke 3/4 timeouts with failures. Later repairs have local validation; PR342 checks are canonical remote evidence and full NuncioCrew CI including all desktop smoke shards and manual upstream compatibility must pass on the exact head at merge."
45,f79d346a178408661fcad85122364ac2ad7e9cb2,fix(composer): wrap Buzz chip labels without orphaning icons (#6581),04-desktop,integrate final released behavior,10,desktop/src/features/messages/lib/composerMessageLinkNode.test.mjs;desktop/src/features/messages/lib/composerMessageLinkNode.ts;desktop/src/shared/styles/globals/composer.css;desktop/src/shared/styles/globals/markdown.css;desktop/src/shared/ui/markdown.test.mjs;desktop/src/shared/ui/markdown/BuzzLinkChip.tsx;desktop/src/shared/ui/markdown/useInlineTooltipPosition.test.mjs;desktop/src/shared/ui/markdown/useInlineTooltipPosition.ts;desktop/src/shared/ui/mentionChip.ts;desktop/tests/e2e/navigation.spec.ts,adapted,Final 0.5.22 source for fix(composer): wrap Buzz chip labels without orphaning icons is accounted for at the current paths below. Shared files retain Crew extensions or use existing Crew integration seams; supporting review evidence is attached.,desktop/src/features/messages/lib/composerMessageLinkNode.test.mjs;desktop/src/features/messages/lib/composerMessageLinkNode.ts;desktop/src/shared/styles/globals/composer.css;desktop/src/shared/styles/globals/markdown.css;desktop/src/shared/ui/markdown.test.mjs;desktop/src/shared/ui/markdown/BuzzLinkChip.tsx;desktop/src/shared/ui/markdown/useInlineTooltipPosition.test.mjs;desktop/src/shared/ui/markdown/useInlineTooltipPosition.ts;desktop/src/shared/ui/mentionChip.ts;desktop/tests/e2e/navigation.spec.ts;plans/reports/implementer-260905-desktop-message-notification-huddle-ports.md;plans/reports/reviewer-260905-coverage-audit.md;plans/reports/reviewer-20260905-final-desktop-reconciliation.md,"Final-source audit: 3 target-exact, 7 adapted, 0 intentional Crew/mapped paths. 1374 message tests and 193 focused integration tests passed at report snapshot. Source coverage and local just ci/dependency-policy gates passed; 10k browser smoke passed; PR #342 Gate/manual passed on 0ef5491f; whole CI cancelled after smoke 3/4 timeouts with failures. Later repairs have local validation; PR342 checks are canonical remote evidence and full NuncioCrew CI including all desktop smoke shards and manual upstream compatibility must pass on the exact head at merge."
46,02dc49f0e60f75027e926e33a2d0021f7b4e0cd3,docs(security): route reports through private advisories (#6728),01-toolchain-ci-docs,integrate final released behavior,4,.github/ISSUE_TEMPLATE/bug-report.md;.github/ISSUE_TEMPLATE/config.yml;CONTRIBUTING.md;SECURITY.md,adapted,"Adapt security policy to Nuncio-hq/crew. Live API reports private vulnerability reporting disabled; publish no invented contact or SLA, and point issue templates to SECURITY.md pending maintainer setup.",.github/ISSUE_TEMPLATE/bug-report.md;.github/ISSUE_TEMPLATE/config.yml;CONTRIBUTING.md;SECURITY.md;.github/workflows/nuncio-crew-ci.yml;.github/workflows/nuncio-crew-release.yml;plans/reports/reviewer-260905-coverage-audit.md,"Final-source audit: 0 target-exact, 4 adapted, 0 intentional Crew/mapped paths. Source coverage and local just ci/dependency-policy gates passed; 10k browser smoke passed; PR #342 Gate/manual passed on 0ef5491f; whole CI cancelled after smoke 3/4 timeouts with failures. Later repairs have local validation; PR342 checks are canonical remote evidence and full NuncioCrew CI including all desktop smoke shards and manual upstream compatibility must pass on the exact head at merge."
47,69b1225923c9bd98784e86a6976bbc34a3dc8630,fix(ci): prevent poisoned Rust caches (#6618),01-toolchain-ci-docs,integrate final released behavior,6,.github/workflows/ci.yml;.github/workflows/mesh-lifecycle.yml;.github/workflows/release.yml;renovate.json;scripts/test-rust-cache-contract-regressions.sh;scripts/test-rust-cache-contract.sh,retained-Crew-divergence,Retain NuncioCrew Gate and manual Crew release ownership; upstream-only cache/deployment/security-review lane changes are not activated. Shared production code is evaluated separately.,.github/workflows/ci.yml;.github/workflows/mesh-lifecycle.yml;.github/workflows/release.yml;renovate.json;scripts/test-rust-cache-contract-regressions.sh;scripts/test-rust-cache-contract.sh;.github/workflows/nuncio-crew-ci.yml;.github/workflows/nuncio-crew-release.yml;plans/reports/reviewer-260905-coverage-audit.md,"Final-source audit: 2 target-exact, 2 adapted, 2 intentional Crew/mapped paths. Source coverage and local just ci/dependency-policy gates passed; 10k browser smoke passed; PR #342 Gate/manual passed on 0ef5491f; whole CI cancelled after smoke 3/4 timeouts with failures. Later repairs have local validation; PR342 checks are canonical remote evidence and full NuncioCrew CI including all desktop smoke shards and manual upstream compatibility must pass on the exact head at merge."
48,30d2fc52f96138311f2006627ffc1a6d5ff1865b,fix(desktop): restore icon-only remote marker (#6491),03-managed-agents;04-desktop,integrate final released behavior,2,desktop/src/features/agents/ui/OtherSetupAgentMarker.tsx;desktop/tests/e2e/mentions.spec.ts,adapted,Final 0.5.22 source for fix(desktop): restore icon-only remote marker is accounted for at the current paths below. Shared files retain Crew extensions or use existing Crew integration seams; supporting review evidence is attached.,desktop/src/features/agents/ui/OtherSetupAgentMarker.tsx;desktop/tests/e2e/mentions.spec.ts;/tmp/crew-profile-agent-final-tests.log;plans/reports/reviewer-260905-coverage-audit.md;plans/reports/reviewer-20260905-final-desktop-reconciliation.md,"Final-source audit: 0 target-exact, 2 adapted, 0 intentional Crew/mapped paths. 1170 scoped profile/agent tests passed; scoped TypeScript clean. Source coverage and local just ci/dependency-policy gates passed; 10k browser smoke passed; PR #342 Gate/manual passed on 0ef5491f; whole CI cancelled after smoke 3/4 timeouts with failures. Later repairs have local validation; PR342 checks are canonical remote evidence and full NuncioCrew CI including all desktop smoke shards and manual upstream compatibility must pass on the exact head at merge."
49,c5166f2164035ca96787daee6528d5dc04c4a02e,feat(desktop): simplify the message action rail (#6529),04-desktop,integrate final released behavior,7,desktop/playwright.config.ts;desktop/src/features/messages/ui/MessageActionBar.tsx;desktop/tests/e2e/channel-activity-popover.spec.ts;desktop/tests/e2e/custom-emoji.spec.ts;desktop/tests/e2e/inbox-reactions.spec.ts;desktop/tests/e2e/message-copy-link.spec.ts;desktop/tests/e2e/reaction-order.spec.ts,adapted,Final 0.5.22 source for feat(desktop): simplify the message action rail is accounted for at the current paths below. Shared files retain Crew extensions or use existing Crew integration seams; supporting review evidence is attached.,desktop/playwright.config.ts;desktop/src/features/messages/ui/MessageActionBar.tsx;desktop/tests/e2e/channel-activity-popover.spec.ts;desktop/tests/e2e/custom-emoji.spec.ts;desktop/tests/e2e/inbox-reactions.spec.ts;desktop/tests/e2e/message-copy-link.spec.ts;desktop/tests/e2e/reaction-order.spec.ts;plans/reports/implementer-260905-desktop-message-notification-huddle-ports.md;plans/reports/reviewer-260905-coverage-audit.md;plans/reports/reviewer-20260905-final-desktop-reconciliation.md,"Final-source audit: 4 target-exact, 3 adapted, 0 intentional Crew/mapped paths. 1374 message tests and 193 focused integration tests passed at report snapshot. Source coverage and local just ci/dependency-policy gates passed; 10k browser smoke passed; PR #342 Gate/manual passed on 0ef5491f; whole CI cancelled after smoke 3/4 timeouts with failures. Later repairs have local validation; PR342 checks are canonical remote evidence and full NuncioCrew CI including all desktop smoke shards and manual upstream compatibility must pass on the exact head at merge."
50,e760c51820b2103d965c22b44254678e10fb689a,feat(workflows): discover trigger filter values (#6712),04-desktop,integrate final released behavior,29,desktop/src-tauri/src/commands/messages.rs;desktop/src-tauri/src/commands/messages/event_batch.rs;desktop/src-tauri/src/lib.rs;desktop/src/features/workflows/ui/WorkflowAuthorPicker.tsx;desktop/src/features/workflows/ui/WorkflowCard.tsx;desktop/src/features/workflows/ui/WorkflowDialog.tsx;desktop/src/features/workflows/ui/WorkflowFormBuilder.tsx;desktop/src/features/workflows/ui/WorkflowMessagePicker.tsx;desktop/src/features/workflows/ui/WorkflowRichTriggerDescription.tsx;desktop/src/features/workflows/ui/WorkflowTriggerConditions.tsx;desktop/src/features/workflows/ui/WorkflowsView.tsx;desktop/src/features/workflows/ui/useWorkflowAuthorPresentation.ts;desktop/src/features/workflows/ui/useWorkflowListAuthorPresentations.test.mjs;desktop/src/features/workflows/ui/useWorkflowListAuthorPresentations.ts;desktop/src/features/workflows/ui/useWorkflowListMessagePresentations.test.mjs;desktop/src/features/workflows/ui/useWorkflowListMessagePresentations.ts;desktop/src/features/workflows/ui/useWorkflowTriggerPresentation.ts;desktop/src/features/workflows/ui/workflowAuthorCandidates.test.mjs;desktop/src/features/workflows/ui/workflowAuthorCandidates.ts;desktop/src/features/workflows/ui/workflowConditionExpression.ts;desktop/src/features/workflows/ui/workflowDefinition.ts;desktop/src/features/workflows/ui/workflowMessageCandidates.test.mjs;desktop/src/features/workflows/ui/workflowMessageCandidates.ts;desktop/src/features/workflows/ui/workflowTriggerDescription.test.mjs;desktop/src/features/workflows/ui/workflowTriggerDescription.ts;desktop/src/shared/api/tauri.ts;desktop/src/shared/api/tauriEvents.ts;desktop/src/testing/e2eBridge.ts;desktop/tests/e2e/workflow-local-controls.spec.ts,adapted,Final 0.5.22 source for feat(workflows): discover trigger filter values is accounted for at the current paths below. Shared files retain Crew extensions or use existing Crew integration seams; supporting review evidence is attached.,desktop/src-tauri/src/commands/messages.rs;desktop/src-tauri/src/commands/messages/event_batch.rs;desktop/src-tauri/src/lib.rs;desktop/src/features/workflows/ui/WorkflowAuthorPicker.tsx;desktop/src/features/workflows/ui/WorkflowCard.tsx;desktop/src/features/workflows/ui/WorkflowDialog.tsx;desktop/src/features/workflows/ui/WorkflowFormBuilder.tsx;desktop/src/features/workflows/ui/WorkflowMessagePicker.tsx;desktop/src/features/workflows/ui/WorkflowRichTriggerDescription.tsx;desktop/src/features/workflows/ui/WorkflowTriggerConditions.tsx;desktop/src/features/workflows/ui/WorkflowsView.tsx;desktop/src/features/workflows/ui/useWorkflowAuthorPresentation.ts;desktop/src/features/workflows/ui/useWorkflowListAuthorPresentations.test.mjs;desktop/src/features/workflows/ui/useWorkflowListAuthorPresentations.ts;desktop/src/features/workflows/ui/useWorkflowListMessagePresentations.test.mjs;desktop/src/features/workflows/ui/useWorkflowListMessagePresentations.ts;desktop/src/features/workflows/ui/useWorkflowTriggerPresentation.ts;desktop/src/features/workflows/ui/workflowAuthorCandidates.test.mjs;desktop/src/features/workflows/ui/workflowAuthorCandidates.ts;desktop/src/features/workflows/ui/workflowConditionExpression.ts;desktop/src/features/workflows/ui/workflowDefinition.ts;desktop/src/features/workflows/ui/workflowMessageCandidates.test.mjs;desktop/src/features/workflows/ui/workflowMessageCandidates.ts;desktop/src/features/workflows/ui/workflowTriggerDescription.test.mjs;desktop/src/features/workflows/ui/workflowTriggerDescription.ts;desktop/src/shared/api/tauri.ts;desktop/src/shared/api/tauriEvents.ts;desktop/src/testing/e2eBridge.ts;desktop/tests/e2e/workflow-local-controls.spec.ts;plans/reports/implementer-260905-native-release-integration.md;plans/reports/reviewer-260905-coverage-audit.md;plans/reports/reviewer-20260905-final-desktop-reconciliation.md,"Final-source audit: 24 target-exact, 5 adapted, 0 intentional Crew/mapped paths. Native tests 3431 passed, 19 ignored; clippy passed. Source coverage and local just ci/dependency-policy gates passed; 10k browser smoke passed; PR #342 Gate/manual passed on 0ef5491f; whole CI cancelled after smoke 3/4 timeouts with failures. Later repairs have local validation; PR342 checks are canonical remote evidence and full NuncioCrew CI including all desktop smoke shards and manual upstream compatibility must pass on the exact head at merge."
51,8d2d0ff5ad42733e9949442c4b6358d0ba87f9a8,Centralize replaceable event persistence (#6660),01-toolchain-ci-docs;02-shared-substrate,integrate final released behavior,6,.github/workflows/ci.yml;crates/buzz-db/src/channel.rs;crates/buzz-db/src/event.rs;crates/buzz-db/src/lib.rs;crates/buzz-db/src/replaceable.rs;crates/buzz-relay/src/handlers/command_executor.rs,adapted,Final 0.5.22 source for Centralize replaceable event persistence is accounted for at the current paths below. Shared files retain Crew extensions or use existing Crew integration seams; supporting review evidence is attached.,.github/workflows/ci.yml;final-target-deleted:crates/buzz-db/src/channel.rs;final-target-deleted:crates/buzz-db/src/event.rs;crates/buzz-db/src/lib.rs;final-target-deleted:crates/buzz-db/src/replaceable.rs;crates/buzz-relay/src/handlers/command_executor.rs;.github/workflows/nuncio-crew-ci.yml;.github/workflows/nuncio-crew-release.yml;plans/reports/260905-substrate-integration.md;plans/reports/reviewer-260905-coverage-audit.md,"Final-source audit: 5 target-exact, 1 adapted, 0 intentional Crew/mapped paths. 272 committed isolated PostgreSQL tests passed. Relay integration and isolated PostgreSQL regressions recorded in substrate evidence. Source coverage and local just ci/dependency-policy gates passed; 10k browser smoke passed; PR #342 Gate/manual passed on 0ef5491f; whole CI cancelled after smoke 3/4 timeouts with failures. Later repairs have local validation; PR342 checks are canonical remote evidence and full NuncioCrew CI including all desktop smoke shards and manual upstream compatibility must pass on the exact head at merge."
52,a8e1c66c4a5017a32e41e04e2ba6059e2dfcae21,fix(desktop): polish inline chip states (#6718),04-desktop,integrate final released behavior,4,desktop/src/shared/styles/globals/composer.css;desktop/src/shared/styles/globals/markdown.css;desktop/tests/e2e/entity-link-recipient-cards.spec.ts;desktop/tests/e2e/mentions.spec.ts,adapted,Final 0.5.22 source for fix(desktop): polish inline chip states is accounted for at the current paths below. Shared files retain Crew extensions or use existing Crew integration seams; supporting review evidence is attached.,desktop/src/shared/styles/globals/composer.css;desktop/src/shared/styles/globals/markdown.css;desktop/tests/e2e/entity-link-recipient-cards.spec.ts;desktop/tests/e2e/mentions.spec.ts;plans/reports/reviewer-260905-coverage-audit.md;plans/reports/reviewer-20260905-final-desktop-reconciliation.md,"Final-source audit: 0 target-exact, 4 adapted, 0 intentional Crew/mapped paths. Source coverage and local just ci/dependency-policy gates passed; 10k browser smoke passed; PR #342 Gate/manual passed on 0ef5491f; whole CI cancelled after smoke 3/4 timeouts with failures. Later repairs have local validation; PR342 checks are canonical remote evidence and full NuncioCrew CI including all desktop smoke shards and manual upstream compatibility must pass on the exact head at merge."
53,822c5ab231bc253d809d2d13da4b381f723dcd25,Hide Huddles in mobile agent DMs (#6676),04-mobile,integrate final released behavior,12,mobile/lib/features/channels/channel_detail_page.dart;mobile/lib/features/channels/channel_management_provider.dart;mobile/lib/shared/mentions/agent_identity_provider.dart;mobile/lib/shared/profile/user_cache_provider.dart;mobile/lib/shared/relay/relay_session.dart;mobile/lib/shared/relay/relay_session_auth.dart;mobile/lib/shared/relay/relay_session_types.dart;mobile/test/features/channels/channel_detail_page_test.dart;mobile/test/features/channels/reaction_row_test.dart;mobile/test/shared/mentions/agent_identity_provider_test.dart;mobile/test/shared/profile/user_cache_provider_test.dart;mobile/test/shared/relay/relay_session_test.dart,adapted,Final 0.5.22 source for Hide Huddles in mobile agent DMs is accounted for at the current paths below. Shared files retain Crew extensions or use existing Crew integration seams; supporting review evidence is attached.,mobile/lib/features/channels/channel_detail_page.dart;mobile/lib/features/channels/channel_management_provider.dart;mobile/lib/shared/mentions/agent_identity_provider.dart;mobile/lib/shared/profile/user_cache_provider.dart;mobile/lib/shared/relay/relay_session.dart;mobile/lib/shared/relay/relay_session_auth.dart;mobile/lib/shared/relay/relay_session_types.dart;mobile/test/features/channels/channel_detail_page_test.dart;mobile/test/features/channels/reaction_row_test.dart;mobile/test/shared/mentions/agent_identity_provider_test.dart;mobile/test/shared/profile/user_cache_provider_test.dart;mobile/test/shared/relay/relay_session_test.dart;plans/reports/reviewer-260905-coverage-audit.md,"Final-source audit: 9 target-exact, 3 adapted, 0 intentional Crew/mapped paths. Source coverage and local just ci/dependency-policy gates passed; 10k browser smoke passed; PR #342 Gate/manual passed on 0ef5491f; whole CI cancelled after smoke 3/4 timeouts with failures. Later repairs have local validation; PR342 checks are canonical remote evidence and full NuncioCrew CI including all desktop smoke shards and manual upstream compatibility must pass on the exact head at merge."
54,9aa332af03b4fb416dd8648b320447617ffd6fa5,Add inline profile camera capture (#6680),04-mobile,integrate final released behavior,33,mobile/ios/Runner/JumpToLatestGlassButton.swift;mobile/lib/features/profile/animated_avatar_capture.dart;mobile/lib/features/profile/animated_avatar_capture/capture_controls.dart;mobile/lib/features/profile/animated_avatar_capture/error_text.dart;mobile/lib/features/profile/animated_avatar_capture/frame_processing.dart;mobile/lib/features/profile/animated_avatar_capture/review_controls.dart;mobile/lib/features/profile/avatar_editor_option_button.dart;mobile/lib/features/profile/camera_disposal_barrier.dart;mobile/lib/features/profile/image_avatar_capture.dart;mobile/lib/features/profile/image_avatar_capture/camera_preview.dart;mobile/lib/features/profile/image_avatar_capture/morphing_camera_action.dart;mobile/lib/features/profile/image_avatar_capture/shutter_button.dart;mobile/lib/features/profile/profile_avatar_draft.dart;mobile/lib/features/profile/profile_avatar_editor.dart;mobile/lib/features/profile/profile_avatar_editor/emoji_avatar_picker.dart;mobile/lib/features/profile/profile_edit_page.dart;mobile/lib/features/profile/profile_provider.dart;mobile/lib/features/profile/profile_text_editor.dart;mobile/lib/features/profile/settings_profile_header.dart;mobile/lib/shared/widgets/ios_glass_navigation_button.dart;mobile/lib/shared/widgets/playing_avatar_image.dart;mobile/lib/shared/widgets/progressive_animated_avatar.dart;mobile/pubspec.lock;mobile/pubspec.yaml;mobile/test/features/profile/animated_avatar_capture_test.dart;mobile/test/features/profile/camera_disposal_barrier_test.dart;mobile/test/features/profile/image_avatar_capture_lifecycle_test.dart;mobile/test/features/profile/profile_avatar_draft_test.dart;mobile/test/features/profile/profile_edit_page_test.dart;mobile/test/features/profile/profile_edit_page_test/image_selection_tests.dart;mobile/test/features/profile/profile_edit_page_test/motion_and_accessibility_tests.dart;mobile/test/features/profile/profile_edit_retry_test.dart;mobile/test/features/profile/settings_profile_header_test.dart,ported,Final 0.5.22 source for Add inline profile camera capture is accounted for at the current paths below. Every listed path matches the final target bytes (including final target deletions).,mobile/ios/Runner/JumpToLatestGlassButton.swift;mobile/lib/features/profile/animated_avatar_capture.dart;mobile/lib/features/profile/animated_avatar_capture/capture_controls.dart;mobile/lib/features/profile/animated_avatar_capture/error_text.dart;mobile/lib/features/profile/animated_avatar_capture/frame_processing.dart;mobile/lib/features/profile/animated_avatar_capture/review_controls.dart;mobile/lib/features/profile/avatar_editor_option_button.dart;mobile/lib/features/profile/camera_disposal_barrier.dart;mobile/lib/features/profile/image_avatar_capture.dart;mobile/lib/features/profile/image_avatar_capture/camera_preview.dart;mobile/lib/features/profile/image_avatar_capture/morphing_camera_action.dart;mobile/lib/features/profile/image_avatar_capture/shutter_button.dart;mobile/lib/features/profile/profile_avatar_draft.dart;mobile/lib/features/profile/profile_avatar_editor.dart;mobile/lib/features/profile/profile_avatar_editor/emoji_avatar_picker.dart;mobile/lib/features/profile/profile_edit_page.dart;mobile/lib/features/profile/profile_provider.dart;mobile/lib/features/profile/profile_text_editor.dart;mobile/lib/features/profile/settings_profile_header.dart;mobile/lib/shared/widgets/ios_glass_navigation_button.dart;mobile/lib/shared/widgets/playing_avatar_image.dart;mobile/lib/shared/widgets/progressive_animated_avatar.dart;mobile/pubspec.lock;mobile/pubspec.yaml;mobile/test/features/profile/animated_avatar_capture_test.dart;mobile/test/features/profile/camera_disposal_barrier_test.dart;mobile/test/features/profile/image_avatar_capture_lifecycle_test.dart;mobile/test/features/profile/profile_avatar_draft_test.dart;mobile/test/features/profile/profile_edit_page_test.dart;mobile/test/features/profile/profile_edit_page_test/image_selection_tests.dart;mobile/test/features/profile/profile_edit_page_test/motion_and_accessibility_tests.dart;mobile/test/features/profile/profile_edit_retry_test.dart;mobile/test/features/profile/settings_profile_header_test.dart;plans/reports/reviewer-260905-coverage-audit.md,"Final-source audit: 33 target-exact, 0 adapted, 0 intentional Crew/mapped paths. Source coverage and local just ci/dependency-policy gates passed; 10k browser smoke passed; PR #342 Gate/manual passed on 0ef5491f; whole CI cancelled after smoke 3/4 timeouts with failures. Later repairs have local validation; PR342 checks are canonical remote evidence and full NuncioCrew CI including all desktop smoke shards and manual upstream compatibility must pass on the exact head at merge."
55,8b812017a79c9279594330fb2b04c1eaf0e6e6c1,Fix mobile Huddle agent voice turn states (#6611),04-desktop;04-mobile,integrate final released behavior,9,desktop/src-tauri/src/huddle/playout.rs;mobile/lib/features/channels/channel_detail_page.dart;mobile/lib/features/channels/channel_detail_page/huddle_call_avatar.dart;mobile/lib/features/channels/channel_detail_page/huddle_call_participants.dart;mobile/lib/features/channels/channel_detail_page/huddle_participant_cluster.dart;mobile/lib/features/channels/channel_detail_page/huddle_participant_overlay.dart;mobile/lib/features/channels/channel_detail_page/huddle_sheet.dart;mobile/lib/shared/widgets/bouncing_dots_indicator.dart;mobile/test/features/channels/channel_detail_page_test.dart,adapted,Final 0.5.22 source for Fix mobile Huddle agent voice turn states is accounted for at the current paths below. Shared files retain Crew extensions or use existing Crew integration seams; supporting review evidence is attached.,desktop/src-tauri/src/huddle/playout.rs;mobile/lib/features/channels/channel_detail_page.dart;mobile/lib/features/channels/channel_detail_page/huddle_call_avatar.dart;mobile/lib/features/channels/channel_detail_page/huddle_call_participants.dart;mobile/lib/features/channels/channel_detail_page/huddle_participant_cluster.dart;mobile/lib/features/channels/channel_detail_page/huddle_participant_overlay.dart;mobile/lib/features/channels/channel_detail_page/huddle_sheet.dart;mobile/lib/shared/widgets/bouncing_dots_indicator.dart;mobile/test/features/channels/channel_detail_page_test.dart;plans/reports/implementer-260905-native-release-integration.md;plans/reports/reviewer-260905-coverage-audit.md;plans/reports/reviewer-20260905-final-desktop-reconciliation.md,"Final-source audit: 8 target-exact, 1 adapted, 0 intentional Crew/mapped paths. Native tests 3431 passed, 19 ignored; clippy passed. Source coverage and local just ci/dependency-policy gates passed; 10k browser smoke passed; PR #342 Gate/manual passed on 0ef5491f; whole CI cancelled after smoke 3/4 timeouts with failures. Later repairs have local validation; PR342 checks are canonical remote evidence and full NuncioCrew CI including all desktop smoke shards and manual upstream compatibility must pass on the exact head at merge."
56,9d1e4b257657f382d3111ce748f3da8d063b7671,Extract community persistence (#6668),02-shared-substrate,integrate final released behavior,2,crates/buzz-db/src/community.rs;crates/buzz-db/src/lib.rs,ported,Final 0.5.22 source for Extract community persistence is accounted for at the current paths below. Every listed path matches the final target bytes (including final target deletions).,final-target-deleted:crates/buzz-db/src/community.rs;crates/buzz-db/src/lib.rs;plans/reports/260905-substrate-integration.md;plans/reports/reviewer-260905-coverage-audit.md,"Final-source audit: 2 target-exact, 0 adapted, 0 intentional Crew/mapped paths. 272 committed isolated PostgreSQL tests passed. Source coverage and local just ci/dependency-policy gates passed; 10k browser smoke passed; PR #342 Gate/manual passed on 0ef5491f; whole CI cancelled after smoke 3/4 timeouts with failures. Later repairs have local validation; PR342 checks are canonical remote evidence and full NuncioCrew CI including all desktop smoke shards and manual upstream compatibility must pass on the exact head at merge."
57,931747c9c42df14d5c23c87fe57e30b995321ae3,Add staging dev relay image workflow (#6709),01-toolchain-ci-docs,integrate final released behavior,2,.github/workflows/staging-dev-relay-image.yml;docs/staging-dev-relay-images.md,adapted,Keep Crew deployment ownership: import released staging-image documentation but do not enable Block staging workflow.,intentionally-omitted:.github/workflows/staging-dev-relay-image.yml;docs/staging-dev-relay-images.md;.github/workflows/nuncio-crew-ci.yml;.github/workflows/nuncio-crew-release.yml;plans/reports/reviewer-260905-coverage-audit.md,"Final-source audit: 1 target-exact, 0 adapted, 1 intentional Crew/mapped paths. Source coverage and local just ci/dependency-policy gates passed; 10k browser smoke passed; PR #342 Gate/manual passed on 0ef5491f; whole CI cancelled after smoke 3/4 timeouts with failures. Later repairs have local validation; PR342 checks are canonical remote evidence and full NuncioCrew CI including all desktop smoke shards and manual upstream compatibility must pass on the exact head at merge."
58,a1219070fa6c3263c8a29637c70b7a317d4ecd9d,feat(buzz-agent): gate LLM tool calls on session/request_permission (#5712),03-agent-runtime,integrate final released behavior,12,crates/buzz-agent/src/agent.rs;crates/buzz-agent/src/config.rs;crates/buzz-agent/src/lib.rs;crates/buzz-agent/src/llm.rs;crates/buzz-agent/src/mcp.rs;crates/buzz-agent/src/permission.rs;crates/buzz-agent/src/wire.rs;crates/buzz-agent/tests/bin/fake_mcp.rs;crates/buzz-agent/tests/common/mod.rs;crates/buzz-agent/tests/fake_llm.rs;crates/buzz-agent/tests/permission_boundary.rs;crates/buzz-agent/tests/regressions.rs,ported,Final 0.5.22 source for feat(buzz-agent): gate LLM tool calls on session/request_permission is accounted for at the current paths below. Every listed path matches the final target bytes (including final target deletions).,crates/buzz-agent/src/agent.rs;crates/buzz-agent/src/config.rs;crates/buzz-agent/src/lib.rs;crates/buzz-agent/src/llm.rs;crates/buzz-agent/src/mcp.rs;crates/buzz-agent/src/permission.rs;crates/buzz-agent/src/wire.rs;crates/buzz-agent/tests/bin/fake_mcp.rs;crates/buzz-agent/tests/common/mod.rs;crates/buzz-agent/tests/fake_llm.rs;crates/buzz-agent/tests/permission_boundary.rs;crates/buzz-agent/tests/regressions.rs;plans/reports/reviewer-260905-acp-release-integration.md;plans/reports/reviewer-260905-coverage-audit.md,"Final-source audit: 12 target-exact, 0 adapted, 0 intentional Crew/mapped paths. ACP/agent permission and telemetry integration independently reviewed. Source coverage and local just ci/dependency-policy gates passed; 10k browser smoke passed; PR #342 Gate/manual passed on 0ef5491f; whole CI cancelled after smoke 3/4 timeouts with failures. Later repairs have local validation; PR342 checks are canonical remote evidence and full NuncioCrew CI including all desktop smoke shards and manual upstream compatibility must pass on the exact head at merge."
59,bb5b9357a7c8ddeaee73f6252c7d9f8a9014dbc9,Fix TipTap editor mount race (#6779),04-desktop,integrate final released behavior,3,desktop/src/features/messages/ui/SelectionFormattingTray.tsx;desktop/src/features/messages/ui/selectionFormattingTrayEditorDom.test.mjs;desktop/src/features/messages/ui/selectionFormattingTrayEditorDom.ts,ported,Final 0.5.22 source for Fix TipTap editor mount race is accounted for at the current paths below. Every listed path matches the final target bytes (including final target deletions).,desktop/src/features/messages/ui/SelectionFormattingTray.tsx;desktop/src/features/messages/ui/selectionFormattingTrayEditorDom.test.mjs;desktop/src/features/messages/ui/selectionFormattingTrayEditorDom.ts;plans/reports/implementer-260905-desktop-message-notification-huddle-ports.md;plans/reports/reviewer-260905-coverage-audit.md;plans/reports/reviewer-20260905-final-desktop-reconciliation.md,"Final-source audit: 3 target-exact, 0 adapted, 0 intentional Crew/mapped paths. 1374 message tests and 193 focused integration tests passed at report snapshot. Source coverage and local just ci/dependency-policy gates passed; 10k browser smoke passed; PR #342 Gate/manual passed on 0ef5491f; whole CI cancelled after smoke 3/4 timeouts with failures. Later repairs have local validation; PR342 checks are canonical remote evidence and full NuncioCrew CI including all desktop smoke shards and manual upstream compatibility must pass on the exact head at merge."
60,d12dea4e67c5224a626d9c00f45e68d1def72d4c,Support community deletion in versioned media buckets (#6738),01-toolchain-ci-docs;02-shared-substrate;04-desktop,integrate final released behavior,11,Cargo.lock;crates/buzz-db/src/deletion.rs;crates/buzz-deletion/src/lib.rs;crates/buzz-media/Cargo.toml;crates/buzz-media/src/lib.rs;crates/buzz-media/src/storage.rs;crates/buzz-media/tests/versioned_minio.rs;crates/buzz-relay/src/api/git/transport.rs;crates/buzz-relay/src/handlers/side_effects.rs;deploy/charts/buzz/values.yaml;desktop/src-tauri/Cargo.lock,adapted,Final 0.5.22 source for Support community deletion in versioned media buckets is accounted for at the current paths below. Shared files retain Crew extensions or use existing Crew integration seams; supporting review evidence is attached.,Cargo.lock;final-target-deleted:crates/buzz-db/src/deletion.rs;crates/buzz-deletion/src/lib.rs;crates/buzz-media/Cargo.toml;crates/buzz-media/src/lib.rs;crates/buzz-media/src/storage.rs;crates/buzz-media/tests/versioned_minio.rs;crates/buzz-relay/src/api/git/transport.rs;crates/buzz-relay/src/handlers/side_effects.rs;deploy/charts/buzz/values.yaml;desktop/src-tauri/Cargo.lock;plans/reports/implementer-260905-native-release-integration.md;plans/reports/260905-substrate-integration.md;plans/reports/implementer-260905-supporting-source-ports.md;plans/reports/reviewer-260905-coverage-audit.md;plans/reports/reviewer-20260905-final-desktop-reconciliation.md,"Final-source audit: 8 target-exact, 3 adapted, 0 intentional Crew/mapped paths. Native tests 3431 passed, 19 ignored; clippy passed. 272 committed isolated PostgreSQL tests passed. Relay integration and isolated PostgreSQL regressions recorded in substrate evidence. Helm 47 tests across 9 suites plus lint/render and push release-contract passed. Source coverage and local just ci/dependency-policy gates passed; 10k browser smoke passed; PR #342 Gate/manual passed on 0ef5491f; whole CI cancelled after smoke 3/4 timeouts with failures. Later repairs have local validation; PR342 checks are canonical remote evidence and full NuncioCrew CI including all desktop smoke shards and manual upstream compatibility must pass on the exact head at merge."
61,9b6a637d014607760d116b90c57062f82ab27cf3,fix(desktop): make lightbox zoom controls interactive (#6710),04-desktop,integrate final released behavior,4,desktop/src/shared/ui/markdown.tsx;desktop/src/shared/ui/markdown/ImageLightboxZoomControls.tsx;desktop/src/shared/ui/markdown/imageLightbox.ts;desktop/tests/e2e/image-attachment-gallery.spec.ts,adapted,Final 0.5.22 source for fix(desktop): make lightbox zoom controls interactive is accounted for at the current paths below. Shared files retain Crew extensions or use existing Crew integration seams; supporting review evidence is attached.,desktop/src/shared/ui/markdown.tsx;desktop/src/shared/ui/markdown/ImageLightboxZoomControls.tsx;desktop/src/shared/ui/markdown/imageLightbox.ts;desktop/tests/e2e/image-attachment-gallery.spec.ts;plans/reports/reviewer-260905-coverage-audit.md;plans/reports/reviewer-20260905-final-desktop-reconciliation.md,"Final-source audit: 3 target-exact, 1 adapted, 0 intentional Crew/mapped paths. Source coverage and local just ci/dependency-policy gates passed; 10k browser smoke passed; PR #342 Gate/manual passed on 0ef5491f; whole CI cancelled after smoke 3/4 timeouts with failures. Later repairs have local validation; PR342 checks are canonical remote evidence and full NuncioCrew CI including all desktop smoke shards and manual upstream compatibility must pass on the exact head at merge."
62,29f2054c69f2e0ea4ee90141ac6a80503e5f9bd1,highlight search terms in results and messages (#6702),04-desktop,integrate final released behavior,37,desktop/src/app/AppShell.tsx;desktop/src/app/navigation/searchHighlightNavigation.test.mjs;desktop/src/app/navigation/searchHighlightNavigation.ts;desktop/src/app/navigation/searchHitNavigation.test.mjs;desktop/src/app/navigation/searchHitNavigation.ts;desktop/src/app/navigation/useAppNavigation.ts;desktop/src/app/routes/ChannelRouteScreen.tsx;desktop/src/app/routes/channels.$channelId.posts.$postId.tsx;desktop/src/app/routes/channels.$channelId.tsx;desktop/src/app/routes/searchHighlightRouteState.test.mjs;desktop/src/app/routes/searchHighlightRouteState.ts;desktop/src/features/channels/ui/ChannelPane.tsx;desktop/src/features/channels/ui/ChannelPane.types.ts;desktop/src/features/channels/ui/ChannelScreen.tsx;desktop/src/features/channels/ui/ChannelScreen.types.ts;desktop/src/features/channels/ui/ForumChannelContent.tsx;desktop/src/features/channels/ui/searchTargetForwarding.tsx;desktop/src/features/channels/ui/useSearchHighlightProps.ts;desktop/src/features/forum/ui/ForumThreadPanel.tsx;desktop/src/features/forum/ui/ForumView.tsx;desktop/src/features/messages/ui/DiffMessage.tsx;desktop/src/features/messages/ui/DiffViewer.tsx;desktop/src/features/messages/ui/MessageRow.tsx;desktop/src/features/messages/ui/MessageThreadPanel.tsx;desktop/src/features/messages/ui/WaveMessageAttachment.tsx;desktop/src/features/search/lib/searchMatch.test.mjs;desktop/src/features/search/lib/searchMatch.ts;desktop/src/features/search/ui/HighlightedSearchText.tsx;desktop/src/features/search/ui/TopbarSearch.tsx;desktop/src/features/sidebar/ui/AppSidebar.types.ts;desktop/src/features/sidebar/ui/AppSidebarPinnedHeader.tsx;desktop/src/shared/lib/rehypeSearchHighlight.ts;desktop/src/shared/lib/searchHighlightStyle.ts;desktop/src/shared/ui/markdown/nodeCache.test.mjs;desktop/src/shared/ui/markdown/nodeCache.ts;desktop/src/testing/e2eBridge.ts;desktop/tests/e2e/smoke.spec.ts,adapted,Final 0.5.22 source for highlight search terms in results and messages is accounted for at the current paths below. Shared files retain Crew extensions or use existing Crew integration seams; supporting review evidence is attached.,desktop/src/app/AppShell.tsx;desktop/src/app/navigation/searchHighlightNavigation.test.mjs;desktop/src/app/navigation/searchHighlightNavigation.ts;desktop/src/app/navigation/searchHitNavigation.test.mjs;desktop/src/app/navigation/searchHitNavigation.ts;desktop/src/app/navigation/useAppNavigation.ts;desktop/src/app/routes/ChannelRouteScreen.tsx;desktop/src/app/routes/channels.$channelId.posts.$postId.tsx;desktop/src/app/routes/channels.$channelId.tsx;desktop/src/app/routes/searchHighlightRouteState.test.mjs;desktop/src/app/routes/searchHighlightRouteState.ts;desktop/src/features/channels/ui/ChannelPane.tsx;desktop/src/features/channels/ui/ChannelPane.types.ts;desktop/src/features/channels/ui/ChannelScreen.tsx;desktop/src/features/channels/ui/ChannelScreen.types.ts;desktop/src/features/channels/ui/ForumChannelContent.tsx;desktop/src/features/channels/ui/searchTargetForwarding.tsx;desktop/src/features/channels/ui/useSearchHighlightProps.ts;desktop/src/features/forum/ui/ForumThreadPanel.tsx;desktop/src/features/forum/ui/ForumView.tsx;desktop/src/features/messages/ui/DiffMessage.tsx;desktop/src/features/messages/ui/DiffViewer.tsx;desktop/src/features/messages/ui/MessageRow.tsx;desktop/src/features/messages/ui/MessageThreadPanel.tsx;desktop/src/features/messages/ui/WaveMessageAttachment.tsx;desktop/src/features/search/lib/searchMatch.test.mjs;desktop/src/features/search/lib/searchMatch.ts;desktop/src/features/search/ui/HighlightedSearchText.tsx;desktop/src/features/search/ui/TopbarSearch.tsx;desktop/src/features/sidebar/ui/AppSidebar.types.ts;desktop/src/features/sidebar/ui/AppSidebarPinnedHeader.tsx;desktop/src/shared/lib/rehypeSearchHighlight.ts;desktop/src/shared/lib/searchHighlightStyle.ts;desktop/src/shared/ui/markdown/nodeCache.test.mjs;desktop/src/shared/ui/markdown/nodeCache.ts;desktop/src/testing/e2eBridge.ts;desktop/tests/e2e/smoke.spec.ts;plans/reports/implementer-260905-desktop-message-notification-huddle-ports.md;plans/reports/reviewer-260905-coverage-audit.md;plans/reports/reviewer-20260905-final-desktop-reconciliation.md,"Final-source audit: 18 target-exact, 19 adapted, 0 intentional Crew/mapped paths. 1374 message tests and 193 focused integration tests passed at report snapshot. Source coverage and local just ci/dependency-policy gates passed; 10k browser smoke passed; PR #342 Gate/manual passed on 0ef5491f; whole CI cancelled after smoke 3/4 timeouts with failures. Later repairs have local validation; PR342 checks are canonical remote evidence and full NuncioCrew CI including all desktop smoke shards and manual upstream compatibility must pass on the exact head at merge."
63,12f3fea26e4c638a5fae20dce1ec0876e3bbca41,revert fixed mention highlight (#6716),04-desktop,integrate final released behavior,3,desktop/src/shared/styles/globals/markdown.css;desktop/src/shared/styles/globals/theme.css;desktop/tests/e2e/mentions.spec.ts,adapted,Final 0.5.22 source for revert fixed mention highlight is accounted for at the current paths below. Shared files retain Crew extensions or use existing Crew integration seams; supporting review evidence is attached.,desktop/src/shared/styles/globals/markdown.css;desktop/src/shared/styles/globals/theme.css;desktop/tests/e2e/mentions.spec.ts;plans/reports/reviewer-260905-coverage-audit.md;plans/reports/reviewer-20260905-final-desktop-reconciliation.md,"Final-source audit: 0 target-exact, 3 adapted, 0 intentional Crew/mapped paths. Source coverage and local just ci/dependency-policy gates passed; 10k browser smoke passed; PR #342 Gate/manual passed on 0ef5491f; whole CI cancelled after smoke 3/4 timeouts with failures. Later repairs have local validation; PR342 checks are canonical remote evidence and full NuncioCrew CI including all desktop smoke shards and manual upstream compatibility must pass on the exact head at merge."
64,113a33b7e49b7173ee1767c49ef2f49c63803034,Add database pressure observability (#6700),01-toolchain-ci-docs;02-shared-substrate,integrate final released behavior,17,.github/workflows/ci.yml;Cargo.lock;crates/buzz-audit/Cargo.toml;crates/buzz-datastore-tracing/Cargo.toml;crates/buzz-datastore-tracing/src/lib.rs;crates/buzz-datastore-tracing/tests/runtime.rs;crates/buzz-db/src/channel.rs;crates/buzz-db/src/community.rs;crates/buzz-db/src/deletion.rs;crates/buzz-db/src/lib.rs;crates/buzz-db/src/migration.rs;crates/buzz-db/src/observability.rs;crates/buzz-db/src/push.rs;crates/buzz-db/src/relay_members.rs;crates/buzz-db/src/replaceable.rs;crates/buzz-db/tests/observability_source.rs;crates/buzz-search/Cargo.toml,adapted,Final 0.5.22 source for Add database pressure observability is accounted for at the current paths below. Shared files retain Crew extensions or use existing Crew integration seams; supporting review evidence is attached.,.github/workflows/ci.yml;Cargo.lock;crates/buzz-audit/Cargo.toml;crates/buzz-datastore-tracing/Cargo.toml;crates/buzz-datastore-tracing/src/lib.rs;crates/buzz-datastore-tracing/tests/runtime.rs;final-target-deleted:crates/buzz-db/src/channel.rs;final-target-deleted:crates/buzz-db/src/community.rs;final-target-deleted:crates/buzz-db/src/deletion.rs;crates/buzz-db/src/lib.rs;final-target-deleted:crates/buzz-db/src/migration.rs;final-target-deleted:crates/buzz-db/src/observability.rs;final-target-deleted:crates/buzz-db/src/push.rs;final-target-deleted:crates/buzz-db/src/relay_members.rs;final-target-deleted:crates/buzz-db/src/replaceable.rs;crates/buzz-db/tests/observability_source.rs;crates/buzz-search/Cargo.toml;.github/workflows/nuncio-crew-ci.yml;.github/workflows/nuncio-crew-release.yml;plans/reports/260905-substrate-integration.md;plans/reports/reviewer-260905-coverage-audit.md,"Final-source audit: 15 target-exact, 2 adapted, 0 intentional Crew/mapped paths. 272 committed isolated PostgreSQL tests passed. Source coverage and local just ci/dependency-policy gates passed; 10k browser smoke passed; PR #342 Gate/manual passed on 0ef5491f; whole CI cancelled after smoke 3/4 timeouts with failures. Later repairs have local validation; PR342 checks are canonical remote evidence and full NuncioCrew CI including all desktop smoke shards and manual upstream compatibility must pass on the exact head at merge."
65,a526dca9bcaa08dfb5db77999cc1f584a17a9d64,feat: navigate images across message threads (#6705),04-desktop,integrate final released behavior,6,desktop/src/features/messages/ui/MessageThreadPanel.tsx;desktop/src/shared/ui/markdown.tsx;desktop/src/shared/ui/markdown/ImageGalleryStatus.tsx;desktop/src/shared/ui/markdown/LinkPreviewImageLightbox.tsx;desktop/src/shared/ui/markdown/imageLightbox.ts;desktop/tests/e2e/image-attachment-gallery.spec.ts,adapted,Final 0.5.22 source for feat: navigate images across message threads is accounted for at the current paths below. Shared files retain Crew extensions or use existing Crew integration seams; supporting review evidence is attached.,desktop/src/features/messages/ui/MessageThreadPanel.tsx;desktop/src/shared/ui/markdown.tsx;desktop/src/shared/ui/markdown/ImageGalleryStatus.tsx;desktop/src/shared/ui/markdown/LinkPreviewImageLightbox.tsx;desktop/src/shared/ui/markdown/imageLightbox.ts;desktop/tests/e2e/image-attachment-gallery.spec.ts;plans/reports/implementer-260905-desktop-message-notification-huddle-ports.md;plans/reports/reviewer-260905-coverage-audit.md;plans/reports/reviewer-20260905-final-desktop-reconciliation.md,"Final-source audit: 4 target-exact, 2 adapted, 0 intentional Crew/mapped paths. 1374 message tests and 193 focused integration tests passed at report snapshot. Source coverage and local just ci/dependency-policy gates passed; 10k browser smoke passed; PR #342 Gate/manual passed on 0ef5491f; whole CI cancelled after smoke 3/4 timeouts with failures. Later repairs have local validation; PR342 checks are canonical remote evidence and full NuncioCrew CI including all desktop smoke shards and manual upstream compatibility must pass on the exact head at merge."
66,7ba1197aa6b01616b5920487dd585a37d2e7f74d,feat(desktop): persist agent addressing across composer messages (#6714),04-desktop,integrate final released behavior,35,desktop/src/features/channels/ui/ChannelPane.tsx;desktop/src/features/channels/ui/useChannelPaneMessages.ts;desktop/src/features/messages/lib/getVisibleAgentAddressPubkeys.test.mjs;desktop/src/features/messages/lib/getVisibleAgentAddressPubkeys.ts;desktop/src/features/messages/lib/mentionCandidates.ts;desktop/src/features/messages/lib/mentionHighlightExtension.ts;desktop/src/features/messages/lib/mentionRanking.test.mjs;desktop/src/features/messages/lib/mentionRanking.ts;desktop/src/features/messages/lib/mentionSuggestionMapping.ts;desktop/src/features/messages/lib/recentMentionPubkeys.test.mjs;desktop/src/features/messages/lib/recentMentionPubkeys.ts;desktop/src/features/messages/lib/useActiveAgentPubkeys.ts;desktop/src/features/messages/lib/useDefaultAgentSuggestion.ts;desktop/src/features/messages/lib/useMentions.ts;desktop/src/features/messages/lib/useRichTextEditor.ts;desktop/src/features/messages/ui/ComposerAddressControls.test.mjs;desktop/src/features/messages/ui/ComposerAddressControls.tsx;desktop/src/features/messages/ui/MessageComposer.tsx;desktop/src/features/messages/ui/MessageComposer.types.ts;desktop/src/features/messages/ui/MessageComposerToolbar.tsx;desktop/src/features/messages/ui/MessageRow.tsx;desktop/src/features/messages/ui/MessageThreadPanel.tsx;desktop/src/features/messages/ui/composerAgentKeyboard.test.mjs;desktop/src/features/messages/ui/useAgentAddressLockPicker.test.mjs;desktop/src/features/messages/ui/useAgentAddressLockPicker.ts;desktop/src/features/messages/ui/useAlwaysAddressShortcut.ts;desktop/src/features/messages/ui/useAutoPinMentionedAgents.ts;desktop/src/features/messages/ui/useComposerPasteHandler.ts;desktop/src/features/messages/ui/useMentionSendFlow.helpers.ts;desktop/src/features/messages/ui/useMentionSendFlow.ts;desktop/src/features/messages/ui/useMentionSendFlow.types.ts;desktop/src/shared/lib/keyboard-shortcuts.ts;desktop/tests/e2e/mentions.spec.ts;desktop/tests/e2e/persistent-agent-audience.spec.ts;desktop/tests/e2e/send-channel-binding.spec.ts,adapted,Final 0.5.22 source for feat(desktop): persist agent addressing across composer messages is accounted for at the current paths below. Shared files retain Crew extensions or use existing Crew integration seams; supporting review evidence is attached.,desktop/src/features/channels/ui/ChannelPane.tsx;desktop/src/features/channels/ui/useChannelPaneMessages.ts;desktop/src/features/messages/lib/getVisibleAgentAddressPubkeys.test.mjs;desktop/src/features/messages/lib/getVisibleAgentAddressPubkeys.ts;desktop/src/features/messages/lib/mentionCandidates.ts;desktop/src/features/messages/lib/mentionHighlightExtension.ts;desktop/src/features/messages/lib/mentionRanking.test.mjs;desktop/src/features/messages/lib/mentionRanking.ts;desktop/src/features/messages/lib/mentionSuggestionMapping.ts;desktop/src/features/messages/lib/recentMentionPubkeys.test.mjs;desktop/src/features/messages/lib/recentMentionPubkeys.ts;desktop/src/features/messages/lib/useActiveAgentPubkeys.ts;desktop/src/features/messages/lib/useDefaultAgentSuggestion.ts;desktop/src/features/messages/lib/useMentions.ts;desktop/src/features/messages/lib/useRichTextEditor.ts;desktop/src/features/messages/ui/ComposerAddressControls.test.mjs;desktop/src/features/messages/ui/ComposerAddressControls.tsx;desktop/src/features/messages/ui/MessageComposer.tsx;desktop/src/features/messages/ui/MessageComposer.types.ts;desktop/src/features/messages/ui/MessageComposerToolbar.tsx;desktop/src/features/messages/ui/MessageRow.tsx;desktop/src/features/messages/ui/MessageThreadPanel.tsx;desktop/src/features/messages/ui/composerAgentKeyboard.test.mjs;desktop/src/features/messages/ui/useAgentAddressLockPicker.test.mjs;desktop/src/features/messages/ui/useAgentAddressLockPicker.ts;desktop/src/features/messages/ui/useAlwaysAddressShortcut.ts;desktop/src/features/messages/ui/useAutoPinMentionedAgents.ts;desktop/src/features/messages/ui/useComposerPasteHandler.ts;desktop/src/features/messages/ui/useMentionSendFlow.helpers.ts;desktop/src/features/messages/ui/useMentionSendFlow.ts;desktop/src/features/messages/ui/useMentionSendFlow.types.ts;desktop/src/shared/lib/keyboard-shortcuts.ts;desktop/tests/e2e/mentions.spec.ts;desktop/tests/e2e/persistent-agent-audience.spec.ts;desktop/tests/e2e/send-channel-binding.spec.ts;plans/reports/implementer-260905-desktop-message-notification-huddle-ports.md;plans/reports/reviewer-260905-coverage-audit.md;plans/reports/reviewer-20260905-final-desktop-reconciliation.md,"Final-source audit: 19 target-exact, 16 adapted, 0 intentional Crew/mapped paths. 1374 message tests and 193 focused integration tests passed at report snapshot. Source coverage and local just ci/dependency-policy gates passed; 10k browser smoke passed; PR #342 Gate/manual passed on 0ef5491f; whole CI cancelled after smoke 3/4 timeouts with failures. Later repairs have local validation; PR342 checks are canonical remote evidence and full NuncioCrew CI including all desktop smoke shards and manual upstream compatibility must pass on the exact head at merge."
67,f24971033178926153b49d320bd876d15d9cb2bf,Qualify canonical relay images for staged delivery (#6781),01-toolchain-ci-docs;02-shared-substrate,integrate final released behavior,17,.github/workflows/ci.yml;.github/workflows/docker.yml;Dockerfile;crates/buzz-relay/src/build_info.rs;crates/buzz-relay/src/lib.rs;crates/buzz-relay/src/router.rs;deploy/charts/buzz/Chart.yaml;deploy/charts/buzz/README.md;deploy/charts/buzz/templates/_helpers.tpl;deploy/charts/buzz/tests/render_test.yaml;deploy/charts/buzz/tests/validation_test.yaml;deploy/charts/buzz/values.schema.json;deploy/charts/buzz/values.yaml;docs/deployment-identity.md;scripts/create-deployment-eligibility-predicate.jq;scripts/select-qualified-ci-run.jq;scripts/test-relay-image-eligibility-workflow.sh,adapted,Import shared image qualification tooling/docs while keeping Crew release workflow ownership and repository gates.,.github/workflows/ci.yml;.github/workflows/docker.yml;Dockerfile;crates/buzz-relay/src/build_info.rs;crates/buzz-relay/src/lib.rs;crates/buzz-relay/src/router.rs;deploy/charts/buzz/Chart.yaml;deploy/charts/buzz/README.md;deploy/charts/buzz/templates/_helpers.tpl;deploy/charts/buzz/tests/render_test.yaml;deploy/charts/buzz/tests/validation_test.yaml;deploy/charts/buzz/values.schema.json;deploy/charts/buzz/values.yaml;docs/deployment-identity.md;scripts/create-deployment-eligibility-predicate.jq;scripts/select-qualified-ci-run.jq;scripts/test-relay-image-eligibility-workflow.sh;.github/workflows/nuncio-crew-ci.yml;.github/workflows/nuncio-crew-release.yml;plans/reports/260905-substrate-integration.md;plans/reports/implementer-260905-supporting-source-ports.md;plans/reports/reviewer-260905-coverage-audit.md,"Final-source audit: 14 target-exact, 2 adapted, 1 intentional Crew/mapped paths. Relay integration and isolated PostgreSQL regressions recorded in substrate evidence. Helm 47 tests across 9 suites plus lint/render and push release-contract passed. Source coverage and local just ci/dependency-policy gates passed; 10k browser smoke passed; PR #342 Gate/manual passed on 0ef5491f; whole CI cancelled after smoke 3/4 timeouts with failures. Later repairs have local validation; PR342 checks are canonical remote evidence and full NuncioCrew CI including all desktop smoke shards and manual upstream compatibility must pass on the exact head at merge."
68,b58de7cfa7a13b1a6dbb2fc269186439a6fb79a0,fix(desktop-messages): preserve inline agent mentions with persistent addressing (#6793),04-desktop,integrate final released behavior,8,desktop/src/features/messages/lib/autoPinMentionedAgentsPreference.test.mjs;desktop/src/features/messages/lib/autoPinMentionedAgentsPreference.ts;desktop/src/features/messages/lib/useDrafts.ts;desktop/src/features/messages/ui/MessageComposer.tsx;desktop/src/features/messages/ui/MessageComposerDraftImagePersist.test.mjs;desktop/src/features/messages/ui/useDraftPersistSnapshot.ts;desktop/tests/e2e/mentions.spec.ts;desktop/tests/e2e/persistent-agent-audience.spec.ts,adapted,Final 0.5.22 source for fix(desktop-messages): preserve inline agent mentions with persistent addressing is accounted for at the current paths below. Shared files retain Crew extensions or use existing Crew integration seams; supporting review evidence is attached.,desktop/src/features/messages/lib/autoPinMentionedAgentsPreference.test.mjs;desktop/src/features/messages/lib/autoPinMentionedAgentsPreference.ts;desktop/src/features/messages/lib/useDrafts.ts;desktop/src/features/messages/ui/MessageComposer.tsx;desktop/src/features/messages/ui/MessageComposerDraftImagePersist.test.mjs;desktop/src/features/messages/ui/useDraftPersistSnapshot.ts;desktop/tests/e2e/mentions.spec.ts;desktop/tests/e2e/persistent-agent-audience.spec.ts;plans/reports/implementer-260905-desktop-message-notification-huddle-ports.md;plans/reports/reviewer-260905-coverage-audit.md;plans/reports/reviewer-20260905-final-desktop-reconciliation.md,"Final-source audit: 4 target-exact, 4 adapted, 0 intentional Crew/mapped paths. 1374 message tests and 193 focused integration tests passed at report snapshot. Source coverage and local just ci/dependency-policy gates passed; 10k browser smoke passed; PR #342 Gate/manual passed on 0ef5491f; whole CI cancelled after smoke 3/4 timeouts with failures. Later repairs have local validation; PR342 checks are canonical remote evidence and full NuncioCrew CI including all desktop smoke shards and manual upstream compatibility must pass on the exact head at merge."
69,22f32c99e2e983b7e015e8c058cac47438d05b2f,docs(nest): make commit attribution policy-neutral (#6707),03-managed-agents,integrate final released behavior,3,desktop/src-tauri/src/managed_agents/nest.rs;desktop/src-tauri/src/managed_agents/nest/tests.rs;desktop/src-tauri/src/managed_agents/nest_agents.md,adapted,Final 0.5.22 source for docs(nest): make commit attribution policy-neutral is accounted for at the current paths below. Shared files retain Crew extensions or use existing Crew integration seams; supporting review evidence is attached.,desktop/src-tauri/src/managed_agents/nest.rs;desktop/src-tauri/src/managed_agents/nest/tests.rs;desktop/src-tauri/src/managed_agents/nest_agents.md;plans/reports/implementer-260905-native-release-integration.md;plans/reports/reviewer-260905-coverage-audit.md;plans/reports/reviewer-20260905-final-desktop-reconciliation.md,"Final-source audit: 2 target-exact, 1 adapted, 0 intentional Crew/mapped paths. Native tests 3431 passed, 19 ignored; clippy passed. Source coverage and local just ci/dependency-policy gates passed; 10k browser smoke passed; PR #342 Gate/manual passed on 0ef5491f; whole CI cancelled after smoke 3/4 timeouts with failures. Later repairs have local validation; PR342 checks are canonical remote evidence and full NuncioCrew CI including all desktop smoke shards and manual upstream compatibility must pass on the exact head at merge."
70,ee6ca5fa28bce04dfecb6717de65b08a57f2ac47,Remove public relay signing key fallback (#6729),01-toolchain-ci-docs;02-shared-substrate,integrate final released behavior,11,.env.example;.github/workflows/ci.yml;Justfile;TESTING.md;crates/buzz-relay/src/main.rs;scripts/e2e-git-perms.sh;scripts/ensure-local-relay-key.sh;scripts/run-desktop-release-smoke.sh;scripts/start-isolated-test-relay.sh;scripts/start-relay-for-tests.sh;scripts/test-ensure-local-relay-key.sh,adapted,Final 0.5.22 source for Remove public relay signing key fallback is accounted for at the current paths below. Shared files retain Crew extensions or use existing Crew integration seams; supporting review evidence is attached.,.env.example;.github/workflows/ci.yml;Justfile;TESTING.md;crates/buzz-relay/src/main.rs;scripts/e2e-git-perms.sh;scripts/ensure-local-relay-key.sh;scripts/run-desktop-release-smoke.sh;scripts/start-isolated-test-relay.sh;scripts/start-relay-for-tests.sh;scripts/test-ensure-local-relay-key.sh;.github/workflows/nuncio-crew-ci.yml;.github/workflows/nuncio-crew-release.yml;plans/reports/260905-substrate-integration.md;plans/reports/reviewer-260905-coverage-audit.md,"Final-source audit: 5 target-exact, 6 adapted, 0 intentional Crew/mapped paths. Relay integration and isolated PostgreSQL regressions recorded in substrate evidence. Source coverage and local just ci/dependency-policy gates passed; 10k browser smoke passed; PR #342 Gate/manual passed on 0ef5491f; whole CI cancelled after smoke 3/4 timeouts with failures. Later repairs have local validation; PR342 checks are canonical remote evidence and full NuncioCrew CI including all desktop smoke shards and manual upstream compatibility must pass on the exact head at merge."
71,7a1b7d8e09f96c10b6617a66bb8589e9984ffb3c,chore(release): release Buzz Desktop version 0.5.19 (#6828),01-toolchain-ci-docs;04-desktop,release bookkeeping; pin only after coverage gate,6,.release/desktop-candidate.json;CHANGELOG.md;desktop/package.json;desktop/src-tauri/Cargo.lock;desktop/src-tauri/Cargo.toml;desktop/src-tauri/tauri.conf.json,adapted,"Intermediate release bookkeeping is superseded by final 0.5.22 metadata; preserve Crew package/product identifiers and manual release attribution. The pin is a working-branch target, not acceptance evidence.",.release/desktop-candidate.json;CHANGELOG.md;desktop/package.json;desktop/src-tauri/Cargo.lock;desktop/src-tauri/Cargo.toml;desktop/src-tauri/tauri.conf.json;plans/reports/implementer-260905-native-release-integration.md;plans/reports/reviewer-260905-coverage-audit.md;plans/reports/reviewer-20260905-final-desktop-reconciliation.md,"Final-source audit: 1 target-exact, 4 adapted, 1 intentional Crew/mapped paths. Native tests 3431 passed, 19 ignored; clippy passed. Source coverage and local just ci/dependency-policy gates passed; 10k browser smoke passed; PR #342 Gate/manual passed on 0ef5491f; whole CI cancelled after smoke 3/4 timeouts with failures. Later repairs have local validation; PR342 checks are canonical remote evidence and full NuncioCrew CI including all desktop smoke shards and manual upstream compatibility must pass on the exact head at merge."
72,cae7f826b39b38e7d49a90d342499234dec007bf,fix(ci): check out source in docker.yml merge job (#6833),01-toolchain-ci-docs,integrate final released behavior,2,.github/workflows/docker.yml;scripts/test-relay-image-eligibility-workflow.sh,retained-Crew-divergence,Retain NuncioCrew Gate and manual Crew release ownership; upstream-only cache/deployment/security-review lane changes are not activated. Shared production code is evaluated separately.,.github/workflows/docker.yml;scripts/test-relay-image-eligibility-workflow.sh;.github/workflows/nuncio-crew-ci.yml;.github/workflows/nuncio-crew-release.yml;plans/reports/reviewer-260905-coverage-audit.md,"Final-source audit: 1 target-exact, 0 adapted, 1 intentional Crew/mapped paths. Source coverage and local just ci/dependency-policy gates passed; 10k browser smoke passed; PR #342 Gate/manual passed on 0ef5491f; whole CI cancelled after smoke 3/4 timeouts with failures. Later repairs have local validation; PR342 checks are canonical remote evidence and full NuncioCrew CI including all desktop smoke shards and manual upstream compatibility must pass on the exact head at merge."
73,820a8589971df49bb9285a236ce1e2955a301abd,fix(release): attribute desktop candidates to the operator (#6831),01-toolchain-ci-docs,integrate final released behavior,3,scripts/desktop_release.py;scripts/prepare-desktop-release.sh;scripts/test-desktop-release-candidate.sh,ported,Final 0.5.22 source for fix(release): attribute desktop candidates to the operator is accounted for at the current paths below. Every listed path matches the final target bytes (including final target deletions).,scripts/desktop_release.py;scripts/prepare-desktop-release.sh;scripts/test-desktop-release-candidate.sh;plans/reports/reviewer-260905-coverage-audit.md,"Final-source audit: 3 target-exact, 0 adapted, 0 intentional Crew/mapped paths. Source coverage and local just ci/dependency-policy gates passed; 10k browser smoke passed; PR #342 Gate/manual passed on 0ef5491f; whole CI cancelled after smoke 3/4 timeouts with failures. Later repairs have local validation; PR342 checks are canonical remote evidence and full NuncioCrew CI including all desktop smoke shards and manual upstream compatibility must pass on the exact head at merge."
74,e8cd7516e6df62c2a9025d7a821bf98e0e8f83b4,fix(desktop): respect automatic mention preference after send (#6837),04-desktop,integrate final released behavior,2,desktop/src/features/messages/ui/MessageComposer.tsx;desktop/tests/e2e/persistent-agent-audience.spec.ts,adapted,Final 0.5.22 source for fix(desktop): respect automatic mention preference after send is accounted for at the current paths below. Shared files retain Crew extensions or use existing Crew integration seams; supporting review evidence is attached.,desktop/src/features/messages/ui/MessageComposer.tsx;desktop/tests/e2e/persistent-agent-audience.spec.ts;plans/reports/implementer-260905-desktop-message-notification-huddle-ports.md;plans/reports/reviewer-260905-coverage-audit.md;plans/reports/reviewer-20260905-final-desktop-reconciliation.md,"Final-source audit: 1 target-exact, 1 adapted, 0 intentional Crew/mapped paths. 1374 message tests and 193 focused integration tests passed at report snapshot. Source coverage and local just ci/dependency-policy gates passed; 10k browser smoke passed; PR #342 Gate/manual passed on 0ef5491f; whole CI cancelled after smoke 3/4 timeouts with failures. Later repairs have local validation; PR342 checks are canonical remote evidence and full NuncioCrew CI including all desktop smoke shards and manual upstream compatibility must pass on the exact head at merge."
75,8471049c430073474939336dfc6aa98272bc8762,feat(desktop): add KLIPY GIF search to composers (#5554),01-toolchain-ci-docs;02-shared-substrate;04-desktop,integrate final released behavior,34,.env.example;crates/buzz-auth/src/rate_limit.rs;crates/buzz-relay/src/api/gifs.rs;crates/buzz-relay/src/api/mod.rs;crates/buzz-relay/src/config.rs;crates/buzz-relay/src/handlers/req.rs;crates/buzz-relay/src/nip11.rs;crates/buzz-relay/src/router.rs;crates/buzz-relay/src/state.rs;deploy/charts/buzz/README.md;deploy/charts/buzz/examples/secret-sample.yaml;deploy/charts/buzz/templates/deployment.yaml;deploy/charts/buzz/tests/secrets_test.yaml;deploy/charts/buzz/values.yaml;desktop/src/features/custom-emoji/ui/EmojiPicker.tsx;desktop/src/features/forum/ui/ForumComposer.tsx;desktop/src/features/gifs/api.test.mjs;desktop/src/features/gifs/api.ts;desktop/src/features/gifs/relay.ts;desktop/src/features/gifs/ui/KlipyGifPicker.tsx;desktop/src/features/messages/lib/imetaMediaMarkdown.test.mjs;desktop/src/features/messages/lib/imetaMediaMarkdown.ts;desktop/src/features/messages/ui/ComposerAttachments.tsx;desktop/src/features/messages/ui/ComposerEmojiPicker.tsx;desktop/src/features/messages/ui/MessageComposer.tsx;desktop/src/features/messages/ui/MessageComposerToolbar.tsx;desktop/tests/e2e/channels.spec.ts;desktop/tests/e2e/composer-image-draw.spec.ts;desktop/tests/e2e/composer-tooltip-dismiss.spec.ts;desktop/tests/e2e/messaging.spec.ts;desktop/tests/e2e/spoiler.spec.ts;desktop/tests/e2e/video-attachment.spec.ts;docs/gif-search.md;docs/multi-tenant-conformance.md,adapted,Final 0.5.22 source for feat(desktop): add KLIPY GIF search to composers is accounted for at the current paths below. Shared files retain Crew extensions or use existing Crew integration seams; supporting review evidence is attached.,.env.example;crates/buzz-auth/src/rate_limit.rs;crates/buzz-relay/src/api/gifs.rs;crates/buzz-relay/src/api/mod.rs;crates/buzz-relay/src/config.rs;crates/buzz-relay/src/handlers/req.rs;crates/buzz-relay/src/nip11.rs;crates/buzz-relay/src/router.rs;crates/buzz-relay/src/state.rs;deploy/charts/buzz/README.md;deploy/charts/buzz/examples/secret-sample.yaml;deploy/charts/buzz/templates/deployment.yaml;deploy/charts/buzz/tests/secrets_test.yaml;deploy/charts/buzz/values.yaml;desktop/src/features/custom-emoji/ui/EmojiPicker.tsx;desktop/src/features/forum/ui/ForumComposer.tsx;desktop/src/features/gifs/api.test.mjs;desktop/src/features/gifs/api.ts;desktop/src/features/gifs/relay.ts;desktop/src/features/gifs/ui/KlipyGifPicker.tsx;desktop/src/features/messages/lib/imetaMediaMarkdown.test.mjs;desktop/src/features/messages/lib/imetaMediaMarkdown.ts;desktop/src/features/messages/ui/ComposerAttachments.tsx;desktop/src/features/messages/ui/ComposerEmojiPicker.tsx;desktop/src/features/messages/ui/MessageComposer.tsx;desktop/src/features/messages/ui/MessageComposerToolbar.tsx;desktop/tests/e2e/channels.spec.ts;desktop/tests/e2e/composer-image-draw.spec.ts;desktop/tests/e2e/composer-tooltip-dismiss.spec.ts;desktop/tests/e2e/messaging.spec.ts;desktop/tests/e2e/spoiler.spec.ts;desktop/tests/e2e/video-attachment.spec.ts;docs/gif-search.md;docs/multi-tenant-conformance.md;plans/reports/implementer-260905-desktop-message-notification-huddle-ports.md;plans/reports/260905-substrate-integration.md;plans/reports/implementer-260905-supporting-source-ports.md;plans/reports/reviewer-260905-coverage-audit.md;plans/reports/reviewer-20260905-final-desktop-reconciliation.md,"Final-source audit: 25 target-exact, 9 adapted, 0 intentional Crew/mapped paths. 1374 message tests and 193 focused integration tests passed at report snapshot. Authorization runtime and PostgreSQL regressions recorded in substrate evidence. Relay integration and isolated PostgreSQL regressions recorded in substrate evidence. Helm 47 tests across 9 suites plus lint/render and push release-contract passed. Source coverage and local just ci/dependency-policy gates passed; 10k browser smoke passed; PR #342 Gate/manual passed on 0ef5491f; whole CI cancelled after smoke 3/4 timeouts with failures. Later repairs have local validation; PR342 checks are canonical remote evidence and full NuncioCrew CI including all desktop smoke shards and manual upstream compatibility must pass on the exact head at merge."
76,52621c09bea503f4d5860030dfabfaf9ade71bfa,chore(release): release Buzz Desktop version 0.5.20 (#6839),01-toolchain-ci-docs;04-desktop,release bookkeeping; pin only after coverage gate,6,.release/desktop-candidate.json;CHANGELOG.md;desktop/package.json;desktop/src-tauri/Cargo.lock;desktop/src-tauri/Cargo.toml;desktop/src-tauri/tauri.conf.json,adapted,"Intermediate release bookkeeping is superseded by final 0.5.22 metadata; preserve Crew package/product identifiers and manual release attribution. The pin is a working-branch target, not acceptance evidence.",.release/desktop-candidate.json;CHANGELOG.md;desktop/package.json;desktop/src-tauri/Cargo.lock;desktop/src-tauri/Cargo.toml;desktop/src-tauri/tauri.conf.json;plans/reports/implementer-260905-native-release-integration.md;plans/reports/reviewer-260905-coverage-audit.md;plans/reports/reviewer-20260905-final-desktop-reconciliation.md,"Final-source audit: 1 target-exact, 4 adapted, 1 intentional Crew/mapped paths. Native tests 3431 passed, 19 ignored; clippy passed. Source coverage and local just ci/dependency-policy gates passed; 10k browser smoke passed; PR #342 Gate/manual passed on 0ef5491f; whole CI cancelled after smoke 3/4 timeouts with failures. Later repairs have local validation; PR342 checks are canonical remote evidence and full NuncioCrew CI including all desktop smoke shards and manual upstream compatibility must pass on the exact head at merge."
77,e8172b5baccd0f4a711f5e19a3bc4313708f1c78,feat(desktop): hyperlink selected composer text on link paste (#6684),01-toolchain-ci-docs;04-desktop,integrate final released behavior,7,desktop/package.json;desktop/src/features/messages/lib/composerLinkPastePipeline.test.mjs;desktop/src/features/messages/lib/composerMessageLinkNode.test.mjs;desktop/src/features/messages/lib/composerMessageLinkNode.ts;desktop/src/features/messages/lib/linkPasteTrailingSpace.ts;desktop/src/features/messages/lib/useRichTextEditor.ts;pnpm-lock.yaml,adapted,Final 0.5.22 source for feat(desktop): hyperlink selected composer text on link paste is accounted for at the current paths below. Shared files retain Crew extensions or use existing Crew integration seams; supporting review evidence is attached.,desktop/package.json;desktop/src/features/messages/lib/composerLinkPastePipeline.test.mjs;desktop/src/features/messages/lib/composerMessageLinkNode.test.mjs;desktop/src/features/messages/lib/composerMessageLinkNode.ts;desktop/src/features/messages/lib/linkPasteTrailingSpace.ts;desktop/src/features/messages/lib/useRichTextEditor.ts;pnpm-lock.yaml;plans/reports/implementer-260905-desktop-message-notification-huddle-ports.md;plans/reports/reviewer-260905-coverage-audit.md;plans/reports/reviewer-20260905-final-desktop-reconciliation.md,"Final-source audit: 2 target-exact, 5 adapted, 0 intentional Crew/mapped paths. 1374 message tests and 193 focused integration tests passed at report snapshot. Source coverage and local just ci/dependency-policy gates passed; 10k browser smoke passed; PR #342 Gate/manual passed on 0ef5491f; whole CI cancelled after smoke 3/4 timeouts with failures. Later repairs have local validation; PR342 checks are canonical remote evidence and full NuncioCrew CI including all desktop smoke shards and manual upstream compatibility must pass on the exact head at merge."
78,4f529a45f219f55bc6038f304cd69e3f51ec0533,fix(desktop): prioritize sidebar channel status (#6861),04-desktop,integrate final released behavior,2,desktop/src/features/sidebar/ui/SidebarSection.tsx;desktop/tests/e2e/channels.spec.ts,adapted,Final 0.5.22 source for fix(desktop): prioritize sidebar channel status is accounted for at the current paths below. Shared files retain Crew extensions or use existing Crew integration seams; supporting review evidence is attached.,desktop/src/features/sidebar/ui/SidebarSection.tsx;desktop/tests/e2e/channels.spec.ts;plans/reports/reviewer-260905-coverage-audit.md;plans/reports/reviewer-20260905-final-desktop-reconciliation.md,"Final-source audit: 0 target-exact, 2 adapted, 0 intentional Crew/mapped paths. Source coverage and local just ci/dependency-policy gates passed; 10k browser smoke passed; PR #342 Gate/manual passed on 0ef5491f; whole CI cancelled after smoke 3/4 timeouts with failures. Later repairs have local validation; PR342 checks are canonical remote evidence and full NuncioCrew CI including all desktop smoke shards and manual upstream compatibility must pass on the exact head at merge."
79,db514b153a8cb17631d6e80b91c95fdc45deb147,fix(desktop): stop pulsing addressed agents on send (#6873),04-desktop,integrate final released behavior,4,desktop/src/features/messages/ui/MessageComposer.tsx;desktop/src/features/messages/ui/useMentionSendFlow.ts;desktop/src/features/messages/ui/useMentionSendFlow.types.ts;desktop/tests/e2e/persistent-agent-audience.spec.ts,adapted,Final 0.5.22 source for fix(desktop): stop pulsing addressed agents on send is accounted for at the current paths below. Shared files retain Crew extensions or use existing Crew integration seams; supporting review evidence is attached.,desktop/src/features/messages/ui/MessageComposer.tsx;desktop/src/features/messages/ui/useMentionSendFlow.ts;desktop/src/features/messages/ui/useMentionSendFlow.types.ts;desktop/tests/e2e/persistent-agent-audience.spec.ts;plans/reports/implementer-260905-desktop-message-notification-huddle-ports.md;plans/reports/reviewer-260905-coverage-audit.md;plans/reports/reviewer-20260905-final-desktop-reconciliation.md,"Final-source audit: 1 target-exact, 3 adapted, 0 intentional Crew/mapped paths. 1374 message tests and 193 focused integration tests passed at report snapshot. Source coverage and local just ci/dependency-policy gates passed; 10k browser smoke passed; PR #342 Gate/manual passed on 0ef5491f; whole CI cancelled after smoke 3/4 timeouts with failures. Later repairs have local validation; PR342 checks are canonical remote evidence and full NuncioCrew CI including all desktop smoke shards and manual upstream compatibility must pass on the exact head at merge."
80,dcee330b5ca984de8657a6d8cf36e34e1d825d4a,Fix Admin feedback filter overflow (#6825),01-toolchain-ci-docs,integrate final released behavior,2,admin-web/src/styles.css;admin-web/tests/routes.spec.ts,adapted,Final 0.5.22 source for Fix Admin feedback filter overflow is accounted for at the current paths below. Shared files retain Crew extensions or use existing Crew integration seams; supporting review evidence is attached.,admin-web/src/styles.css;admin-web/tests/routes.spec.ts;plans/reports/implementer-260905-supporting-source-ports.md;plans/reports/reviewer-260905-coverage-audit.md,"Final-source audit: 1 target-exact, 1 adapted, 0 intentional Crew/mapped paths. Admin build/lint and 28 browser tests passed. Source coverage and local just ci/dependency-policy gates passed; 10k browser smoke passed; PR #342 Gate/manual passed on 0ef5491f; whole CI cancelled after smoke 3/4 timeouts with failures. Later repairs have local validation; PR342 checks are canonical remote evidence and full NuncioCrew CI including all desktop smoke shards and manual upstream compatibility must pass on the exact head at merge."
81,ef0d2025683869418e8eee22ac5b5ac16c5198b7,refactor(db): finish replaceable event store extraction (#6777),02-shared-substrate,integrate final released behavior,2,crates/buzz-db/src/lib.rs;crates/buzz-db/src/replaceable.rs,ported,Final 0.5.22 source for refactor(db): finish replaceable event store extraction is accounted for at the current paths below. Every listed path matches the final target bytes (including final target deletions).,crates/buzz-db/src/lib.rs;final-target-deleted:crates/buzz-db/src/replaceable.rs;plans/reports/260905-substrate-integration.md;plans/reports/reviewer-260905-coverage-audit.md,"Final-source audit: 2 target-exact, 0 adapted, 0 intentional Crew/mapped paths. 272 committed isolated PostgreSQL tests passed. Source coverage and local just ci/dependency-policy gates passed; 10k browser smoke passed; PR #342 Gate/manual passed on 0ef5491f; whole CI cancelled after smoke 3/4 timeouts with failures. Later repairs have local validation; PR342 checks are canonical remote evidence and full NuncioCrew CI including all desktop smoke shards and manual upstream compatibility must pass on the exact head at merge."
82,583af02299e20cbd8603044c7844bc128e4e06cd,fix(cli): preserve signatures in event reads (#6884),01-toolchain-ci-docs;03-agent-runtime;03-managed-agents,integrate final released behavior,6,AGENTS.md;crates/buzz-cli/TESTING.md;crates/buzz-cli/src/client.rs;crates/buzz-cli/src/commands/feed.rs;crates/buzz-cli/src/commands/messages.rs;desktop/src-tauri/src/managed_agents/nest_skill.md,adapted,Final 0.5.22 source for fix(cli): preserve signatures in event reads is accounted for at the current paths below. Shared files retain Crew extensions or use existing Crew integration seams; supporting review evidence is attached.,AGENTS.md;crates/buzz-cli/TESTING.md;crates/buzz-cli/src/client.rs;crates/buzz-cli/src/commands/feed.rs;crates/buzz-cli/src/commands/messages.rs;desktop/src-tauri/src/managed_agents/nest_skill.md;plans/reports/implementer-260905-native-release-integration.md;plans/reports/reviewer-260905-coverage-audit.md;plans/reports/reviewer-20260905-final-desktop-reconciliation.md,"Final-source audit: 3 target-exact, 3 adapted, 0 intentional Crew/mapped paths. Native tests 3431 passed, 19 ignored; clippy passed. Source coverage and local just ci/dependency-policy gates passed; 10k browser smoke passed; PR #342 Gate/manual passed on 0ef5491f; whole CI cancelled after smoke 3/4 timeouts with failures. Later repairs have local validation; PR342 checks are canonical remote evidence and full NuncioCrew CI including all desktop smoke shards and manual upstream compatibility must pass on the exact head at merge."
83,f177f4909d55ad48a36e86a682cd5be4f006f0fe,Use paired tags for standing & per-turn context (#6701),03-agent-runtime;03-managed-agents,integrate final released behavior,11,crates/buzz-acp/src/base_prompt.md;crates/buzz-acp/src/config.rs;crates/buzz-acp/src/engram_fetch.rs;crates/buzz-acp/src/lib.rs;crates/buzz-acp/src/pool.rs;crates/buzz-acp/src/prompt_framing.rs;crates/buzz-acp/src/queue.rs;desktop/src/features/agents/ui/agentSessionTranscript.test.mjs;desktop/src/features/agents/ui/agentSessionTranscript.ts;desktop/src/features/agents/ui/agentSessionTranscriptHelpers.test.mjs;desktop/src/features/agents/ui/agentSessionTranscriptHelpers.ts,adapted,Final 0.5.22 source for Use paired tags for standing & per-turn context is accounted for at the current paths below. Shared files retain Crew extensions or use existing Crew integration seams; supporting review evidence is attached.,crates/buzz-acp/src/base_prompt.md;crates/buzz-acp/src/config.rs;crates/buzz-acp/src/engram_fetch.rs;crates/buzz-acp/src/lib.rs;crates/buzz-acp/src/pool.rs;crates/buzz-acp/src/prompt_framing.rs;crates/buzz-acp/src/queue.rs;desktop/src/features/agents/ui/agentSessionTranscript.test.mjs;desktop/src/features/agents/ui/agentSessionTranscript.ts;desktop/src/features/agents/ui/agentSessionTranscriptHelpers.test.mjs;desktop/src/features/agents/ui/agentSessionTranscriptHelpers.ts;plans/reports/implementer-260905-acp-priority-ports.md;/tmp/crew-profile-agent-final-tests.log;plans/reports/reviewer-260905-coverage-audit.md;plans/reports/reviewer-20260905-final-desktop-reconciliation.md,"Final-source audit: 4 target-exact, 7 adapted, 0 intentional Crew/mapped paths. 1175 ACP library tests, 14 integration tests, 6 PostgreSQL regressions passed. 1170 scoped profile/agent tests passed; scoped TypeScript clean. Source coverage and local just ci/dependency-policy gates passed; 10k browser smoke passed; PR #342 Gate/manual passed on 0ef5491f; whole CI cancelled after smoke 3/4 timeouts with failures. Later repairs have local validation; PR342 checks are canonical remote evidence and full NuncioCrew CI including all desktop smoke shards and manual upstream compatibility must pass on the exact head at merge."
84,22cdda441d19da1b15dd7db4d932d2f067cd87b3,feat(desktop): restore message quick reactions (#6892),04-desktop,integrate final released behavior,3,desktop/src/features/messages/ui/MessageActionBar.tsx;desktop/tests/e2e/custom-emoji.spec.ts;desktop/tests/e2e/message-copy-link.spec.ts,adapted,Final 0.5.22 source for feat(desktop): restore message quick reactions is accounted for at the current paths below. Shared files retain Crew extensions or use existing Crew integration seams; supporting review evidence is attached.,desktop/src/features/messages/ui/MessageActionBar.tsx;desktop/tests/e2e/custom-emoji.spec.ts;desktop/tests/e2e/message-copy-link.spec.ts;plans/reports/implementer-260905-desktop-message-notification-huddle-ports.md;plans/reports/reviewer-260905-coverage-audit.md;plans/reports/reviewer-20260905-final-desktop-reconciliation.md,"Final-source audit: 1 target-exact, 2 adapted, 0 intentional Crew/mapped paths. 1374 message tests and 193 focused integration tests passed at report snapshot. Source coverage and local just ci/dependency-policy gates passed; 10k browser smoke passed; PR #342 Gate/manual passed on 0ef5491f; whole CI cancelled after smoke 3/4 timeouts with failures. Later repairs have local validation; PR342 checks are canonical remote evidence and full NuncioCrew CI including all desktop smoke shards and manual upstream compatibility must pass on the exact head at merge."
85,de188ebf06f701ca0f47c51f859da21e19a35f04,feat(projects): add agent and CLI project-home support (#6590),02-shared-substrate;03-agent-runtime;03-managed-agents;04-desktop,integrate final released behavior,165,crates/buzz-acp/src/base_prompt.md;crates/buzz-acp/src/lib.rs;crates/buzz-acp/src/pool.rs;crates/buzz-acp/src/prompt_project.rs;crates/buzz-acp/src/queue.rs;crates/buzz-acp/src/relay.rs;crates/buzz-cli/src/agent_management.rs;crates/buzz-cli/src/client.rs;crates/buzz-cli/src/commands/issues.rs;crates/buzz-cli/src/commands/mod.rs;crates/buzz-cli/src/commands/project_channel.rs;crates/buzz-cli/src/commands/projects.rs;crates/buzz-cli/src/commands/repos.rs;crates/buzz-cli/src/lib.rs;crates/buzz-db/src/event.rs;crates/buzz-relay/src/api/bridge.rs;desktop/src-tauri/src/commands/channels.rs;desktop/src/app/navigation/useAppNavigation.ts;desktop/src/app/routes/ChannelRouteScreen.tsx;desktop/src/app/routes/projects.$projectId.tsx;desktop/src/features/agents/observerRelayStore.ts;desktop/src/features/agents/ui/AgentManagementDialogs.tsx;desktop/src/features/channels/lib/channelLifecycle.test.mjs;desktop/src/features/channels/lib/channelLifecycle.ts;desktop/src/features/channels/ui/ChannelGlyph.tsx;desktop/src/features/channels/ui/ChannelManagementSheet.tsx;desktop/src/features/channels/ui/ChannelManagementSheetRows.tsx;desktop/src/features/channels/ui/ChannelMembersBar.tsx;desktop/src/features/channels/ui/ChannelPane.helpers.test.mjs;desktop/src/features/channels/ui/ChannelPane.helpers.ts;desktop/src/features/channels/ui/ChannelPane.tsx;desktop/src/features/channels/ui/ChannelPane.types.ts;desktop/src/features/channels/ui/ChannelScreen.tsx;desktop/src/features/channels/ui/ChannelScreen.types.ts;desktop/src/features/channels/ui/ChannelScreenHeader.tsx;desktop/src/features/channels/ui/ChannelTypePicker.tsx;desktop/src/features/channels/ui/ChannelTypeSettings.tsx;desktop/src/features/channels/ui/FocusThreadDrawer.tsx;desktop/src/features/channels/ui/IdleAuxiliaryPanel.tsx;desktop/src/features/channels/ui/RightAuxiliaryPane.tsx;desktop/src/features/channels/ui/useChannelIntro.tsx;desktop/src/features/channels/ui/useRoutedMessageEdit.ts;desktop/src/features/messages/lib/timelineSnapshot.test.mjs;desktop/src/features/messages/ui/ChannelIntroBlock.tsx;desktop/src/features/projects/createProject.ts;desktop/src/features/projects/hooks.ts;desktop/src/features/projects/lib/projectAgentConversation.test.mjs;desktop/src/features/projects/lib/projectAgentConversation.ts;desktop/src/features/projects/lib/projectAgentSelection.test.mjs;desktop/src/features/projects/lib/projectAgentSelection.ts;desktop/src/features/projects/lib/projectCollection.test.mjs;desktop/src/features/projects/lib/projectCollection.ts;desktop/src/features/projects/lib/projectDetailSearch.test.mjs;desktop/src/features/projects/lib/projectDetailSearch.ts;desktop/src/features/projects/lib/projectHomeChannel.test.mjs;desktop/src/features/projects/lib/projectHomeChannel.ts;desktop/src/features/projects/lib/projectHomeSummary.test.mjs;desktop/src/features/projects/lib/projectHomeSummary.ts;desktop/src/features/projects/lib/projectHomeTemplate.test.mjs;desktop/src/features/projects/lib/projectHomeTemplate.ts;desktop/src/features/projects/lib/projectHomeWorkspaceSheet.test.mjs;desktop/src/features/projects/lib/projectHomeWorkspaceSheet.ts;desktop/src/features/projects/lib/projectRelatedChannels.test.mjs;desktop/src/features/projects/lib/projectRelatedChannels.ts;desktop/src/features/projects/lib/projectsActivityDigest.test.mjs;desktop/src/features/projects/lib/projectsActivityDigest.ts;desktop/src/features/projects/lib/projectsSearch.test.mjs;desktop/src/features/projects/lib/projectsSearch.ts;desktop/src/features/projects/lib/useProjectSelection.tsx;desktop/src/features/projects/projectChannelCreation.test.mjs;desktop/src/features/projects/projectChannelCreation.ts;desktop/src/features/projects/projectChannelRequest.test.mjs;desktop/src/features/projects/projectChannelRequest.ts;desktop/src/features/projects/projectChannelRequestQueue.test.mjs;desktop/src/features/projects/projectChannelRequestQueue.ts;desktop/src/features/projects/projectCreation.test.mjs;desktop/src/features/projects/projectCreation.ts;desktop/src/features/projects/projectEnumeration.ts;desktop/src/features/projects/projectModels.test.mjs;desktop/src/features/projects/projectModels.ts;desktop/src/features/projects/projectWorkItems.test.mjs;desktop/src/features/projects/projectWorkItems.ts;desktop/src/features/projects/ui/AddProjectRepositoryDialog.tsx;desktop/src/features/projects/ui/CreateProjectDialog.tsx;desktop/src/features/projects/ui/CreateProjectFormContent.tsx;desktop/src/features/projects/ui/CreateProjectFormSettings.tsx;desktop/src/features/projects/ui/DiscussionChannels.tsx;desktop/src/features/projects/ui/ProjectAgentChatPanel.tsx;desktop/src/features/projects/ui/ProjectChannelHome.tsx;desktop/src/features/projects/ui/ProjectChannelIcon.tsx;desktop/src/features/projects/ui/ProjectChannelManagement.tsx;desktop/src/features/projects/ui/ProjectChannelRequestDialog.test.mjs;desktop/src/features/projects/ui/ProjectChannelRequestDialog.tsx;desktop/src/features/projects/ui/ProjectContextRail.tsx;desktop/src/features/projects/ui/ProjectDetailChrome.tsx;desktop/src/features/projects/ui/ProjectDetailFeedPanels.tsx;desktop/src/features/projects/ui/ProjectDetailScreen.tsx;desktop/src/features/projects/ui/ProjectEntityListRow.tsx;desktop/src/features/projects/ui/ProjectHomeCodebasePanel.tsx;desktop/src/features/projects/ui/ProjectHomeColumn.tsx;desktop/src/features/projects/ui/ProjectHomeCommitsPanel.test.mjs;desktop/src/features/projects/ui/ProjectHomeCommitsPanel.tsx;desktop/src/features/projects/ui/ProjectHomeContextPanel.tsx;desktop/src/features/projects/ui/ProjectHomeWorkspaceSheet.test.mjs;desktop/src/features/projects/ui/ProjectHomeWorkspaceSheet.tsx;desktop/src/features/projects/ui/ProjectIssuesPanel.tsx;desktop/src/features/projects/ui/ProjectOverviewPanel.tsx;desktop/src/features/projects/ui/ProjectPanelState.tsx;desktop/src/features/projects/ui/ProjectReadmePanel.tsx;desktop/src/features/projects/ui/ProjectRepositoryManagement.tsx;desktop/src/features/projects/ui/ProjectRepositoryPanel.tsx;desktop/src/features/projects/ui/ProjectRightPanelControls.tsx;desktop/src/features/projects/ui/ProjectSelectableGroup.tsx;desktop/src/features/projects/ui/ProjectWorkspaceTabList.tsx;desktop/src/features/projects/ui/ProjectWorkspaceTabs.tsx;desktop/src/features/projects/ui/ProjectsActivityFeed.tsx;desktop/src/features/projects/ui/ProjectsAgentPromptPage.tsx;desktop/src/features/projects/ui/ProjectsCategoryCreateDialogs.tsx;desktop/src/features/projects/ui/ProjectsChannelsList.tsx;desktop/src/features/projects/ui/ProjectsCreateMenu.tsx;desktop/src/features/projects/ui/ProjectsIssuesList.tsx;desktop/src/features/projects/ui/ProjectsListHeaderBar.tsx;desktop/src/features/projects/ui/ProjectsOverviewChromeActions.tsx;desktop/src/features/projects/ui/ProjectsOverviewContextSheet.tsx;desktop/src/features/projects/ui/ProjectsOverviewItems.tsx;desktop/src/features/projects/ui/ProjectsOverviewPanel.tsx;desktop/src/features/projects/ui/ProjectsPullRequestsList.tsx;desktop/src/features/projects/ui/ProjectsSectionSearch.tsx;desktop/src/features/projects/ui/ProjectsSelectionCountMenu.tsx;desktop/src/features/projects/ui/ProjectsToolbar.tsx;desktop/src/features/projects/ui/ProjectsView.tsx;desktop/src/features/projects/ui/PullRequestsPanelSurface.tsx;desktop/src/features/projects/ui/projectDetailHelpers.ts;desktop/src/features/projects/ui/projectPanelStyles.ts;desktop/src/features/projects/ui/projectsOverviewContext.test.mjs;desktop/src/features/projects/ui/projectsOverviewContext.ts;desktop/src/features/projects/ui/useCreateProjectFormSettings.test.mjs;desktop/src/features/projects/ui/useCreateProjectFormSettings.ts;desktop/src/features/projects/ui/useRepositoryFilesNavigation.ts;desktop/src/features/projects/ui/useRetainedProjectGitViews.test.mjs;desktop/src/features/projects/useAddProjectChannel.test.mjs;desktop/src/features/projects/useAddProjectChannel.ts;desktop/src/features/projects/useCreateProject.ts;desktop/src/features/projects/useHealProjectHomeRepositories.ts;desktop/src/features/projects/useProjectChannelRequests.ts;desktop/src/features/projects/useProjectRepositorySnapshots.ts;desktop/src/features/sidebar/ui/CreateChannelDialog.tsx;desktop/src/features/sidebar/ui/SidebarProjectsSection.test.mjs;desktop/src/features/sidebar/ui/SidebarProjectsSection.tsx;desktop/src/features/sidebar/ui/SidebarSection.tsx;desktop/src/features/sidebar/ui/listSidebarProjects.ts;desktop/src/shared/api/types.ts;desktop/src/shared/layout/sidebarLayout.ts;desktop/src/shared/ui/DrawerPanelIcon.tsx;desktop/src/shared/ui/sidebar.tsx;desktop/src/testing/e2eBridge.ts;desktop/tests/e2e/channel-browser.spec.ts;desktop/tests/e2e/channels.spec.ts;desktop/tests/e2e/entity-link-recipient-cards.spec.ts;desktop/tests/e2e/project-commit-detail.spec.ts;desktop/tests/e2e/project-conversation-load-failure.spec.ts;desktop/tests/e2e/project-issue-comments.spec.ts;desktop/tests/e2e/project-pr-review.spec.ts;desktop/tests/e2e/projects-v3-screenshots.spec.ts;desktop/tests/e2e/terminal-wheel.spec.ts,adapted,Final 0.5.22 source for feat(projects): add agent and CLI project-home support is accounted for at the current paths below. Shared files retain Crew extensions or use existing Crew integration seams; supporting review evidence is attached. Existing Crew repository create menu remains behind channel-first capability/outcome routing.,crates/buzz-acp/src/base_prompt.md;crates/buzz-acp/src/lib.rs;crates/buzz-acp/src/pool.rs;crates/buzz-acp/src/prompt_project.rs;crates/buzz-acp/src/queue.rs;crates/buzz-acp/src/relay.rs;crates/buzz-cli/src/agent_management.rs;crates/buzz-cli/src/client.rs;crates/buzz-cli/src/commands/issues.rs;crates/buzz-cli/src/commands/mod.rs;crates/buzz-cli/src/commands/project_channel.rs;crates/buzz-cli/src/commands/projects.rs;crates/buzz-cli/src/commands/repos.rs;crates/buzz-cli/src/lib.rs;final-target-deleted:crates/buzz-db/src/event.rs;crates/buzz-relay/src/api/bridge.rs;desktop/src-tauri/src/commands/channels.rs;desktop/src/app/navigation/useAppNavigation.ts;desktop/src/app/routes/ChannelRouteScreen.tsx;desktop/src/app/routes/projects.$projectId.tsx;desktop/src/features/agents/observerRelayStore.ts;desktop/src/features/agents/ui/AgentManagementDialogs.tsx;desktop/src/features/channels/lib/channelLifecycle.test.mjs;desktop/src/features/channels/lib/channelLifecycle.ts;desktop/src/features/channels/ui/ChannelGlyph.tsx;desktop/src/features/channels/ui/ChannelManagementSheet.tsx;desktop/src/features/channels/ui/ChannelManagementSheetRows.tsx;desktop/src/features/channels/ui/ChannelMembersBar.tsx;desktop/src/features/channels/ui/ChannelPane.helpers.test.mjs;desktop/src/features/channels/ui/ChannelPane.helpers.ts;desktop/src/features/channels/ui/ChannelPane.tsx;desktop/src/features/channels/ui/ChannelPane.types.ts;desktop/src/features/channels/ui/ChannelScreen.tsx;desktop/src/features/channels/ui/ChannelScreen.types.ts;desktop/src/features/channels/ui/ChannelScreenHeader.tsx;desktop/src/features/channels/ui/ChannelTypePicker.tsx;desktop/src/features/channels/ui/ChannelTypeSettings.tsx;desktop/src/features/channels/ui/FocusThreadDrawer.tsx;desktop/src/features/channels/ui/IdleAuxiliaryPanel.tsx;desktop/src/features/channels/ui/RightAuxiliaryPane.tsx;desktop/src/features/channels/ui/useChannelIntro.tsx;desktop/src/features/channels/ui/useRoutedMessageEdit.ts;desktop/src/features/messages/lib/timelineSnapshot.test.mjs;desktop/src/features/messages/ui/ChannelIntroBlock.tsx;desktop/src/features/projects/createProject.ts;desktop/src/features/projects/hooks.ts;desktop/src/features/projects/lib/projectAgentConversation.test.mjs;desktop/src/features/projects/lib/projectAgentConversation.ts;desktop/src/features/projects/lib/projectAgentSelection.test.mjs;desktop/src/features/projects/lib/projectAgentSelection.ts;desktop/src/features/projects/lib/projectCollection.test.mjs;desktop/src/features/projects/lib/projectCollection.ts;desktop/src/features/projects/lib/projectDetailSearch.test.mjs;desktop/src/features/projects/lib/projectDetailSearch.ts;desktop/src/features/projects/lib/projectHomeChannel.test.mjs;desktop/src/features/projects/lib/projectHomeChannel.ts;desktop/src/features/projects/lib/projectHomeSummary.test.mjs;desktop/src/features/projects/lib/projectHomeSummary.ts;desktop/src/features/projects/lib/projectHomeTemplate.test.mjs;desktop/src/features/projects/lib/projectHomeTemplate.ts;desktop/src/features/projects/lib/projectHomeWorkspaceSheet.test.mjs;desktop/src/features/projects/lib/projectHomeWorkspaceSheet.ts;desktop/src/features/projects/lib/projectRelatedChannels.test.mjs;desktop/src/features/projects/lib/projectRelatedChannels.ts;desktop/src/features/projects/lib/projectsActivityDigest.test.mjs;desktop/src/features/projects/lib/projectsActivityDigest.ts;desktop/src/features/projects/lib/projectsSearch.test.mjs;desktop/src/features/projects/lib/projectsSearch.ts;desktop/src/features/projects/lib/useProjectSelection.tsx;desktop/src/features/projects/projectChannelCreation.test.mjs;desktop/src/features/projects/projectChannelCreation.ts;desktop/src/features/projects/projectChannelRequest.test.mjs;desktop/src/features/projects/projectChannelRequest.ts;desktop/src/features/projects/projectChannelRequestQueue.test.mjs;desktop/src/features/projects/projectChannelRequestQueue.ts;desktop/src/features/projects/projectCreation.test.mjs;desktop/src/features/projects/projectCreation.ts;desktop/src/features/projects/projectEnumeration.ts;desktop/src/features/projects/projectModels.test.mjs;desktop/src/features/projects/projectModels.ts;desktop/src/features/projects/projectWorkItems.test.mjs;desktop/src/features/projects/projectWorkItems.ts;desktop/src/features/projects/ui/AddProjectRepositoryDialog.tsx;desktop/src/features/projects/ui/CreateProjectDialog.tsx;desktop/src/features/projects/ui/CreateProjectFormContent.tsx;desktop/src/features/projects/ui/CreateProjectFormSettings.tsx;desktop/src/features/projects/ui/DiscussionChannels.tsx;desktop/src/features/projects/ui/ProjectAgentChatPanel.tsx;desktop/src/features/projects/ui/ProjectChannelHome.tsx;desktop/src/features/projects/ui/ProjectChannelIcon.tsx;desktop/src/features/projects/ui/ProjectChannelManagement.tsx;desktop/src/features/projects/ui/ProjectChannelRequestDialog.test.mjs;desktop/src/features/projects/ui/ProjectChannelRequestDialog.tsx;desktop/src/features/projects/ui/ProjectContextRail.tsx;desktop/src/features/projects/ui/ProjectDetailChrome.tsx;desktop/src/features/projects/ui/ProjectDetailFeedPanels.tsx;desktop/src/features/projects/ui/ProjectDetailScreen.tsx;desktop/src/features/projects/ui/ProjectEntityListRow.tsx;desktop/src/features/projects/ui/ProjectHomeCodebasePanel.tsx;desktop/src/features/projects/ui/ProjectHomeColumn.tsx;desktop/src/features/projects/ui/ProjectHomeCommitsPanel.test.mjs;desktop/src/features/projects/ui/ProjectHomeCommitsPanel.tsx;desktop/src/features/projects/ui/ProjectHomeContextPanel.tsx;desktop/src/features/projects/ui/ProjectHomeWorkspaceSheet.test.mjs;desktop/src/features/projects/ui/ProjectHomeWorkspaceSheet.tsx;desktop/src/features/projects/ui/ProjectIssuesPanel.tsx;desktop/src/features/projects/ui/ProjectOverviewPanel.tsx;desktop/src/features/projects/ui/ProjectPanelState.tsx;desktop/src/features/projects/ui/ProjectReadmePanel.tsx;desktop/src/features/projects/ui/ProjectRepositoryManagement.tsx;desktop/src/features/projects/ui/ProjectRepositoryPanel.tsx;desktop/src/features/projects/ui/ProjectRightPanelControls.tsx;desktop/src/features/projects/ui/ProjectSelectableGroup.tsx;desktop/src/features/projects/ui/ProjectWorkspaceTabList.tsx;desktop/src/features/projects/ui/ProjectWorkspaceTabs.tsx;desktop/src/features/projects/ui/ProjectsActivityFeed.tsx;desktop/src/features/projects/ui/ProjectsAgentPromptPage.tsx;desktop/src/features/projects/ui/ProjectsCategoryCreateDialogs.tsx;desktop/src/features/projects/ui/ProjectsChannelsList.tsx;desktop/src/features/projects/ui/ProjectsCreateMenu.tsx;desktop/src/features/projects/ui/ProjectsIssuesList.tsx;desktop/src/features/projects/ui/ProjectsListHeaderBar.tsx;desktop/src/features/projects/ui/ProjectsOverviewChromeActions.tsx;desktop/src/features/projects/ui/ProjectsOverviewContextSheet.tsx;desktop/src/features/projects/ui/ProjectsOverviewItems.tsx;desktop/src/features/projects/ui/ProjectsOverviewPanel.tsx;desktop/src/features/projects/ui/ProjectsPullRequestsList.tsx;desktop/src/features/projects/ui/ProjectsSectionSearch.tsx;desktop/src/features/projects/ui/ProjectsSelectionCountMenu.tsx;desktop/src/features/projects/ui/ProjectsToolbar.tsx;desktop/src/features/projects/ui/ProjectsView.tsx;desktop/src/features/projects/ui/PullRequestsPanelSurface.tsx;desktop/src/features/projects/ui/projectDetailHelpers.ts;desktop/src/features/projects/ui/projectPanelStyles.ts;desktop/src/features/projects/ui/projectsOverviewContext.test.mjs;desktop/src/features/projects/ui/projectsOverviewContext.ts;desktop/src/features/projects/ui/useCreateProjectFormSettings.test.mjs;desktop/src/features/projects/ui/useCreateProjectFormSettings.ts;desktop/src/features/projects/ui/useRepositoryFilesNavigation.ts;desktop/src/features/projects/ui/useRetainedProjectGitViews.test.mjs;desktop/src/features/projects/useAddProjectChannel.test.mjs;desktop/src/features/projects/useAddProjectChannel.ts;desktop/src/features/projects/useCreateProject.ts;desktop/src/features/projects/useHealProjectHomeRepositories.ts;desktop/src/features/projects/useProjectChannelRequests.ts;desktop/src/features/projects/useProjectRepositorySnapshots.ts;desktop/src/features/sidebar/ui/CreateChannelDialog.tsx;desktop/src/features/sidebar/ui/SidebarProjectsSection.test.mjs;desktop/src/features/sidebar/ui/SidebarProjectsSection.tsx;desktop/src/features/sidebar/ui/SidebarSection.tsx;desktop/src/features/sidebar/ui/listSidebarProjects.ts;desktop/src/shared/api/types.ts;desktop/src/shared/layout/sidebarLayout.ts;desktop/src/shared/ui/DrawerPanelIcon.tsx;desktop/src/shared/ui/sidebar.tsx;desktop/src/testing/e2eBridge.ts;desktop/tests/e2e/channel-browser.spec.ts;desktop/tests/e2e/channels.spec.ts;desktop/tests/e2e/entity-link-recipient-cards.spec.ts;desktop/tests/e2e/project-commit-detail.spec.ts;desktop/tests/e2e/project-conversation-load-failure.spec.ts;desktop/tests/e2e/project-issue-comments.spec.ts;desktop/tests/e2e/project-pr-review.spec.ts;desktop/tests/e2e/projects-v3-screenshots.spec.ts;desktop/tests/e2e/terminal-wheel.spec.ts;plans/reports/implementer-260905-native-release-integration.md;plans/reports/260905-projects-release-integration.md;plans/reports/implementer-260905-desktop-message-notification-huddle-ports.md;plans/reports/implementer-260905-acp-priority-ports.md;plans/reports/260905-substrate-integration.md;/tmp/crew-profile-agent-final-tests.log;plans/reports/reviewer-260905-coverage-audit.md;plans/reports/reviewer-20260905-final-desktop-reconciliation.md,"Final-source audit: 113 target-exact, 51 adapted, 1 intentional Crew/mapped paths. Native tests 3431 passed, 19 ignored; clippy passed. 69 focused project tests passed; final renderer gate tracked by coordinator. 1374 message tests and 193 focused integration tests passed at report snapshot. 1175 ACP library tests, 14 integration tests, 6 PostgreSQL regressions passed. 272 committed isolated PostgreSQL tests passed. Relay integration and isolated PostgreSQL regressions recorded in substrate evidence. 1170 scoped profile/agent tests passed; scoped TypeScript clean. Source coverage and local just ci/dependency-policy gates passed; 10k browser smoke passed; PR #342 Gate/manual passed on 0ef5491f; whole CI cancelled after smoke 3/4 timeouts with failures. Later repairs have local validation; PR342 checks are canonical remote evidence and full NuncioCrew CI including all desktop smoke shards and manual upstream compatibility must pass on the exact head at merge."
86,4f554b6385065b698db819498a6f359b17a45459,feat(sidebar): prioritize unread DMs in overflow navigation (#6842),04-desktop,integrate final released behavior,9,desktop/src/features/sidebar/lib/useOffscreenActivityChannelIds.test.mjs;desktop/src/features/sidebar/lib/useSidebarActivityOverflow.ts;desktop/src/features/sidebar/lib/useUnreadOverflow.test.mjs;desktop/src/features/sidebar/lib/useUnreadOverflow.ts;desktop/src/features/sidebar/ui/AppSidebar.tsx;desktop/src/features/sidebar/ui/MoreUnreadButton.test.mjs;desktop/src/features/sidebar/ui/MoreUnreadButton.tsx;desktop/src/shared/ui/UnreadPill.tsx;desktop/src/shared/ui/UserAvatar.tsx,adapted,Final 0.5.22 source for feat(sidebar): prioritize unread DMs in overflow navigation is accounted for at the current paths below. Shared files retain Crew extensions or use existing Crew integration seams; supporting review evidence is attached.,desktop/src/features/sidebar/lib/useOffscreenActivityChannelIds.test.mjs;desktop/src/features/sidebar/lib/useSidebarActivityOverflow.ts;desktop/src/features/sidebar/lib/useUnreadOverflow.test.mjs;desktop/src/features/sidebar/lib/useUnreadOverflow.ts;desktop/src/features/sidebar/ui/AppSidebar.tsx;desktop/src/features/sidebar/ui/MoreUnreadButton.test.mjs;desktop/src/features/sidebar/ui/MoreUnreadButton.tsx;desktop/src/shared/ui/UnreadPill.tsx;desktop/src/shared/ui/UserAvatar.tsx;plans/reports/reviewer-260905-coverage-audit.md;plans/reports/reviewer-20260905-final-desktop-reconciliation.md,"Final-source audit: 8 target-exact, 1 adapted, 0 intentional Crew/mapped paths. Source coverage and local just ci/dependency-policy gates passed; 10k browser smoke passed; PR #342 Gate/manual passed on 0ef5491f; whole CI cancelled after smoke 3/4 timeouts with failures. Later repairs have local validation; PR342 checks are canonical remote evidence and full NuncioCrew CI including all desktop smoke shards and manual upstream compatibility must pass on the exact head at merge."
87,01c87a350b0fda89c8d333a5dd6c0e9d89d0c03f,Apply access policy when reusing channel agents (#6838),03-managed-agents;04-desktop,integrate final released behavior,7,desktop/src/features/agents/agentReuse.test.mjs;desktop/src/features/agents/agentReuse.ts;desktop/src/features/agents/channelAgents.ts;desktop/src/features/agents/hooks.ts;desktop/src/features/messages/ui/useMentionSendFlow.ts;desktop/src/shared/api/types.ts;desktop/tests/e2e/mentions.spec.ts,adapted,Final 0.5.22 source for Apply access policy when reusing channel agents is accounted for at the current paths below. Shared files retain Crew extensions or use existing Crew integration seams; supporting review evidence is attached.,desktop/src/features/agents/agentReuse.test.mjs;desktop/src/features/agents/agentReuse.ts;desktop/src/features/agents/channelAgents.ts;desktop/src/features/agents/hooks.ts;desktop/src/features/messages/ui/useMentionSendFlow.ts;desktop/src/shared/api/types.ts;desktop/tests/e2e/mentions.spec.ts;plans/reports/implementer-260905-desktop-message-notification-huddle-ports.md;/tmp/crew-profile-agent-final-tests.log;plans/reports/reviewer-260905-coverage-audit.md;plans/reports/reviewer-20260905-final-desktop-reconciliation.md,"Final-source audit: 2 target-exact, 5 adapted, 0 intentional Crew/mapped paths. 1374 message tests and 193 focused integration tests passed at report snapshot. 1170 scoped profile/agent tests passed; scoped TypeScript clean. Source coverage and local just ci/dependency-policy gates passed; 10k browser smoke passed; PR #342 Gate/manual passed on 0ef5491f; whole CI cancelled after smoke 3/4 timeouts with failures. Later repairs have local validation; PR342 checks are canonical remote evidence and full NuncioCrew CI including all desktop smoke shards and manual upstream compatibility must pass on the exact head at merge."
88,8f3566ad9ebbd225e53ce66a7072ceee074eb25a,Deduplicate ACP thread prompt context (#6706),03-agent-runtime,adapt prompt completeness,2,crates/buzz-acp/src/pool.rs;crates/buzz-acp/src/queue.rs,adapted,Released prompt deduplication and missing-root semantics coexist with Crew retrieval hints and conversation history.,crates/buzz-acp/src/pool.rs;crates/buzz-acp/src/queue.rs;plans/reports/implementer-260905-acp-priority-ports.md;plans/reports/reviewer-260905-coverage-audit.md,"Final-source audit: 0 target-exact, 2 adapted, 0 intentional Crew/mapped paths. 1175 ACP library tests, 14 integration tests, 6 PostgreSQL regressions passed. Source coverage and local just ci/dependency-policy gates passed; 10k browser smoke passed; PR #342 Gate/manual passed on 0ef5491f; whole CI cancelled after smoke 3/4 timeouts with failures. Later repairs have local validation; PR342 checks are canonical remote evidence and full NuncioCrew CI including all desktop smoke shards and manual upstream compatibility must pass on the exact head at merge."
89,03bfc837cbe463de9ef59a86742825a4863fb603,fix(desktop-tooltip): increase surface contrast (#6897),04-desktop,integrate final released behavior,3,desktop/src/shared/ui/tooltip.tsx;desktop/tests/e2e/entity-link-recipient-cards.spec.ts;desktop/tests/e2e/tooltip-semantics.spec.ts,adapted,Final 0.5.22 source for fix(desktop-tooltip): increase surface contrast is accounted for at the current paths below. Shared files retain Crew extensions or use existing Crew integration seams; supporting review evidence is attached.,desktop/src/shared/ui/tooltip.tsx;desktop/tests/e2e/entity-link-recipient-cards.spec.ts;desktop/tests/e2e/tooltip-semantics.spec.ts;plans/reports/reviewer-260905-coverage-audit.md;plans/reports/reviewer-20260905-final-desktop-reconciliation.md,"Final-source audit: 0 target-exact, 3 adapted, 0 intentional Crew/mapped paths. Source coverage and local just ci/dependency-policy gates passed; 10k browser smoke passed; PR #342 Gate/manual passed on 0ef5491f; whole CI cancelled after smoke 3/4 timeouts with failures. Later repairs have local validation; PR342 checks are canonical remote evidence and full NuncioCrew CI including all desktop smoke shards and manual upstream compatibility must pass on the exact head at merge."
90,eb8e97cfe74afbe560d92f3a8f470967a992767f,fix(desktop): show edited head content in thread panel (#6887),04-desktop,integrate final released behavior,6,desktop/playwright.config.ts;desktop/src/features/messages/lib/independentThreadPanel.test.mjs;desktop/src/features/messages/lib/independentThreadPanel.ts;desktop/src/testing/e2eBridge.ts;desktop/tests/e2e/thread-head-stale-edit.spec.ts;desktop/tests/helpers/bridge.ts,adapted,Final 0.5.22 source for fix(desktop): show edited head content in thread panel is accounted for at the current paths below. Shared files retain Crew extensions or use existing Crew integration seams; supporting review evidence is attached.,desktop/playwright.config.ts;desktop/src/features/messages/lib/independentThreadPanel.test.mjs;desktop/src/features/messages/lib/independentThreadPanel.ts;desktop/src/testing/e2eBridge.ts;desktop/tests/e2e/thread-head-stale-edit.spec.ts;desktop/tests/helpers/bridge.ts;plans/reports/implementer-260905-desktop-message-notification-huddle-ports.md;plans/reports/reviewer-260905-coverage-audit.md;plans/reports/reviewer-20260905-final-desktop-reconciliation.md,"Final-source audit: 2 target-exact, 4 adapted, 0 intentional Crew/mapped paths. 1374 message tests and 193 focused integration tests passed at report snapshot. Source coverage and local just ci/dependency-policy gates passed; 10k browser smoke passed; PR #342 Gate/manual passed on 0ef5491f; whole CI cancelled after smoke 3/4 timeouts with failures. Later repairs have local validation; PR342 checks are canonical remote evidence and full NuncioCrew CI including all desktop smoke shards and manual upstream compatibility must pass on the exact head at merge."
91,79df468255b50f6aa7bd9cb19a622a4a37b88dac,Add Buzz benchmark evaluation layers (#6823),01-toolchain-ci-docs,integrate final released behavior,14,Justfile;benchmarks/buzz-dataset/README.md;benchmarks/buzz-dataset/ambiguous-user-mention/task.toml;benchmarks/buzz-dataset/create-channel-invite-users/task.toml;benchmarks/buzz-dataset/cross-thread-requests/task.toml;benchmarks/buzz-dataset/interleaved-agent-reports/task.toml;benchmarks/buzz-dataset/multiline-message/task.toml;benchmarks/buzz-dataset/narrative-agent-names/task.toml;benchmarks/buzz-dataset/read-named-path-outside-workspace/task.toml;benchmarks/buzz-dataset/reply-to-thread/task.toml;benchmarks/buzz-dataset/user-mention/task.toml;benchmarks/harbor-buzz-orchestra/README.md;benchmarks/harbor-buzz-orchestra/scripts/benchmark.py;benchmarks/harbor-buzz-orchestra/testbed/tests/test_benchmark.py,adapted,Final 0.5.22 source for Add Buzz benchmark evaluation layers is accounted for at the current paths below. Shared files retain Crew extensions or use existing Crew integration seams; supporting review evidence is attached.,Justfile;benchmarks/buzz-dataset/README.md;benchmarks/buzz-dataset/ambiguous-user-mention/task.toml;benchmarks/buzz-dataset/create-channel-invite-users/task.toml;benchmarks/buzz-dataset/cross-thread-requests/task.toml;benchmarks/buzz-dataset/interleaved-agent-reports/task.toml;benchmarks/buzz-dataset/multiline-message/task.toml;benchmarks/buzz-dataset/narrative-agent-names/task.toml;benchmarks/buzz-dataset/read-named-path-outside-workspace/task.toml;benchmarks/buzz-dataset/reply-to-thread/task.toml;benchmarks/buzz-dataset/user-mention/task.toml;benchmarks/harbor-buzz-orchestra/README.md;benchmarks/harbor-buzz-orchestra/scripts/benchmark.py;benchmarks/harbor-buzz-orchestra/testbed/tests/test_benchmark.py;plans/reports/implementer-260905-supporting-source-ports.md;plans/reports/reviewer-260905-coverage-audit.md,"Final-source audit: 13 target-exact, 1 adapted, 0 intentional Crew/mapped paths. Benchmark 91 tests; testbed 39 passed, 1 live-provider skip. Source coverage and local just ci/dependency-policy gates passed; 10k browser smoke passed; PR #342 Gate/manual passed on 0ef5491f; whole CI cancelled after smoke 3/4 timeouts with failures. Later repairs have local validation; PR342 checks are canonical remote evidence and full NuncioCrew CI including all desktop smoke shards and manual upstream compatibility must pass on the exact head at merge."
92,ceb8ba605f43728bdab64aa461211baeeb54364a,fix(desktop): accent-colored mention badges that count thread mentions (#6900),04-desktop,integrate final released behavior,12,desktop/src-tauri/src/observed_unread.rs;desktop/src/features/channels/observedUnreadNative.test.mjs;desktop/src/features/channels/observedUnreadNativeRig.mjs;desktop/src/features/channels/useUnreadChannels.ts;desktop/src/features/sidebar/ui/SidebarSection.tsx;desktop/src/shared/api/tauriObservedUnread.ts;desktop/src/shared/styles/globals/theme.css;desktop/src/testing/e2eBridge.ts;desktop/tailwind.config.js;desktop/tests/e2e/badge.spec.ts;desktop/tests/e2e/channel-activity-popover.spec.ts;desktop/tests/e2e/thread-unread.spec.ts,adapted,Final 0.5.22 source for fix(desktop): accent-colored mention badges that count thread mentions is accounted for at the current paths below. Shared files retain Crew extensions or use existing Crew integration seams; supporting review evidence is attached.,desktop/src-tauri/src/observed_unread.rs;desktop/src/features/channels/observedUnreadNative.test.mjs;desktop/src/features/channels/observedUnreadNativeRig.mjs;desktop/src/features/channels/useUnreadChannels.ts;desktop/src/features/sidebar/ui/SidebarSection.tsx;desktop/src/shared/api/tauriObservedUnread.ts;desktop/src/shared/styles/globals/theme.css;desktop/src/testing/e2eBridge.ts;desktop/tailwind.config.js;desktop/tests/e2e/badge.spec.ts;desktop/tests/e2e/channel-activity-popover.spec.ts;desktop/tests/e2e/thread-unread.spec.ts;plans/reports/implementer-260905-native-release-integration.md;plans/reports/reviewer-260905-coverage-audit.md;plans/reports/reviewer-20260905-final-desktop-reconciliation.md,"Final-source audit: 7 target-exact, 5 adapted, 0 intentional Crew/mapped paths. Native tests 3431 passed, 19 ignored; clippy passed. Source coverage and local just ci/dependency-policy gates passed; 10k browser smoke passed; PR #342 Gate/manual passed on 0ef5491f; whole CI cancelled after smoke 3/4 timeouts with failures. Later repairs have local validation; PR342 checks are canonical remote evidence and full NuncioCrew CI including all desktop smoke shards and manual upstream compatibility must pass on the exact head at merge."
93,cdab765748ddfeba10830a9a5331b6157bd321df,Add gated security reviews (#6816),01-toolchain-ci-docs,integrate final released behavior,5,.github/scripts/codex-security-review.js;.github/scripts/codex-security-review.test.js;.github/workflows/ci.yml;.github/workflows/codex-security-review.yml;Justfile,retained-Crew-divergence,Retain NuncioCrew Gate and manual Crew release ownership; upstream-only cache/deployment/security-review lane changes are not activated. Shared production code is evaluated separately.,intentionally-omitted:.github/scripts/codex-security-review.js;intentionally-omitted:.github/scripts/codex-security-review.test.js;.github/workflows/ci.yml;intentionally-omitted:.github/workflows/codex-security-review.yml;Justfile;.github/workflows/nuncio-crew-ci.yml;.github/workflows/nuncio-crew-release.yml;plans/reports/reviewer-260905-coverage-audit.md,"Final-source audit: 0 target-exact, 2 adapted, 3 intentional Crew/mapped paths. Source coverage and local just ci/dependency-policy gates passed; 10k browser smoke passed; PR #342 Gate/manual passed on 0ef5491f; whole CI cancelled after smoke 3/4 timeouts with failures. Later repairs have local validation; PR342 checks are canonical remote evidence and full NuncioCrew CI including all desktop smoke shards and manual upstream compatibility must pass on the exact head at merge."
94,cada3028ceda7ebdae61329f15b5364ca0d23dd4,fix(desktop): keep project sheets independent from threads (#6901),04-desktop,integrate final released behavior,8,desktop/src/features/channels/ui/ChannelPane.helpers.test.mjs;desktop/src/features/channels/ui/ChannelPane.helpers.ts;desktop/src/features/channels/ui/ChannelPane.tsx;desktop/src/features/channels/ui/FocusThreadDrawer.tsx;desktop/src/features/channels/ui/RightAuxiliaryPane.tsx;desktop/src/features/channels/ui/ThreadPanelSurface.tsx;desktop/src/features/channels/ui/useFocusDrawerPresence.ts;desktop/tests/e2e/project-commit-detail.spec.ts,adapted,Final 0.5.22 source for fix(desktop): keep project sheets independent from threads is accounted for at the current paths below. Shared files retain Crew extensions or use existing Crew integration seams; supporting review evidence is attached.,desktop/src/features/channels/ui/ChannelPane.helpers.test.mjs;desktop/src/features/channels/ui/ChannelPane.helpers.ts;desktop/src/features/channels/ui/ChannelPane.tsx;desktop/src/features/channels/ui/FocusThreadDrawer.tsx;desktop/src/features/channels/ui/RightAuxiliaryPane.tsx;desktop/src/features/channels/ui/ThreadPanelSurface.tsx;desktop/src/features/channels/ui/useFocusDrawerPresence.ts;desktop/tests/e2e/project-commit-detail.spec.ts;plans/reports/reviewer-260905-coverage-audit.md;plans/reports/reviewer-20260905-final-desktop-reconciliation.md,"Final-source audit: 4 target-exact, 4 adapted, 0 intentional Crew/mapped paths. Source coverage and local just ci/dependency-policy gates passed; 10k browser smoke passed; PR #342 Gate/manual passed on 0ef5491f; whole CI cancelled after smoke 3/4 timeouts with failures. Later repairs have local validation; PR342 checks are canonical remote evidence and full NuncioCrew CI including all desktop smoke shards and manual upstream compatibility must pass on the exact head at merge."
95,b622003f74aa5bf9b659786452813299a25e4897,broker: define the agent-to-broker action contract (#6742),01-toolchain-ci-docs;03-agent-runtime,integrate final released behavior,10,Cargo.toml;crates/buzz-sdk/src/broker/actions/args.rs;crates/buzz-sdk/src/broker/actions/mod.rs;crates/buzz-sdk/src/broker/actions/outcomes.rs;crates/buzz-sdk/src/broker/client.rs;crates/buzz-sdk/src/broker/correlate.rs;crates/buzz-sdk/src/broker/mod.rs;crates/buzz-sdk/src/broker/tests.rs;crates/buzz-sdk/src/broker/wire.rs;crates/buzz-sdk/src/lib.rs,adapted,Final 0.5.22 source for broker: define the agent-to-broker action contract is accounted for at the current paths below. Shared files retain Crew extensions or use existing Crew integration seams; supporting review evidence is attached.,Cargo.toml;crates/buzz-sdk/src/broker/actions/args.rs;crates/buzz-sdk/src/broker/actions/mod.rs;crates/buzz-sdk/src/broker/actions/outcomes.rs;crates/buzz-sdk/src/broker/client.rs;crates/buzz-sdk/src/broker/correlate.rs;crates/buzz-sdk/src/broker/mod.rs;crates/buzz-sdk/src/broker/tests.rs;crates/buzz-sdk/src/broker/wire.rs;crates/buzz-sdk/src/lib.rs;plans/reports/reviewer-260905-coverage-audit.md,"Final-source audit: 8 target-exact, 2 adapted, 0 intentional Crew/mapped paths. Source coverage and local just ci/dependency-policy gates passed; 10k browser smoke passed; PR #342 Gate/manual passed on 0ef5491f; whole CI cancelled after smoke 3/4 timeouts with failures. Later repairs have local validation; PR342 checks are canonical remote evidence and full NuncioCrew CI including all desktop smoke shards and manual upstream compatibility must pass on the exact head at merge."
96,c856be0fb954c9e5267d622841098c24e3381e8f,fix(desktop): keep the draft space when typing right after a mention pick (#6875),04-desktop,integrate final released behavior,2,desktop/src/features/messages/lib/mentionHighlightExtension.test.mjs;desktop/src/features/messages/lib/mentionHighlightExtension.ts,adapted,Final 0.5.22 source for fix(desktop): keep the draft space when typing right after a mention pick is accounted for at the current paths below. Shared files retain Crew extensions or use existing Crew integration seams; supporting review evidence is attached.,desktop/src/features/messages/lib/mentionHighlightExtension.test.mjs;desktop/src/features/messages/lib/mentionHighlightExtension.ts;plans/reports/implementer-260905-desktop-message-notification-huddle-ports.md;plans/reports/reviewer-260905-coverage-audit.md;plans/reports/reviewer-20260905-final-desktop-reconciliation.md,"Final-source audit: 0 target-exact, 2 adapted, 0 intentional Crew/mapped paths. 1374 message tests and 193 focused integration tests passed at report snapshot. Source coverage and local just ci/dependency-policy gates passed; 10k browser smoke passed; PR #342 Gate/manual passed on 0ef5491f; whole CI cancelled after smoke 3/4 timeouts with failures. Later repairs have local validation; PR342 checks are canonical remote evidence and full NuncioCrew CI including all desktop smoke shards and manual upstream compatibility must pass on the exact head at merge."
97,4d77175c78f4df48e13398b25b271e3ac1b31dd3,fix(client): resurface hidden DMs from live activity (#6885),04-desktop;04-mobile,integrate final released behavior,28,desktop/src/app/AppShell.tsx;desktop/src/features/channels/dmResurface.test.mjs;desktop/src/features/channels/dmResurface.ts;desktop/src/features/channels/hiddenDmResurfaceAction.test.mjs;desktop/src/features/channels/hiddenDmResurfaceAction.ts;desktop/src/features/channels/hiddenDmResurfaceCoordinator.test.mjs;desktop/src/features/channels/hiddenDmResurfaceCoordinator.ts;desktop/src/features/channels/hooks.ts;desktop/src/features/channels/useDmResurfaceBatching.test.mjs;desktop/src/features/channels/useDmResurfaceFromMessages.ts;desktop/src/features/channels/useHiddenDmIds.ts;desktop/src/features/home/hiddenDmInboxAction.test.mjs;desktop/src/features/home/hiddenDmInboxAction.ts;desktop/src/features/home/ui/HomeScreen.tsx;desktop/src/features/home/ui/HomeView.tsx;desktop/src/features/home/ui/InboxDetailPane.tsx;desktop/src/features/home/ui/InboxListPane.tsx;desktop/src/features/home/ui/inboxReopenNavigation.test.mjs;desktop/src/features/home/useHiddenDmInboxNavigation.ts;desktop/src/shared/api/relayClientShared.ts;mobile/lib/features/activity/activity_page.dart;mobile/lib/features/activity/activity_provider.dart;mobile/lib/features/activity/dm_resurface.dart;mobile/lib/features/channels/channels_provider.dart;mobile/lib/features/channels/channels_provider_lifecycle.dart;mobile/lib/shared/relay/nostr_filters.dart;mobile/test/features/activity/activity_provider_test.dart;mobile/test/features/activity/dm_resurface_test.dart,adapted,Final 0.5.22 source for fix(client): resurface hidden DMs from live activity is accounted for at the current paths below. Shared files retain Crew extensions or use existing Crew integration seams; supporting review evidence is attached.,desktop/src/app/AppShell.tsx;desktop/src/features/channels/dmResurface.test.mjs;desktop/src/features/channels/dmResurface.ts;desktop/src/features/channels/hiddenDmResurfaceAction.test.mjs;desktop/src/features/channels/hiddenDmResurfaceAction.ts;desktop/src/features/channels/hiddenDmResurfaceCoordinator.test.mjs;desktop/src/features/channels/hiddenDmResurfaceCoordinator.ts;desktop/src/features/channels/hooks.ts;desktop/src/features/channels/useDmResurfaceBatching.test.mjs;desktop/src/features/channels/useDmResurfaceFromMessages.ts;desktop/src/features/channels/useHiddenDmIds.ts;desktop/src/features/home/hiddenDmInboxAction.test.mjs;desktop/src/features/home/hiddenDmInboxAction.ts;desktop/src/features/home/ui/HomeScreen.tsx;desktop/src/features/home/ui/HomeView.tsx;desktop/src/features/home/ui/InboxDetailPane.tsx;desktop/src/features/home/ui/InboxListPane.tsx;desktop/src/features/home/ui/inboxReopenNavigation.test.mjs;desktop/src/features/home/useHiddenDmInboxNavigation.ts;desktop/src/shared/api/relayClientShared.ts;mobile/lib/features/activity/activity_page.dart;mobile/lib/features/activity/activity_provider.dart;mobile/lib/features/activity/dm_resurface.dart;mobile/lib/features/channels/channels_provider.dart;mobile/lib/features/channels/channels_provider_lifecycle.dart;mobile/lib/shared/relay/nostr_filters.dart;mobile/test/features/activity/activity_provider_test.dart;mobile/test/features/activity/dm_resurface_test.dart;plans/reports/reviewer-260905-coverage-audit.md;plans/reports/reviewer-20260905-final-desktop-reconciliation.md,"Final-source audit: 21 target-exact, 7 adapted, 0 intentional Crew/mapped paths. Source coverage and local just ci/dependency-policy gates passed; 10k browser smoke passed; PR #342 Gate/manual passed on 0ef5491f; whole CI cancelled after smoke 3/4 timeouts with failures. Later repairs have local validation; PR342 checks are canonical remote evidence and full NuncioCrew CI including all desktop smoke shards and manual upstream compatibility must pass on the exact head at merge."
98,b3baa56ba83d01a0b7292d81aae9370f5616c62b,fix(db): exclude kind:30179 ciphertext from brownfield FTS (#6822),01-toolchain-ci-docs;02-shared-substrate,integrate final released behavior,4,crates/buzz-db/src/migration.rs;crates/buzz-search/tests/fts_integration.rs;migrations/0033_private_managed_agent_fts.sql;schema/schema.sql,adapted,Final 0.5.22 source for fix(db): exclude kind:30179 ciphertext from brownfield FTS is accounted for at the current paths below. Shared files retain Crew extensions or use existing Crew integration seams; supporting review evidence is attached. Released migrations 0033–0044 map byte-for-byte to Crew 0034–0045; Crew applied 0001–0033 remain unchanged.,final-target-deleted:crates/buzz-db/src/migration.rs;final-target-deleted:crates/buzz-search/tests/fts_integration.rs;migrations/0034_private_managed_agent_fts.sql;schema/schema.sql;plans/reports/260905-substrate-integration.md;plans/reports/reviewer-260905-coverage-audit.md,"Final-source audit: 2 target-exact, 1 adapted, 1 intentional Crew/mapped paths. 272 committed isolated PostgreSQL tests passed. Historical checksums preserved; released SQL mapping verified. Source coverage and local just ci/dependency-policy gates passed; 10k browser smoke passed; PR #342 Gate/manual passed on 0ef5491f; whole CI cancelled after smoke 3/4 timeouts with failures. Later repairs have local validation; PR342 checks are canonical remote evidence and full NuncioCrew CI including all desktop smoke shards and manual upstream compatibility must pass on the exact head at merge."
99,27c1a7c91b658535c8a655dbe8f2421af9099b80,Fade expanded video controls on hover (#6926),04-desktop,integrate final released behavior,3,desktop/src/shared/styles/globals/video-review.css;desktop/src/shared/ui/VideoPlayer.tsx;desktop/tests/e2e/video-attachment.spec.ts,adapted,Final 0.5.22 source for Fade expanded video controls on hover is accounted for at the current paths below. Shared files retain Crew extensions or use existing Crew integration seams; supporting review evidence is attached.,desktop/src/shared/styles/globals/video-review.css;desktop/src/shared/ui/VideoPlayer.tsx;desktop/tests/e2e/video-attachment.spec.ts;plans/reports/reviewer-260905-coverage-audit.md;plans/reports/reviewer-20260905-final-desktop-reconciliation.md,"Final-source audit: 1 target-exact, 2 adapted, 0 intentional Crew/mapped paths. Source coverage and local just ci/dependency-policy gates passed; 10k browser smoke passed; PR #342 Gate/manual passed on 0ef5491f; whole CI cancelled after smoke 3/4 timeouts with failures. Later repairs have local validation; PR342 checks are canonical remote evidence and full NuncioCrew CI including all desktop smoke shards and manual upstream compatibility must pass on the exact head at merge."
100,9176e34405ae59fdefc50dc585454b7e9cb3833a,fix(projects): allow owners to delete agent projects (#6533),02-shared-substrate;04-desktop,integrate final released behavior,12,crates/buzz-test-client/tests/e2e_project.rs;desktop/src/features/projects/deleteProject.test.mjs;desktop/src/features/projects/hooks.ts;desktop/src/features/projects/projectDeletion.test.mjs;desktop/src/features/projects/projectDeletion.ts;desktop/src/features/projects/projectDeletionMutation.test.mjs;desktop/src/features/projects/projectDeletionMutation.ts;desktop/src/features/projects/projectModels.test.mjs;desktop/src/features/projects/projectModels.ts;desktop/src/features/projects/ui/ProjectsOverviewItems.tsx;desktop/src/features/projects/useProjectOwnerProfiles.ts;desktop/src/features/sidebar/ui/SidebarProjectsSection.tsx,adapted,Final 0.5.22 source for fix(projects): allow owners to delete agent projects is accounted for at the current paths below. Shared files retain Crew extensions or use existing Crew integration seams; supporting review evidence is attached.,crates/buzz-test-client/tests/e2e_project.rs;desktop/src/features/projects/deleteProject.test.mjs;desktop/src/features/projects/hooks.ts;desktop/src/features/projects/projectDeletion.test.mjs;desktop/src/features/projects/projectDeletion.ts;desktop/src/features/projects/projectDeletionMutation.test.mjs;desktop/src/features/projects/projectDeletionMutation.ts;desktop/src/features/projects/projectModels.test.mjs;desktop/src/features/projects/projectModels.ts;desktop/src/features/projects/ui/ProjectsOverviewItems.tsx;desktop/src/features/projects/useProjectOwnerProfiles.ts;desktop/src/features/sidebar/ui/SidebarProjectsSection.tsx;plans/reports/260905-projects-release-integration.md;plans/reports/reviewer-260905-coverage-audit.md;plans/reports/reviewer-20260905-final-desktop-reconciliation.md,"Final-source audit: 8 target-exact, 4 adapted, 0 intentional Crew/mapped paths. 69 focused project tests passed; final renderer gate tracked by coordinator. Source coverage and local just ci/dependency-policy gates passed; 10k browser smoke passed; PR #342 Gate/manual passed on 0ef5491f; whole CI cancelled after smoke 3/4 timeouts with failures. Later repairs have local validation; PR342 checks are canonical remote evidence and full NuncioCrew CI including all desktop smoke shards and manual upstream compatibility must pass on the exact head at merge."
101,82e748085e3f06b8e297387b33f7615a6db23501,chore(deps): update ubuntu:24.04 docker digest to 33ceb71 (#6664),01-toolchain-ci-docs,integrate final released behavior,3,.github/workflows/desktop-release-cache-proof.yml;.github/workflows/linux-canary.yml;.github/workflows/release.yml,retained-Crew-divergence,Retain NuncioCrew Gate and manual Crew release ownership; upstream-only cache/deployment/security-review lane changes are not activated. Shared production code is evaluated separately.,.github/workflows/desktop-release-cache-proof.yml;.github/workflows/linux-canary.yml;.github/workflows/release.yml;.github/workflows/nuncio-crew-ci.yml;.github/workflows/nuncio-crew-release.yml;plans/reports/reviewer-260905-coverage-audit.md,"Final-source audit: 0 target-exact, 0 adapted, 3 intentional Crew/mapped paths. Source coverage and local just ci/dependency-policy gates passed; 10k browser smoke passed; PR #342 Gate/manual passed on 0ef5491f; whole CI cancelled after smoke 3/4 timeouts with failures. Later repairs have local validation; PR342 checks are canonical remote evidence and full NuncioCrew CI including all desktop smoke shards and manual upstream compatibility must pass on the exact head at merge."
102,30596d3addf69a6954d034ce28f886539604f2c8,chore(deps): update dependency @tanstack/react-virtual to v3.14.10 (#6666),01-toolchain-ci-docs,integrate final released behavior,1,pnpm-lock.yaml,adapted,Final 0.5.22 source for chore(deps): update dependency @tanstack/react-virtual to v3.14.10 is accounted for at the current paths below. Shared files retain Crew extensions or use existing Crew integration seams; supporting review evidence is attached.,pnpm-lock.yaml;plans/reports/reviewer-260905-coverage-audit.md,"Final-source audit: 0 target-exact, 1 adapted, 0 intentional Crew/mapped paths. Source coverage and local just ci/dependency-policy gates passed; 10k browser smoke passed; PR #342 Gate/manual passed on 0ef5491f; whole CI cancelled after smoke 3/4 timeouts with failures. Later repairs have local validation; PR342 checks are canonical remote evidence and full NuncioCrew CI including all desktop smoke shards and manual upstream compatibility must pass on the exact head at merge."
103,525007af4b2f644ce07fab92ef4863c46cbae8a3,chore(deps): update dependency vitest to v4.1.11 (#6667),01-toolchain-ci-docs,integrate final released behavior,1,pnpm-lock.yaml,adapted,Final 0.5.22 source for chore(deps): update dependency vitest to v4.1.11 is accounted for at the current paths below. Shared files retain Crew extensions or use existing Crew integration seams; supporting review evidence is attached.,pnpm-lock.yaml;plans/reports/reviewer-260905-coverage-audit.md,"Final-source audit: 0 target-exact, 1 adapted, 0 intentional Crew/mapped paths. Source coverage and local just ci/dependency-policy gates passed; 10k browser smoke passed; PR #342 Gate/manual passed on 0ef5491f; whole CI cancelled after smoke 3/4 timeouts with failures. Later repairs have local validation; PR342 checks are canonical remote evidence and full NuncioCrew CI including all desktop smoke shards and manual upstream compatibility must pass on the exact head at merge."
104,c363ce13c07cb454d6fa92b96d65cb52322c13e9,chore(deps): update rui314/setup-mold digest to 7e4f20a (#6663),01-toolchain-ci-docs,integrate final released behavior,1,.github/workflows/ci.yml,adapted,Final 0.5.22 source for chore(deps): update rui314/setup-mold digest to 7e4f20a is accounted for at the current paths below. Shared files retain Crew extensions or use existing Crew integration seams; supporting review evidence is attached.,.github/workflows/ci.yml;.github/workflows/nuncio-crew-ci.yml;.github/workflows/nuncio-crew-release.yml;plans/reports/reviewer-260905-coverage-audit.md,"Final-source audit: 0 target-exact, 1 adapted, 0 intentional Crew/mapped paths. Source coverage and local just ci/dependency-policy gates passed; 10k browser smoke passed; PR #342 Gate/manual passed on 0ef5491f; whole CI cancelled after smoke 3/4 timeouts with failures. Later repairs have local validation; PR342 checks are canonical remote evidence and full NuncioCrew CI including all desktop smoke shards and manual upstream compatibility must pass on the exact head at merge."
105,0ccf934b88f610f5f235862ecd51e2dcbae2cb74,fix(db): disable heartbeat vacuum truncation (#6898),01-toolchain-ci-docs;02-shared-substrate,integrate final released behavior,10,.github/workflows/ci.yml;AGENTS.md;crates/buzz-db/src/migration.rs;migrations/0034_replica_heartbeat_vacuum_truncate.sql;schema/schema.sql;scripts/attach-schema-partitions.sql;scripts/reconcile-schema-after-pgschema.sql;scripts/run-desktop-release-smoke.sh;scripts/start-isolated-test-relay.sh;scripts/start-relay-for-tests.sh,adapted,Final 0.5.22 source for fix(db): disable heartbeat vacuum truncation is accounted for at the current paths below. Shared files retain Crew extensions or use existing Crew integration seams; supporting review evidence is attached. Released migrations 0033–0044 map byte-for-byte to Crew 0034–0045; Crew applied 0001–0033 remain unchanged.,.github/workflows/ci.yml;AGENTS.md;final-target-deleted:crates/buzz-db/src/migration.rs;migrations/0035_replica_heartbeat_vacuum_truncate.sql;schema/schema.sql;final-target-deleted:scripts/attach-schema-partitions.sql;scripts/reconcile-schema-after-pgschema.sql;scripts/run-desktop-release-smoke.sh;scripts/start-isolated-test-relay.sh;scripts/start-relay-for-tests.sh;.github/workflows/nuncio-crew-ci.yml;.github/workflows/nuncio-crew-release.yml;plans/reports/260905-substrate-integration.md;plans/reports/reviewer-260905-coverage-audit.md,"Final-source audit: 4 target-exact, 5 adapted, 1 intentional Crew/mapped paths. 272 committed isolated PostgreSQL tests passed. Historical checksums preserved; released SQL mapping verified. Source coverage and local just ci/dependency-policy gates passed; 10k browser smoke passed; PR #342 Gate/manual passed on 0ef5491f; whole CI cancelled after smoke 3/4 timeouts with failures. Later repairs have local validation; PR342 checks are canonical remote evidence and full NuncioCrew CI including all desktop smoke shards and manual upstream compatibility must pass on the exact head at merge."
106,745ff6066c92372ea1ee6a5fe05862cdd9b81303,Fix Codex security review authorization (#6913),01-toolchain-ci-docs,integrate final released behavior,3,.github/scripts/codex-security-review.js;.github/scripts/codex-security-review.test.js;.github/workflows/codex-security-review.yml,retained-Crew-divergence,Retain NuncioCrew Gate and manual Crew release ownership; upstream-only cache/deployment/security-review lane changes are not activated. Shared production code is evaluated separately.,intentionally-omitted:.github/scripts/codex-security-review.js;intentionally-omitted:.github/scripts/codex-security-review.test.js;intentionally-omitted:.github/workflows/codex-security-review.yml;.github/workflows/nuncio-crew-ci.yml;.github/workflows/nuncio-crew-release.yml;plans/reports/reviewer-260905-coverage-audit.md,"Final-source audit: 0 target-exact, 0 adapted, 3 intentional Crew/mapped paths. Source coverage and local just ci/dependency-policy gates passed; 10k browser smoke passed; PR #342 Gate/manual passed on 0ef5491f; whole CI cancelled after smoke 3/4 timeouts with failures. Later repairs have local validation; PR342 checks are canonical remote evidence and full NuncioCrew CI including all desktop smoke shards and manual upstream compatibility must pass on the exact head at merge."
107,0808ab485c39c3c12ef02af2188c65a5145eb99d,fix(cli): enrich template cardinality error with per-candidate presence and profile hints (#4825),02-shared-substrate;03-agent-runtime,integrate final released behavior,5,crates/buzz-cli/Cargo.toml;crates/buzz-cli/src/commands/channels.rs;crates/buzz-cli/src/commands/users.rs;crates/buzz-pubsub/src/presence.rs;crates/buzz-relay/src/api/bridge.rs,adapted,Final 0.5.22 source for fix(cli): enrich template cardinality error with per-candidate presence and profile hints is accounted for at the current paths below. Shared files retain Crew extensions or use existing Crew integration seams; supporting review evidence is attached.,crates/buzz-cli/Cargo.toml;crates/buzz-cli/src/commands/channels.rs;crates/buzz-cli/src/commands/users.rs;crates/buzz-pubsub/src/presence.rs;crates/buzz-relay/src/api/bridge.rs;plans/reports/260905-substrate-integration.md;plans/reports/reviewer-260905-coverage-audit.md,"Final-source audit: 4 target-exact, 1 adapted, 0 intentional Crew/mapped paths. Relay integration and isolated PostgreSQL regressions recorded in substrate evidence. Source coverage and local just ci/dependency-policy gates passed; 10k browser smoke passed; PR #342 Gate/manual passed on 0ef5491f; whole CI cancelled after smoke 3/4 timeouts with failures. Later repairs have local validation; PR342 checks are canonical remote evidence and full NuncioCrew CI including all desktop smoke shards and manual upstream compatibility must pass on the exact head at merge."
108,69096c9a8db726eebd83422cdc5e6c72ed9d4f90,preserve channel description paragraph breaks (#6946),03-agent-runtime;04-desktop,integrate final released behavior,12,crates/buzz-acp/src/pool.rs;crates/buzz-acp/src/prompt_framing.rs;crates/buzz-acp/src/queue.rs;desktop/src/features/channels/lib/channelDescription.test.mjs;desktop/src/features/channels/lib/channelDescription.ts;desktop/src/features/channels/ui/ChannelManagementSheetRows.test.mjs;desktop/src/features/channels/ui/ChannelManagementSheetRows.tsx;desktop/src/features/channels/ui/ChannelPane.helpers.test.mjs;desktop/src/features/channels/ui/ChannelPane.helpers.ts;desktop/src/features/messages/ui/ChannelIntroBlock.test.mjs;desktop/src/features/messages/ui/ChannelIntroBlock.tsx;desktop/tests/e2e/channels.spec.ts,adapted,Final 0.5.22 source for preserve channel description paragraph breaks is accounted for at the current paths below. Shared files retain Crew extensions or use existing Crew integration seams; supporting review evidence is attached.,crates/buzz-acp/src/pool.rs;crates/buzz-acp/src/prompt_framing.rs;crates/buzz-acp/src/queue.rs;desktop/src/features/channels/lib/channelDescription.test.mjs;desktop/src/features/channels/lib/channelDescription.ts;desktop/src/features/channels/ui/ChannelManagementSheetRows.test.mjs;desktop/src/features/channels/ui/ChannelManagementSheetRows.tsx;desktop/src/features/channels/ui/ChannelPane.helpers.test.mjs;desktop/src/features/channels/ui/ChannelPane.helpers.ts;desktop/src/features/messages/ui/ChannelIntroBlock.test.mjs;desktop/src/features/messages/ui/ChannelIntroBlock.tsx;desktop/tests/e2e/channels.spec.ts;plans/reports/implementer-260905-desktop-message-notification-huddle-ports.md;plans/reports/implementer-260905-acp-priority-ports.md;plans/reports/reviewer-260905-coverage-audit.md;plans/reports/reviewer-20260905-final-desktop-reconciliation.md,"Final-source audit: 9 target-exact, 3 adapted, 0 intentional Crew/mapped paths. 1374 message tests and 193 focused integration tests passed at report snapshot. 1175 ACP library tests, 14 integration tests, 6 PostgreSQL regressions passed. Source coverage and local just ci/dependency-policy gates passed; 10k browser smoke passed; PR #342 Gate/manual passed on 0ef5491f; whole CI cancelled after smoke 3/4 timeouts with failures. Later repairs have local validation; PR342 checks are canonical remote evidence and full NuncioCrew CI including all desktop smoke shards and manual upstream compatibility must pass on the exact head at merge."
109,57216c942f171db305135bcb6a4ede2d87e0be8a,test(db): use canonical channel roster fixtures (#6819),02-shared-substrate,integrate final released behavior,1,crates/buzz-db/src/channel.rs,ported,Final 0.5.22 source for test(db): use canonical channel roster fixtures is accounted for at the current paths below. Every listed path matches the final target bytes (including final target deletions).,final-target-deleted:crates/buzz-db/src/channel.rs;plans/reports/260905-substrate-integration.md;plans/reports/reviewer-260905-coverage-audit.md,"Final-source audit: 1 target-exact, 0 adapted, 0 intentional Crew/mapped paths. 272 committed isolated PostgreSQL tests passed. Source coverage and local just ci/dependency-policy gates passed; 10k browser smoke passed; PR #342 Gate/manual passed on 0ef5491f; whole CI cancelled after smoke 3/4 timeouts with failures. Later repairs have local validation; PR342 checks are canonical remote evidence and full NuncioCrew CI including all desktop smoke shards and manual upstream compatibility must pass on the exact head at merge."
110,be8d7756d5f17285f1e8a4b77d67f7d7cfb6f9e7,feat(agent): discover Databricks Unity Catalog models (#6918),01-toolchain-ci-docs;03-agent-runtime;03-managed-agents;04-desktop,integrate final released behavior,18,.env.example;crates/buzz-agent/README.md;crates/buzz-agent/src/catalog.rs;crates/buzz-agent/src/config.rs;crates/buzz-agent/src/lib.rs;crates/buzz-agent/src/llm.rs;crates/buzz-agent/src/model_capabilities.rs;crates/buzz-agent/tests/databricks_oauth.rs;desktop/src-tauri/src/commands/agent_models.rs;desktop/src-tauri/src/commands/agent_models_databricks.rs;desktop/src-tauri/src/commands/agent_models_env.rs;desktop/src-tauri/src/commands/agent_models_tests.rs;desktop/src-tauri/src/managed_agents/env_vars.rs;desktop/src-tauri/src/managed_agents/spawn_snapshot/diff/tests.rs;desktop/src/features/agents/AGENTS.md;desktop/src/features/agents/ui/modelCapabilities.ts;desktop/src/features/agents/ui/modelCapabilitiesCorpus.test.mjs;desktop/src/shared/api/tauri.ts,adapted,Final 0.5.22 source for feat(agent): discover Databricks Unity Catalog models is accounted for at the current paths below. Shared files retain Crew extensions or use existing Crew integration seams; supporting review evidence is attached.,.env.example;crates/buzz-agent/README.md;crates/buzz-agent/src/catalog.rs;crates/buzz-agent/src/config.rs;crates/buzz-agent/src/lib.rs;crates/buzz-agent/src/llm.rs;crates/buzz-agent/src/model_capabilities.rs;crates/buzz-agent/tests/databricks_oauth.rs;desktop/src-tauri/src/commands/agent_models.rs;desktop/src-tauri/src/commands/agent_models_databricks.rs;desktop/src-tauri/src/commands/agent_models_env.rs;desktop/src-tauri/src/commands/agent_models_tests.rs;desktop/src-tauri/src/managed_agents/env_vars.rs;desktop/src-tauri/src/managed_agents/spawn_snapshot/diff/tests.rs;desktop/src/features/agents/AGENTS.md;desktop/src/features/agents/ui/modelCapabilities.ts;desktop/src/features/agents/ui/modelCapabilitiesCorpus.test.mjs;desktop/src/shared/api/tauri.ts;plans/reports/implementer-260905-native-release-integration.md;plans/reports/reviewer-260905-acp-release-integration.md;/tmp/crew-profile-agent-final-tests.log;plans/reports/reviewer-260905-coverage-audit.md;plans/reports/reviewer-20260905-final-desktop-reconciliation.md,"Final-source audit: 14 target-exact, 4 adapted, 0 intentional Crew/mapped paths. Native tests 3431 passed, 19 ignored; clippy passed. ACP/agent permission and telemetry integration independently reviewed. 1170 scoped profile/agent tests passed; scoped TypeScript clean. Source coverage and local just ci/dependency-policy gates passed; 10k browser smoke passed; PR #342 Gate/manual passed on 0ef5491f; whole CI cancelled after smoke 3/4 timeouts with failures. Later repairs have local validation; PR342 checks are canonical remote evidence and full NuncioCrew CI including all desktop smoke shards and manual upstream compatibility must pass on the exact head at merge."
111,ae0ecd9a676c692876116fee7265cba5f18cbd90,feat(model-capabilities): humanize Databricks UC model families (#6955),01-toolchain-ci-docs;03-agent-runtime;03-managed-agents,integrate final released behavior,5,crates/buzz-agent/src/model_capabilities.rs;desktop/src/features/agents/ui/modelCapabilities.ts;desktop/src/features/agents/ui/modelCapabilitiesCorpus.test.mjs;scripts/model-capabilities.json;scripts/normative-corpus.json,ported,Final 0.5.22 source for feat(model-capabilities): humanize Databricks UC model families is accounted for at the current paths below. Every listed path matches the final target bytes (including final target deletions).,crates/buzz-agent/src/model_capabilities.rs;desktop/src/features/agents/ui/modelCapabilities.ts;desktop/src/features/agents/ui/modelCapabilitiesCorpus.test.mjs;scripts/model-capabilities.json;scripts/normative-corpus.json;plans/reports/reviewer-260905-acp-release-integration.md;/tmp/crew-profile-agent-final-tests.log;plans/reports/reviewer-260905-coverage-audit.md;plans/reports/reviewer-20260905-final-desktop-reconciliation.md,"Final-source audit: 5 target-exact, 0 adapted, 0 intentional Crew/mapped paths. ACP/agent permission and telemetry integration independently reviewed. 1170 scoped profile/agent tests passed; scoped TypeScript clean. Source coverage and local just ci/dependency-policy gates passed; 10k browser smoke passed; PR #342 Gate/manual passed on 0ef5491f; whole CI cancelled after smoke 3/4 timeouts with failures. Later repairs have local validation; PR342 checks are canonical remote evidence and full NuncioCrew CI including all desktop smoke shards and manual upstream compatibility must pass on the exact head at merge."
112,a7c7414a7fadfe1585b8a90af0f29d6593bb6126,feat(desktop): implement 30178 team catalog backend (#5112),03-managed-agents;04-desktop,integrate final released behavior,114,desktop/src-tauri/Cargo.toml;desktop/src-tauri/src/commands/agent_config_tests.rs;desktop/src-tauri/src/commands/agent_models_tests.rs;desktop/src-tauri/src/commands/agents.rs;desktop/src-tauri/src/commands/agents_deploy.rs;desktop/src-tauri/src/commands/agents_pending.rs;desktop/src-tauri/src/commands/agents_tests.rs;desktop/src-tauri/src/commands/personas/create.rs;desktop/src-tauri/src/commands/personas/delete_cascade_tests.rs;desktop/src-tauri/src/commands/personas/inbound.rs;desktop/src-tauri/src/commands/personas/inbound/catalog_reconcile_tests.rs;desktop/src-tauri/src/commands/personas/inbound/inbound_tests.rs;desktop/src-tauri/src/commands/personas/mod.rs;desktop/src-tauri/src/commands/personas/pending.rs;desktop/src-tauri/src/commands/personas/sharing.rs;desktop/src-tauri/src/commands/personas/snapshot/fidelity_tests.rs;desktop/src-tauri/src/commands/personas/snapshot/import.rs;desktop/src-tauri/src/commands/personas/snapshot/import_avatar_tests.rs;desktop/src-tauri/src/commands/personas/snapshot/tests.rs;desktop/src-tauri/src/commands/personas/update.rs;desktop/src-tauri/src/commands/personas/update/name_propagation_tests.rs;desktop/src-tauri/src/commands/team_snapshot.rs;desktop/src-tauri/src/commands/team_snapshot/tests.rs;desktop/src-tauri/src/commands/teams.rs;desktop/src-tauri/src/commands/teams/adopt.rs;desktop/src-tauri/src/commands/teams/adopt/apply.rs;desktop/src-tauri/src/commands/teams/adopt/tests.rs;desktop/src-tauri/src/commands/teams/adopt/tests/concealment.rs;desktop/src-tauri/src/commands/teams/adopt/tests/retention.rs;desktop/src-tauri/src/commands/teams/adopt/tests/reuse.rs;desktop/src-tauri/src/commands/teams/adopt/tests/scope_fence.rs;desktop/src-tauri/src/commands/teams/mod.rs;desktop/src-tauri/src/commands/teams/pending.rs;desktop/src-tauri/src/commands/teams/pending/tests.rs;desktop/src-tauri/src/commands/teams/pending/tests/cross_device.rs;desktop/src-tauri/src/commands/teams/pending/tests/gate.rs;desktop/src-tauri/src/commands/teams/sharing.rs;desktop/src-tauri/src/commands/teams/sharing/tests.rs;desktop/src-tauri/src/commands/teams/tests.rs;desktop/src-tauri/src/egress_guard_tests.rs;desktop/src-tauri/src/event_sync.rs;desktop/src-tauri/src/event_sync_team_catalog_tests.rs;desktop/src-tauri/src/event_sync_team_events_tests.rs;desktop/src-tauri/src/event_sync_tests.rs;desktop/src-tauri/src/lib.rs;desktop/src-tauri/src/managed_agents/agent_events.rs;desktop/src-tauri/src/managed_agents/agent_snapshot_envelope.rs;desktop/src-tauri/src/managed_agents/agent_snapshot_tests.rs;desktop/src-tauri/src/managed_agents/config_bridge/reader_tests.rs;desktop/src-tauri/src/managed_agents/definition_validation.rs;desktop/src-tauri/src/managed_agents/discovery/tests.rs;desktop/src-tauri/src/managed_agents/effective_config/tests.rs;desktop/src-tauri/src/managed_agents/global_config/mod.rs;desktop/src-tauri/src/managed_agents/global_config/tests.rs;desktop/src-tauri/src/managed_agents/mod.rs;desktop/src-tauri/src/managed_agents/nest.rs;desktop/src-tauri/src/managed_agents/nest/render_tests.rs;desktop/src-tauri/src/managed_agents/parallelism.rs;desktop/src-tauri/src/managed_agents/persona_events.rs;desktop/src-tauri/src/managed_agents/persona_events/tests.rs;desktop/src-tauri/src/managed_agents/personas.rs;desktop/src-tauri/src/managed_agents/personas/tests.rs;desktop/src-tauri/src/managed_agents/readiness.rs;desktop/src-tauri/src/managed_agents/retention.rs;desktop/src-tauri/src/managed_agents/retention/tests.rs;desktop/src-tauri/src/managed_agents/runtime/process.rs;desktop/src-tauri/src/managed_agents/runtime/stop.rs;desktop/src-tauri/src/managed_agents/runtime/test_fixtures.rs;desktop/src-tauri/src/managed_agents/runtime/tests.rs;desktop/src-tauri/src/managed_agents/spawn_snapshot/tests.rs;desktop/src-tauri/src/managed_agents/storage.rs;desktop/src-tauri/src/managed_agents/team_catalog.rs;desktop/src-tauri/src/managed_agents/team_catalog/tests.rs;desktop/src-tauri/src/managed_agents/team_catalog/tests/concealment.rs;desktop/src-tauri/src/managed_agents/team_catalog/tests/reuse_hint.rs;desktop/src-tauri/src/managed_agents/team_events.rs;desktop/src-tauri/src/managed_agents/team_repair.rs;desktop/src-tauri/src/managed_agents/team_snapshot.rs;desktop/src-tauri/src/managed_agents/teams.rs;desktop/src-tauri/src/managed_agents/teams_tests.rs;desktop/src-tauri/src/managed_agents/types.rs;desktop/src-tauri/src/managed_agents/types/requests.rs;desktop/src-tauri/src/managed_agents/types/team_catalog_source.rs;desktop/src-tauri/src/managed_agents/types/team_catalog_source/tests.rs;desktop/src-tauri/src/managed_agents/types/teams.rs;desktop/src-tauri/src/managed_agents/types/tests.rs;desktop/src-tauri/src/mesh_llm/recovery.rs;desktop/src-tauri/src/migration_avatar_tests.rs;desktop/src-tauri/tests/fixtures/team_catalog_content/invalid_avatar_url_bare_https.json;desktop/src-tauri/tests/fixtures/team_catalog_content/invalid_avatar_url_https_over_2048.json;desktop/src-tauri/tests/fixtures/team_catalog_content/invalid_avatar_url_javascript.json;desktop/src-tauri/tests/fixtures/team_catalog_content/invalid_avatar_url_malformed_port.json;desktop/src-tauri/tests/fixtures/team_catalog_content/invalid_avatar_url_non_ascii_over_utf8_limit.json;desktop/src-tauri/tests/fixtures/team_catalog_content/invalid_avatar_url_unicode_bom.json;desktop/src-tauri/tests/fixtures/team_catalog_content/invalid_avatar_url_unicode_em_space.json;desktop/src-tauri/tests/fixtures/team_catalog_content/invalid_avatar_url_unicode_nbsp.json;desktop/src-tauri/tests/fixtures/team_catalog_content/invalid_avatar_url_whitespace_in_url.json;desktop/src-tauri/tests/fixtures/team_catalog_content/invalid_builtin_slug_wrong_type.json;desktop/src-tauri/tests/fixtures/team_catalog_content/invalid_description_wrong_type.json;desktop/src-tauri/tests/fixtures/team_catalog_content/invalid_duplicate_member_key.json;desktop/src-tauri/tests/fixtures/team_catalog_content/invalid_instructions_wrong_type.json;desktop/src-tauri/tests/fixtures/team_catalog_content/invalid_name_pool_not_array.json;desktop/src-tauri/tests/fixtures/team_catalog_content/invalid_name_pool_null.json;desktop/src-tauri/tests/fixtures/team_catalog_content/invalid_respond_to_pascal_case.json;desktop/src-tauri/tests/fixtures/team_catalog_content/invalid_team_name_blank.json;desktop/src-tauri/tests/fixtures/team_catalog_content/valid_avatar_url_https.json;desktop/src-tauri/tests/fixtures/team_catalog_content/valid_avatar_url_non_ascii_at_utf8_limit.json;desktop/src-tauri/tests/fixtures/team_catalog_content/valid_avatar_url_shorthand_scheme.json;desktop/src-tauri/tests/fixtures/team_catalog_content/valid_avatar_url_unicode_nel.json;desktop/src-tauri/tests/fixtures/team_catalog_content/valid_avatar_url_uppercase_scheme.json;desktop/src-tauri/tests/fixtures/team_catalog_content/valid_minimal.json;desktop/src-tauri/tests/fixtures/team_catalog_content/valid_respond_to_allowlist.json;desktop/src-tauri/tests/fixtures/team_catalog_content/valid_respond_to_anyone.json;desktop/src-tauri/tests/fixtures/team_catalog_content/valid_respond_to_owner_only.json,adapted,Final 0.5.22 source for feat(desktop): implement 30178 team catalog backend is accounted for at the current paths below. Shared files retain Crew extensions or use existing Crew integration seams; supporting review evidence is attached.,desktop/src-tauri/Cargo.toml;desktop/src-tauri/src/commands/agent_config_tests.rs;desktop/src-tauri/src/commands/agent_models_tests.rs;desktop/src-tauri/src/commands/agents.rs;desktop/src-tauri/src/commands/agents_deploy.rs;desktop/src-tauri/src/commands/agents_pending.rs;desktop/src-tauri/src/commands/agents_tests.rs;desktop/src-tauri/src/commands/personas/create.rs;desktop/src-tauri/src/commands/personas/delete_cascade_tests.rs;desktop/src-tauri/src/commands/personas/inbound.rs;desktop/src-tauri/src/commands/personas/inbound/catalog_reconcile_tests.rs;desktop/src-tauri/src/commands/personas/inbound/inbound_tests.rs;desktop/src-tauri/src/commands/personas/mod.rs;desktop/src-tauri/src/commands/personas/pending.rs;desktop/src-tauri/src/commands/personas/sharing.rs;desktop/src-tauri/src/commands/personas/snapshot/fidelity_tests.rs;desktop/src-tauri/src/commands/personas/snapshot/import.rs;desktop/src-tauri/src/commands/personas/snapshot/import_avatar_tests.rs;desktop/src-tauri/src/commands/personas/snapshot/tests.rs;desktop/src-tauri/src/commands/personas/update.rs;desktop/src-tauri/src/commands/personas/update/name_propagation_tests.rs;desktop/src-tauri/src/commands/team_snapshot.rs;desktop/src-tauri/src/commands/team_snapshot/tests.rs;final-target-deleted:desktop/src-tauri/src/commands/teams.rs;desktop/src-tauri/src/commands/teams/adopt.rs;desktop/src-tauri/src/commands/teams/adopt/apply.rs;desktop/src-tauri/src/commands/teams/adopt/tests.rs;desktop/src-tauri/src/commands/teams/adopt/tests/concealment.rs;desktop/src-tauri/src/commands/teams/adopt/tests/retention.rs;desktop/src-tauri/src/commands/teams/adopt/tests/reuse.rs;desktop/src-tauri/src/commands/teams/adopt/tests/scope_fence.rs;desktop/src-tauri/src/commands/teams/mod.rs;desktop/src-tauri/src/commands/teams/pending.rs;desktop/src-tauri/src/commands/teams/pending/tests.rs;desktop/src-tauri/src/commands/teams/pending/tests/cross_device.rs;desktop/src-tauri/src/commands/teams/pending/tests/gate.rs;desktop/src-tauri/src/commands/teams/sharing.rs;desktop/src-tauri/src/commands/teams/sharing/tests.rs;desktop/src-tauri/src/commands/teams/tests.rs;desktop/src-tauri/src/egress_guard_tests.rs;desktop/src-tauri/src/event_sync.rs;desktop/src-tauri/src/event_sync_team_catalog_tests.rs;desktop/src-tauri/src/event_sync_team_events_tests.rs;desktop/src-tauri/src/event_sync_tests.rs;desktop/src-tauri/src/lib.rs;desktop/src-tauri/src/managed_agents/agent_events.rs;desktop/src-tauri/src/managed_agents/agent_snapshot_envelope.rs;desktop/src-tauri/src/managed_agents/agent_snapshot_tests.rs;desktop/src-tauri/src/managed_agents/config_bridge/reader_tests.rs;desktop/src-tauri/src/managed_agents/definition_validation.rs;desktop/src-tauri/src/managed_agents/discovery/tests.rs;desktop/src-tauri/src/managed_agents/effective_config/tests.rs;desktop/src-tauri/src/managed_agents/global_config/mod.rs;desktop/src-tauri/src/managed_agents/global_config/tests.rs;desktop/src-tauri/src/managed_agents/mod.rs;desktop/src-tauri/src/managed_agents/nest.rs;desktop/src-tauri/src/managed_agents/nest/render_tests.rs;desktop/src-tauri/src/managed_agents/parallelism.rs;desktop/src-tauri/src/managed_agents/persona_events.rs;desktop/src-tauri/src/managed_agents/persona_events/tests.rs;desktop/src-tauri/src/managed_agents/personas.rs;desktop/src-tauri/src/managed_agents/personas/tests.rs;desktop/src-tauri/src/managed_agents/readiness.rs;desktop/src-tauri/src/managed_agents/retention.rs;desktop/src-tauri/src/managed_agents/retention/tests.rs;desktop/src-tauri/src/managed_agents/runtime/process.rs;desktop/src-tauri/src/managed_agents/runtime/stop.rs;desktop/src-tauri/src/managed_agents/runtime/test_fixtures.rs;desktop/src-tauri/src/managed_agents/runtime/tests.rs;desktop/src-tauri/src/managed_agents/spawn_snapshot/tests.rs;desktop/src-tauri/src/managed_agents/storage.rs;desktop/src-tauri/src/managed_agents/team_catalog.rs;desktop/src-tauri/src/managed_agents/team_catalog/tests.rs;desktop/src-tauri/src/managed_agents/team_catalog/tests/concealment.rs;desktop/src-tauri/src/managed_agents/team_catalog/tests/reuse_hint.rs;desktop/src-tauri/src/managed_agents/team_events.rs;desktop/src-tauri/src/managed_agents/team_repair.rs;desktop/src-tauri/src/managed_agents/team_snapshot.rs;desktop/src-tauri/src/managed_agents/teams.rs;desktop/src-tauri/src/managed_agents/teams_tests.rs;desktop/src-tauri/src/managed_agents/types.rs;desktop/src-tauri/src/managed_agents/types/requests.rs;desktop/src-tauri/src/managed_agents/types/team_catalog_source.rs;desktop/src-tauri/src/managed_agents/types/team_catalog_source/tests.rs;desktop/src-tauri/src/managed_agents/types/teams.rs;desktop/src-tauri/src/managed_agents/types/tests.rs;desktop/src-tauri/src/mesh_llm/recovery.rs;desktop/src-tauri/src/migration_avatar_tests.rs;desktop/src-tauri/tests/fixtures/team_catalog_content/invalid_avatar_url_bare_https.json;desktop/src-tauri/tests/fixtures/team_catalog_content/invalid_avatar_url_https_over_2048.json;desktop/src-tauri/tests/fixtures/team_catalog_content/invalid_avatar_url_javascript.json;desktop/src-tauri/tests/fixtures/team_catalog_content/invalid_avatar_url_malformed_port.json;desktop/src-tauri/tests/fixtures/team_catalog_content/invalid_avatar_url_non_ascii_over_utf8_limit.json;desktop/src-tauri/tests/fixtures/team_catalog_content/invalid_avatar_url_unicode_bom.json;desktop/src-tauri/tests/fixtures/team_catalog_content/invalid_avatar_url_unicode_em_space.json;desktop/src-tauri/tests/fixtures/team_catalog_content/invalid_avatar_url_unicode_nbsp.json;desktop/src-tauri/tests/fixtures/team_catalog_content/invalid_avatar_url_whitespace_in_url.json;desktop/src-tauri/tests/fixtures/team_catalog_content/invalid_builtin_slug_wrong_type.json;desktop/src-tauri/tests/fixtures/team_catalog_content/invalid_description_wrong_type.json;desktop/src-tauri/tests/fixtures/team_catalog_content/invalid_duplicate_member_key.json;desktop/src-tauri/tests/fixtures/team_catalog_content/invalid_instructions_wrong_type.json;desktop/src-tauri/tests/fixtures/team_catalog_content/invalid_name_pool_not_array.json;desktop/src-tauri/tests/fixtures/team_catalog_content/invalid_name_pool_null.json;desktop/src-tauri/tests/fixtures/team_catalog_content/invalid_respond_to_pascal_case.json;desktop/src-tauri/tests/fixtures/team_catalog_content/invalid_team_name_blank.json;desktop/src-tauri/tests/fixtures/team_catalog_content/valid_avatar_url_https.json;desktop/src-tauri/tests/fixtures/team_catalog_content/valid_avatar_url_non_ascii_at_utf8_limit.json;desktop/src-tauri/tests/fixtures/team_catalog_content/valid_avatar_url_shorthand_scheme.json;desktop/src-tauri/tests/fixtures/team_catalog_content/valid_avatar_url_unicode_nel.json;desktop/src-tauri/tests/fixtures/team_catalog_content/valid_avatar_url_uppercase_scheme.json;desktop/src-tauri/tests/fixtures/team_catalog_content/valid_minimal.json;desktop/src-tauri/tests/fixtures/team_catalog_content/valid_respond_to_allowlist.json;desktop/src-tauri/tests/fixtures/team_catalog_content/valid_respond_to_anyone.json;desktop/src-tauri/tests/fixtures/team_catalog_content/valid_respond_to_owner_only.json;plans/reports/implementer-260905-native-release-integration.md;plans/reports/reviewer-260905-coverage-audit.md;plans/reports/reviewer-20260905-final-desktop-reconciliation.md,"Final-source audit: 77 target-exact, 37 adapted, 0 intentional Crew/mapped paths. Native tests 3431 passed, 19 ignored; clippy passed. Source coverage and local just ci/dependency-policy gates passed; 10k browser smoke passed; PR #342 Gate/manual passed on 0ef5491f; whole CI cancelled after smoke 3/4 timeouts with failures. Later repairs have local validation; PR342 checks are canonical remote evidence and full NuncioCrew CI including all desktop smoke shards and manual upstream compatibility must pass on the exact head at merge."
113,80177e4c8e97e7bf1f1a3760c4e3503aace22860,fix(ci): bump Codex CLI to 0.150.1 to unhang security review jobs (#6962),01-toolchain-ci-docs,integrate final released behavior,1,.github/workflows/codex-security-review.yml,retained-Crew-divergence,Retain NuncioCrew Gate and manual Crew release ownership; upstream-only cache/deployment/security-review lane changes are not activated. Shared production code is evaluated separately.,intentionally-omitted:.github/workflows/codex-security-review.yml;.github/workflows/nuncio-crew-ci.yml;.github/workflows/nuncio-crew-release.yml;plans/reports/reviewer-260905-coverage-audit.md,"Final-source audit: 0 target-exact, 0 adapted, 1 intentional Crew/mapped paths. Source coverage and local just ci/dependency-policy gates passed; 10k browser smoke passed; PR #342 Gate/manual passed on 0ef5491f; whole CI cancelled after smoke 3/4 timeouts with failures. Later repairs have local validation; PR342 checks are canonical remote evidence and full NuncioCrew CI including all desktop smoke shards and manual upstream compatibility must pass on the exact head at merge."
114,350caf1de3136f6ec473a69d394544e99dfd4d85,fix(desktop): lift right auxiliary pane above shared header backdrop (#6966),04-desktop,integrate final released behavior,3,desktop/playwright.config.ts;desktop/src/features/channels/ui/RightAuxiliaryPane.tsx;desktop/tests/e2e/auxiliary-pane-close-visibility.spec.ts,adapted,Final 0.5.22 source for fix(desktop): lift right auxiliary pane above shared header backdrop is accounted for at the current paths below. Shared files retain Crew extensions or use existing Crew integration seams; supporting review evidence is attached.,desktop/playwright.config.ts;desktop/src/features/channels/ui/RightAuxiliaryPane.tsx;desktop/tests/e2e/auxiliary-pane-close-visibility.spec.ts;plans/reports/reviewer-260905-coverage-audit.md;plans/reports/reviewer-20260905-final-desktop-reconciliation.md,"Final-source audit: 2 target-exact, 1 adapted, 0 intentional Crew/mapped paths. Source coverage and local just ci/dependency-policy gates passed; 10k browser smoke passed; PR #342 Gate/manual passed on 0ef5491f; whole CI cancelled after smoke 3/4 timeouts with failures. Later repairs have local validation; PR342 checks are canonical remote evidence and full NuncioCrew CI including all desktop smoke shards and manual upstream compatibility must pass on the exact head at merge."
115,973386351646d01efca2735ad4921c0d219cff85,perf(desktop): restore project context during startup (#6939),04-desktop,integrate final released behavior,27,desktop/playwright.config.ts;desktop/src/app/App.tsx;desktop/src/app/routes/ChannelRouteScreen.tsx;desktop/src/features/communities/useCommunities.tsx;desktop/src/features/projects/hooks.ts;desktop/src/features/projects/lib/projectHomeChannel.ts;desktop/src/features/projects/lib/projectHomeSelection.ts;desktop/src/features/projects/projectEnumeration.test.mjs;desktop/src/features/projects/projectEnumeration.ts;desktop/src/features/projects/projectFetch.ts;desktop/src/features/projects/projectSnapshot.test.mjs;desktop/src/features/projects/projectSnapshot.ts;desktop/src/features/projects/ui/ProjectChannelHome.tsx;desktop/src/features/projects/ui/ProjectDetailScreen.tsx;desktop/src/features/projects/useAddProjectChannel.ts;desktop/src/features/projects/useAddProjectRepository.ts;desktop/src/features/projects/useAttachProjectRepository.ts;desktop/src/features/projects/useBindProjectRepositoryChannel.ts;desktop/src/features/projects/useCreateProject.ts;desktop/src/features/projects/useHealProjectHomeRepositories.test.mjs;desktop/src/features/projects/useHealProjectHomeRepositories.ts;desktop/src/shared/api/relayQueryInvalidation.test.mjs;desktop/src/shared/api/relayQueryInvalidation.ts;desktop/src/shared/lib/localStorageQuota.test.mjs;desktop/src/shared/lib/localStorageQuota.ts;desktop/src/testing/e2eBridge.ts;desktop/tests/e2e/project-cold-start.spec.ts,adapted,Final 0.5.22 source for perf(desktop): restore project context during startup is accounted for at the current paths below. Shared files retain Crew extensions or use existing Crew integration seams; supporting review evidence is attached.,desktop/playwright.config.ts;desktop/src/app/App.tsx;desktop/src/app/routes/ChannelRouteScreen.tsx;desktop/src/features/communities/useCommunities.tsx;desktop/src/features/projects/hooks.ts;desktop/src/features/projects/lib/projectHomeChannel.ts;desktop/src/features/projects/lib/projectHomeSelection.ts;desktop/src/features/projects/projectEnumeration.test.mjs;desktop/src/features/projects/projectEnumeration.ts;desktop/src/features/projects/projectFetch.ts;desktop/src/features/projects/projectSnapshot.test.mjs;desktop/src/features/projects/projectSnapshot.ts;desktop/src/features/projects/ui/ProjectChannelHome.tsx;desktop/src/features/projects/ui/ProjectDetailScreen.tsx;desktop/src/features/projects/useAddProjectChannel.ts;desktop/src/features/projects/useAddProjectRepository.ts;desktop/src/features/projects/useAttachProjectRepository.ts;desktop/src/features/projects/useBindProjectRepositoryChannel.ts;desktop/src/features/projects/useCreateProject.ts;desktop/src/features/projects/useHealProjectHomeRepositories.test.mjs;desktop/src/features/projects/useHealProjectHomeRepositories.ts;desktop/src/shared/api/relayQueryInvalidation.test.mjs;desktop/src/shared/api/relayQueryInvalidation.ts;desktop/src/shared/lib/localStorageQuota.test.mjs;desktop/src/shared/lib/localStorageQuota.ts;desktop/src/testing/e2eBridge.ts;desktop/tests/e2e/project-cold-start.spec.ts;plans/reports/260905-projects-release-integration.md;plans/reports/reviewer-260905-coverage-audit.md;plans/reports/reviewer-20260905-final-desktop-reconciliation.md,"Final-source audit: 21 target-exact, 6 adapted, 0 intentional Crew/mapped paths. 69 focused project tests passed; final renderer gate tracked by coordinator. Source coverage and local just ci/dependency-policy gates passed; 10k browser smoke passed; PR #342 Gate/manual passed on 0ef5491f; whole CI cancelled after smoke 3/4 timeouts with failures. Later repairs have local validation; PR342 checks are canonical remote evidence and full NuncioCrew CI including all desktop smoke shards and manual upstream compatibility must pass on the exact head at merge."
116,b49675894b39f87215e4dfc8c1ad4a3c28c6097e,fix(desktop): resolve exact typed mentions on space (#6862),04-desktop,integrate final released behavior,11,desktop/src/features/forum/ui/ForumComposer.tsx;desktop/src/features/messages/lib/buildMentionCandidates.test.mjs;desktop/src/features/messages/lib/buildMentionCandidates.ts;desktop/src/features/messages/lib/flushMentionDebounce.test.mjs;desktop/src/features/messages/lib/flushMentionDebounce.ts;desktop/src/features/messages/lib/mentionCodeContext.test.mjs;desktop/src/features/messages/lib/mentionCodeContext.ts;desktop/src/features/messages/lib/useMentions.ts;desktop/src/features/messages/ui/MessageComposer.tsx;desktop/src/features/messages/ui/useComposerAttachmentSpoilers.ts;desktop/tests/e2e/mentions.spec.ts,adapted,Final 0.5.22 source for fix(desktop): resolve exact typed mentions on space is accounted for at the current paths below. Shared files retain Crew extensions or use existing Crew integration seams; supporting review evidence is attached.,desktop/src/features/forum/ui/ForumComposer.tsx;desktop/src/features/messages/lib/buildMentionCandidates.test.mjs;desktop/src/features/messages/lib/buildMentionCandidates.ts;desktop/src/features/messages/lib/flushMentionDebounce.test.mjs;desktop/src/features/messages/lib/flushMentionDebounce.ts;desktop/src/features/messages/lib/mentionCodeContext.test.mjs;desktop/src/features/messages/lib/mentionCodeContext.ts;desktop/src/features/messages/lib/useMentions.ts;desktop/src/features/messages/ui/MessageComposer.tsx;desktop/src/features/messages/ui/useComposerAttachmentSpoilers.ts;desktop/tests/e2e/mentions.spec.ts;plans/reports/implementer-260905-desktop-message-notification-huddle-ports.md;plans/reports/reviewer-260905-coverage-audit.md;plans/reports/reviewer-20260905-final-desktop-reconciliation.md,"Final-source audit: 5 target-exact, 6 adapted, 0 intentional Crew/mapped paths. 1374 message tests and 193 focused integration tests passed at report snapshot. Source coverage and local just ci/dependency-policy gates passed; 10k browser smoke passed; PR #342 Gate/manual passed on 0ef5491f; whole CI cancelled after smoke 3/4 timeouts with failures. Later repairs have local validation; PR342 checks are canonical remote evidence and full NuncioCrew CI including all desktop smoke shards and manual upstream compatibility must pass on the exact head at merge."
117,953a1798b23b04289b3a225f463e60a172c1aac3,feat(auth): add NIP-FI canonical assertion verifier and contracts (#6776),01-toolchain-ci-docs;02-shared-protocol-web;02-shared-substrate,integrate final released behavior,12,Cargo.lock;Cargo.toml;Justfile;crates/buzz-auth/Cargo.toml;crates/buzz-auth/src/lib.rs;crates/buzz-auth/src/nip_fi/assertion.rs;crates/buzz-auth/src/nip_fi/config.rs;crates/buzz-auth/src/nip_fi/denial.rs;crates/buzz-auth/src/nip_fi/mod.rs;crates/buzz-auth/src/nip_fi/verifier.rs;crates/buzz-auth/src/nip_fi/verifier/tests.rs;docs/nips/NIP-FI.md,adapted,Final 0.5.22 source for feat(auth): add NIP-FI canonical assertion verifier and contracts is accounted for at the current paths below. Shared files retain Crew extensions or use existing Crew integration seams; supporting review evidence is attached.,Cargo.lock;Cargo.toml;Justfile;crates/buzz-auth/Cargo.toml;crates/buzz-auth/src/lib.rs;crates/buzz-auth/src/nip_fi/assertion.rs;crates/buzz-auth/src/nip_fi/config.rs;crates/buzz-auth/src/nip_fi/denial.rs;crates/buzz-auth/src/nip_fi/mod.rs;crates/buzz-auth/src/nip_fi/verifier.rs;crates/buzz-auth/src/nip_fi/verifier/tests.rs;docs/nips/NIP-FI.md;plans/reports/260905-substrate-integration.md;plans/reports/reviewer-260905-coverage-audit.md,"Final-source audit: 9 target-exact, 3 adapted, 0 intentional Crew/mapped paths. Authorization runtime and PostgreSQL regressions recorded in substrate evidence. Source coverage and local just ci/dependency-policy gates passed; 10k browser smoke passed; PR #342 Gate/manual passed on 0ef5491f; whole CI cancelled after smoke 3/4 timeouts with failures. Later repairs have local validation; PR342 checks are canonical remote evidence and full NuncioCrew CI including all desktop smoke shards and manual upstream compatibility must pass on the exact head at merge."
118,e76c81968b65b0755b83efdd59dc3375c59ddf40,refactor(db): split channel membership store (#6782),02-shared-substrate,integrate final released behavior,3,crates/buzz-db/src/channel.rs;crates/buzz-db/src/channel_members.rs;crates/buzz-db/src/lib.rs,ported,Final 0.5.22 source for refactor(db): split channel membership store is accounted for at the current paths below. Every listed path matches the final target bytes (including final target deletions).,final-target-deleted:crates/buzz-db/src/channel.rs;final-target-deleted:crates/buzz-db/src/channel_members.rs;crates/buzz-db/src/lib.rs;plans/reports/260905-substrate-integration.md;plans/reports/reviewer-260905-coverage-audit.md,"Final-source audit: 3 target-exact, 0 adapted, 0 intentional Crew/mapped paths. 272 committed isolated PostgreSQL tests passed. Source coverage and local just ci/dependency-policy gates passed; 10k browser smoke passed; PR #342 Gate/manual passed on 0ef5491f; whole CI cancelled after smoke 3/4 timeouts with failures. Later repairs have local validation; PR342 checks are canonical remote evidence and full NuncioCrew CI including all desktop smoke shards and manual upstream compatibility must pass on the exact head at merge."
119,86b9142a09f2af3ba2fff7effa6a6cd53b40f51c,refactor(relay): NIP-98 admin auth with Operator/Moderator roles and NIP-11 discovery (#3777),01-toolchain-ci-docs;02-shared-substrate,integrate final released behavior,45,.env.example;.github/workflows/ci.yml;Justfile;admin-web/src/App.tsx;admin-web/src/api.ts;admin-web/src/styles.css;admin-web/src/types.ts;admin-web/tests/auth.spec.ts;admin-web/tests/csp.spec.ts;admin-web/tests/feedback.spec.ts;admin-web/tests/routes.spec.ts;crates/buzz-auth/src/nip98.rs;crates/buzz-db/src/admin_moderation.rs;crates/buzz-db/src/error.rs;crates/buzz-db/src/lib.rs;crates/buzz-db/src/migration.rs;crates/buzz-db/src/moderation.rs;crates/buzz-db/src/relay_admin_actions.rs;crates/buzz-db/src/relay_operators.rs;crates/buzz-relay/src/api/admin/auth.rs;crates/buzz-relay/src/api/admin/error.rs;crates/buzz-relay/src/api/admin/mod.rs;crates/buzz-relay/src/api/media.rs;crates/buzz-relay/src/api/operator.rs;crates/buzz-relay/src/config.rs;crates/buzz-relay/src/handlers/admin_action_worker.rs;crates/buzz-relay/src/handlers/admin_outbox_worker.rs;crates/buzz-relay/src/handlers/command_executor.rs;crates/buzz-relay/src/handlers/mod.rs;crates/buzz-relay/src/handlers/moderation_commands.rs;crates/buzz-relay/src/handlers/moderation_notices.rs;crates/buzz-relay/src/handlers/report_resolution.rs;crates/buzz-relay/src/handlers/req.rs;crates/buzz-relay/src/handlers/side_effects.rs;crates/buzz-relay/src/main.rs;crates/buzz-relay/src/nip11.rs;crates/buzz-relay/src/router.rs;deploy/compose/.env.example;docs/admin/README.md;migrations/0035_relay_operators.sql;migrations/0036_relay_admin_actions.sql;migrations/0037_relay_admin_action_lease.sql;migrations/0038_relay_admin_outbox_claim_token.sql;migrations/0039_relay_operator_audit.sql;schema/schema.sql,adapted,Final 0.5.22 source for refactor(relay): NIP-98 admin auth with Operator/Moderator roles and NIP-11 discovery is accounted for at the current paths below. Shared files retain Crew extensions or use existing Crew integration seams; supporting review evidence is attached. Released migrations 0033–0044 map byte-for-byte to Crew 0034–0045; Crew applied 0001–0033 remain unchanged.,.env.example;.github/workflows/ci.yml;Justfile;admin-web/src/App.tsx;admin-web/src/api.ts;admin-web/src/styles.css;admin-web/src/types.ts;admin-web/tests/auth.spec.ts;admin-web/tests/csp.spec.ts;admin-web/tests/feedback.spec.ts;admin-web/tests/routes.spec.ts;crates/buzz-auth/src/nip98.rs;final-target-deleted:crates/buzz-db/src/admin_moderation.rs;crates/buzz-db/src/error.rs;crates/buzz-db/src/lib.rs;final-target-deleted:crates/buzz-db/src/migration.rs;final-target-deleted:crates/buzz-db/src/moderation.rs;final-target-deleted:crates/buzz-db/src/relay_admin_actions.rs;final-target-deleted:crates/buzz-db/src/relay_operators.rs;crates/buzz-relay/src/api/admin/auth.rs;crates/buzz-relay/src/api/admin/error.rs;crates/buzz-relay/src/api/admin/mod.rs;crates/buzz-relay/src/api/media.rs;crates/buzz-relay/src/api/operator.rs;crates/buzz-relay/src/config.rs;crates/buzz-relay/src/handlers/admin_action_worker.rs;crates/buzz-relay/src/handlers/admin_outbox_worker.rs;crates/buzz-relay/src/handlers/command_executor.rs;crates/buzz-relay/src/handlers/mod.rs;crates/buzz-relay/src/handlers/moderation_commands.rs;crates/buzz-relay/src/handlers/moderation_notices.rs;crates/buzz-relay/src/handlers/report_resolution.rs;crates/buzz-relay/src/handlers/req.rs;crates/buzz-relay/src/handlers/side_effects.rs;crates/buzz-relay/src/main.rs;crates/buzz-relay/src/nip11.rs;crates/buzz-relay/src/router.rs;deploy/compose/.env.example;docs/admin/README.md;migrations/0036_relay_operators.sql;migrations/0037_relay_admin_actions.sql;migrations/0038_relay_admin_action_lease.sql;migrations/0039_relay_admin_outbox_claim_token.sql;migrations/0040_relay_operator_audit.sql;schema/schema.sql;.github/workflows/nuncio-crew-ci.yml;.github/workflows/nuncio-crew-release.yml;plans/reports/260905-substrate-integration.md;plans/reports/implementer-260905-supporting-source-ports.md;plans/reports/reviewer-260905-coverage-audit.md,"Final-source audit: 31 target-exact, 9 adapted, 5 intentional Crew/mapped paths. 272 committed isolated PostgreSQL tests passed. Authorization runtime and PostgreSQL regressions recorded in substrate evidence. Relay integration and isolated PostgreSQL regressions recorded in substrate evidence. Historical checksums preserved; released SQL mapping verified. Admin build/lint and 28 browser tests passed. Helm 47 tests across 9 suites plus lint/render and push release-contract passed. Source coverage and local just ci/dependency-policy gates passed; 10k browser smoke passed; PR #342 Gate/manual passed on 0ef5491f; whole CI cancelled after smoke 3/4 timeouts with failures. Later repairs have local validation; PR342 checks are canonical remote evidence and full NuncioCrew CI including all desktop smoke shards and manual upstream compatibility must pass on the exact head at merge."
120,58cc4b7e9be71223f7898ea5f930a4248830ccfb,Fix mobile jump-to-latest flicker (#6807),04-mobile,integrate final released behavior,7,mobile/lib/features/channels/channel_detail_page/message_list.dart;mobile/lib/features/channels/jump_to_latest_button.dart;mobile/lib/features/channels/jump_to_latest_switcher.dart;mobile/lib/features/channels/thread_detail_helpers.dart;mobile/lib/features/channels/thread_detail_page.dart;mobile/test/features/channels/channel_detail_page_test.dart;mobile/test/features/channels/jump_to_latest_button_test.dart,adapted,Final 0.5.22 source for Fix mobile jump-to-latest flicker is accounted for at the current paths below. Shared files retain Crew extensions or use existing Crew integration seams; supporting review evidence is attached.,mobile/lib/features/channels/channel_detail_page/message_list.dart;mobile/lib/features/channels/jump_to_latest_button.dart;mobile/lib/features/channels/jump_to_latest_switcher.dart;mobile/lib/features/channels/thread_detail_helpers.dart;mobile/lib/features/channels/thread_detail_page.dart;mobile/test/features/channels/channel_detail_page_test.dart;mobile/test/features/channels/jump_to_latest_button_test.dart;plans/reports/reviewer-260905-coverage-audit.md,"Final-source audit: 6 target-exact, 1 adapted, 0 intentional Crew/mapped paths. Source coverage and local just ci/dependency-policy gates passed; 10k browser smoke passed; PR #342 Gate/manual passed on 0ef5491f; whole CI cancelled after smoke 3/4 timeouts with failures. Later repairs have local validation; PR342 checks are canonical remote evidence and full NuncioCrew CI including all desktop smoke shards and manual upstream compatibility must pass on the exact head at merge."
121,a89f5df4c52c3aa5875d9fccb0eaf2222aee4084,fix(desktop): complete project empty and context states (#6980),04-desktop,integrate final released behavior,10,desktop/playwright.config.ts;desktop/src/features/projects/ui/ProjectCards.tsx;desktop/src/features/projects/ui/ProjectCreationDialog.tsx;desktop/src/features/projects/ui/ProjectHomeContextPanel.tsx;desktop/src/features/projects/ui/ProjectsView.tsx;desktop/src/features/projects/ui/projectsOverviewContext.test.mjs;desktop/src/features/projects/ui/projectsOverviewContext.ts;desktop/src/testing/e2eBridge.ts;desktop/tests/e2e/project-empty-state-alignment.spec.ts;desktop/tests/e2e/project-pr-review.spec.ts,adapted,Final 0.5.22 source for fix(desktop): complete project empty and context states is accounted for at the current paths below. Shared files retain Crew extensions or use existing Crew integration seams; supporting review evidence is attached.,desktop/playwright.config.ts;desktop/src/features/projects/ui/ProjectCards.tsx;desktop/src/features/projects/ui/ProjectCreationDialog.tsx;desktop/src/features/projects/ui/ProjectHomeContextPanel.tsx;desktop/src/features/projects/ui/ProjectsView.tsx;desktop/src/features/projects/ui/projectsOverviewContext.test.mjs;desktop/src/features/projects/ui/projectsOverviewContext.ts;desktop/src/testing/e2eBridge.ts;desktop/tests/e2e/project-empty-state-alignment.spec.ts;desktop/tests/e2e/project-pr-review.spec.ts;plans/reports/260905-projects-release-integration.md;plans/reports/reviewer-260905-coverage-audit.md;plans/reports/reviewer-20260905-final-desktop-reconciliation.md,"Final-source audit: 4 target-exact, 6 adapted, 0 intentional Crew/mapped paths. 69 focused project tests passed; final renderer gate tracked by coordinator. Source coverage and local just ci/dependency-policy gates passed; 10k browser smoke passed; PR #342 Gate/manual passed on 0ef5491f; whole CI cancelled after smoke 3/4 timeouts with failures. Later repairs have local validation; PR342 checks are canonical remote evidence and full NuncioCrew CI including all desktop smoke shards and manual upstream compatibility must pass on the exact head at merge."
122,ed11c8d8bf0a17402be5cf243724f89471530d2f,Refresh mobile utility surfaces and theme picker (#6944),04-mobile,integrate final released behavior,47,mobile/ios/Runner.xcodeproj/project.pbxproj;mobile/ios/Runner/AppDelegate.swift;mobile/ios/Runner/JumpToLatestGlassButton.swift;mobile/ios/Runner/NativeProfileTextEditor.swift;mobile/ios/Runner/ThemePaginationGlassControl.swift;mobile/lib/app.dart;mobile/lib/features/channels/channel_details_page.dart;mobile/lib/features/invites/invite_create_page.dart;mobile/lib/features/invites/invite_join_sheet.dart;mobile/lib/features/profile/ios_profile_text_editor.dart;mobile/lib/features/profile/profile_avatar_editor.dart;mobile/lib/features/profile/profile_edit_page.dart;mobile/lib/features/profile/profile_text_editor.dart;mobile/lib/features/profile/set_status_sheet.dart;mobile/lib/features/settings/accent_picker_page.dart;mobile/lib/features/settings/settings_page.dart;mobile/lib/features/settings/settings_page/appearance_section.dart;mobile/lib/features/settings/settings_page/community_section.dart;mobile/lib/features/settings/theme_option_sheets.dart;mobile/lib/features/settings/theme_picker_page.dart;mobile/lib/features/settings/theme_picker_page/theme_home_preview.dart;mobile/lib/features/settings/theme_picker_page/theme_preview_sheet.dart;mobile/lib/shared/theme/app_theme.dart;mobile/lib/shared/theme/community_theme_provider.dart;mobile/lib/shared/theme/theme.dart;mobile/lib/shared/theme/theme_pairs.dart;mobile/lib/shared/theme/utility_surface_theme.dart;mobile/lib/shared/widgets/app_list_card.dart;mobile/lib/shared/widgets/buzz_navigation_metrics.dart;mobile/lib/shared/widgets/buzz_sheet_header.dart;mobile/lib/shared/widgets/buzz_titled_sheet_layout.dart;mobile/lib/shared/widgets/editor_option_button.dart;mobile/lib/shared/widgets/frosted_app_bar.dart;mobile/lib/shared/widgets/frosted_scaffold.dart;mobile/lib/shared/widgets/frosted_scroll_under_scope.dart;mobile/lib/shared/widgets/ios_glass_navigation_button.dart;mobile/lib/shared/widgets/ios_glass_theme_pagination.dart;mobile/lib/shared/widgets/modal_presentation.dart;mobile/test/features/channels/emoji_picker_test.dart;mobile/test/features/profile/profile_edit_page_test.dart;mobile/test/features/settings/settings_page_test.dart;mobile/test/features/settings/theme_picker_page_test.dart;mobile/test/shared/theme/community_theme_provider_test.dart;mobile/test/shared/theme/theme_pairs_test.dart;mobile/test/shared/theme/utility_surface_theme_test.dart;mobile/test/shared/widgets/frosted_scaffold_test.dart;mobile/test/shared/widgets/modal_presentation_test.dart,adapted,Final 0.5.22 source for Refresh mobile utility surfaces and theme picker is accounted for at the current paths below. Shared files retain Crew extensions or use existing Crew integration seams; supporting review evidence is attached.,mobile/ios/Runner.xcodeproj/project.pbxproj;mobile/ios/Runner/AppDelegate.swift;mobile/ios/Runner/JumpToLatestGlassButton.swift;mobile/ios/Runner/NativeProfileTextEditor.swift;mobile/ios/Runner/ThemePaginationGlassControl.swift;mobile/lib/app.dart;mobile/lib/features/channels/channel_details_page.dart;mobile/lib/features/invites/invite_create_page.dart;mobile/lib/features/invites/invite_join_sheet.dart;mobile/lib/features/profile/ios_profile_text_editor.dart;mobile/lib/features/profile/profile_avatar_editor.dart;mobile/lib/features/profile/profile_edit_page.dart;mobile/lib/features/profile/profile_text_editor.dart;mobile/lib/features/profile/set_status_sheet.dart;mobile/lib/features/settings/accent_picker_page.dart;mobile/lib/features/settings/settings_page.dart;final-target-deleted:mobile/lib/features/settings/settings_page/appearance_section.dart;mobile/lib/features/settings/settings_page/community_section.dart;mobile/lib/features/settings/theme_option_sheets.dart;mobile/lib/features/settings/theme_picker_page.dart;mobile/lib/features/settings/theme_picker_page/theme_home_preview.dart;mobile/lib/features/settings/theme_picker_page/theme_preview_sheet.dart;mobile/lib/shared/theme/app_theme.dart;mobile/lib/shared/theme/community_theme_provider.dart;mobile/lib/shared/theme/theme.dart;mobile/lib/shared/theme/theme_pairs.dart;mobile/lib/shared/theme/utility_surface_theme.dart;mobile/lib/shared/widgets/app_list_card.dart;mobile/lib/shared/widgets/buzz_navigation_metrics.dart;mobile/lib/shared/widgets/buzz_sheet_header.dart;mobile/lib/shared/widgets/buzz_titled_sheet_layout.dart;mobile/lib/shared/widgets/editor_option_button.dart;mobile/lib/shared/widgets/frosted_app_bar.dart;mobile/lib/shared/widgets/frosted_scaffold.dart;mobile/lib/shared/widgets/frosted_scroll_under_scope.dart;mobile/lib/shared/widgets/ios_glass_navigation_button.dart;mobile/lib/shared/widgets/ios_glass_theme_pagination.dart;mobile/lib/shared/widgets/modal_presentation.dart;mobile/test/features/channels/emoji_picker_test.dart;mobile/test/features/profile/profile_edit_page_test.dart;mobile/test/features/settings/settings_page_test.dart;mobile/test/features/settings/theme_picker_page_test.dart;mobile/test/shared/theme/community_theme_provider_test.dart;mobile/test/shared/theme/theme_pairs_test.dart;mobile/test/shared/theme/utility_surface_theme_test.dart;mobile/test/shared/widgets/frosted_scaffold_test.dart;mobile/test/shared/widgets/modal_presentation_test.dart;plans/reports/reviewer-260905-coverage-audit.md,"Final-source audit: 46 target-exact, 1 adapted, 0 intentional Crew/mapped paths. Source coverage and local just ci/dependency-policy gates passed; 10k browser smoke passed; PR #342 Gate/manual passed on 0ef5491f; whole CI cancelled after smoke 3/4 timeouts with failures. Later repairs have local validation; PR342 checks are canonical remote evidence and full NuncioCrew CI including all desktop smoke shards and manual upstream compatibility must pass on the exact head at merge."
123,2f66ee24a0bf5efa958378069a6b155e99a1d068,feat(desktop): add team sharing to community catalog (#3995),03-managed-agents;04-desktop,integrate final released behavior,35,desktop/playwright.config.ts;desktop/src-tauri/src/lib.rs;desktop/src-tauri/src/team_catalog.rs;desktop/src-tauri/src/team_catalog_tests.rs;desktop/src/features/agents/lib/teamCatalogRelay.test.mjs;desktop/src/features/agents/lib/teamCatalogRelay.ts;desktop/src/features/agents/lib/useAgentsDataRefresh.ts;desktop/src/features/agents/lib/usePersonaSync.test.mjs;desktop/src/features/agents/lib/usePersonaSync.ts;desktop/src/features/agents/lib/useTeamCatalogRelay.ts;desktop/src/features/agents/ui/AgentDefinitionMetadata.tsx;desktop/src/features/agents/ui/AgentsView.tsx;desktop/src/features/agents/ui/CommunityCatalogDialog.tsx;desktop/src/features/agents/ui/CommunityCatalogDialogAvatarLeak.test.mjs;desktop/src/features/agents/ui/PersonaCatalogDialog.tsx;desktop/src/features/agents/ui/TeamShareDialog.tsx;desktop/src/features/agents/ui/TeamsSection.tsx;desktop/src/features/agents/ui/catalogOwnerLabel.ts;desktop/src/features/agents/ui/personaCatalogOwnerLabel.test.mjs;desktop/src/features/agents/ui/teamLibraryCopy.ts;desktop/src/features/agents/ui/usePersonaActions.ts;desktop/src/features/agents/ui/useTeamActions.ts;desktop/src/features/profile/ui/ProfileAvatar.tsx;desktop/src/features/profile/ui/ProfileAvatarUntrusted.test.mjs;desktop/src/features/settings/ui/HarnessCatalogDialog.tsx;desktop/src/shared/api/tauriTeams.ts;desktop/src/shared/api/teamTypes.ts;desktop/src/shared/api/types.ts;desktop/src/shared/constants/kinds.ts;desktop/src/shared/styles/globals/theme.css;desktop/src/testing/e2eBridge.ts;desktop/tests/e2e/agents.spec.ts;desktop/tests/e2e/team-catalog-screenshots.spec.ts;desktop/tests/e2e/team-catalog.spec.ts;desktop/tests/helpers/bridge.ts,adapted,Final 0.5.22 source for feat(desktop): add team sharing to community catalog is accounted for at the current paths below. Shared files retain Crew extensions or use existing Crew integration seams; supporting review evidence is attached.,desktop/playwright.config.ts;desktop/src-tauri/src/lib.rs;desktop/src-tauri/src/team_catalog.rs;desktop/src-tauri/src/team_catalog_tests.rs;desktop/src/features/agents/lib/teamCatalogRelay.test.mjs;desktop/src/features/agents/lib/teamCatalogRelay.ts;desktop/src/features/agents/lib/useAgentsDataRefresh.ts;desktop/src/features/agents/lib/usePersonaSync.test.mjs;desktop/src/features/agents/lib/usePersonaSync.ts;desktop/src/features/agents/lib/useTeamCatalogRelay.ts;desktop/src/features/agents/ui/AgentDefinitionMetadata.tsx;desktop/src/features/agents/ui/AgentsView.tsx;desktop/src/features/agents/ui/CommunityCatalogDialog.tsx;desktop/src/features/agents/ui/CommunityCatalogDialogAvatarLeak.test.mjs;final-target-deleted:desktop/src/features/agents/ui/PersonaCatalogDialog.tsx;desktop/src/features/agents/ui/TeamShareDialog.tsx;desktop/src/features/agents/ui/TeamsSection.tsx;desktop/src/features/agents/ui/catalogOwnerLabel.ts;desktop/src/features/agents/ui/personaCatalogOwnerLabel.test.mjs;desktop/src/features/agents/ui/teamLibraryCopy.ts;desktop/src/features/agents/ui/usePersonaActions.ts;desktop/src/features/agents/ui/useTeamActions.ts;desktop/src/features/profile/ui/ProfileAvatar.tsx;desktop/src/features/profile/ui/ProfileAvatarUntrusted.test.mjs;desktop/src/features/settings/ui/HarnessCatalogDialog.tsx;desktop/src/shared/api/tauriTeams.ts;desktop/src/shared/api/teamTypes.ts;desktop/src/shared/api/types.ts;desktop/src/shared/constants/kinds.ts;desktop/src/shared/styles/globals/theme.css;desktop/src/testing/e2eBridge.ts;desktop/tests/e2e/agents.spec.ts;desktop/tests/e2e/team-catalog-screenshots.spec.ts;desktop/tests/e2e/team-catalog.spec.ts;desktop/tests/helpers/bridge.ts;plans/reports/implementer-260905-native-release-integration.md;/tmp/crew-profile-agent-final-tests.log;plans/reports/reviewer-260905-coverage-audit.md;plans/reports/reviewer-20260905-final-desktop-reconciliation.md,"Final-source audit: 23 target-exact, 12 adapted, 0 intentional Crew/mapped paths. Native tests 3431 passed, 19 ignored; clippy passed. 1170 scoped profile/agent tests passed; scoped TypeScript clean. Source coverage and local just ci/dependency-policy gates passed; 10k browser smoke passed; PR #342 Gate/manual passed on 0ef5491f; whole CI cancelled after smoke 3/4 timeouts with failures. Later repairs have local validation; PR342 checks are canonical remote evidence and full NuncioCrew CI including all desktop smoke shards and manual upstream compatibility must pass on the exact head at merge."
124,a3730784fc851bb1125b40cca9b0a30788a293c1,refactor(db): extract domain stores from database runtime (#6987),02-shared-substrate;04-desktop,integrate final released behavior,64,crates/buzz-db/src/admin_moderation.rs;crates/buzz-db/src/api_token.rs;crates/buzz-db/src/archived_identities.rs;crates/buzz-db/src/channel.rs;crates/buzz-db/src/channel_members.rs;crates/buzz-db/src/community.rs;crates/buzz-db/src/deletion.rs;crates/buzz-db/src/dm.rs;crates/buzz-db/src/event.rs;crates/buzz-db/src/feed.rs;crates/buzz-db/src/git_repo.rs;crates/buzz-db/src/lib.rs;crates/buzz-db/src/migration.rs;crates/buzz-db/src/moderation.rs;crates/buzz-db/src/observability.rs;crates/buzz-db/src/partition.rs;crates/buzz-db/src/product_feedback.rs;crates/buzz-db/src/push.rs;crates/buzz-db/src/reaction.rs;crates/buzz-db/src/relay_admin_actions.rs;crates/buzz-db/src/relay_invite.rs;crates/buzz-db/src/relay_members.rs;crates/buzz-db/src/relay_operators.rs;crates/buzz-db/src/replaceable.rs;crates/buzz-db/src/replica_fence.rs;crates/buzz-db/src/runtime/migration.rs;crates/buzz-db/src/runtime/mod.rs;crates/buzz-db/src/runtime/observability.rs;crates/buzz-db/src/runtime/replica_fence.rs;crates/buzz-db/src/runtime/tests.rs;crates/buzz-db/src/store/admin_moderation.rs;crates/buzz-db/src/store/allowlist.rs;crates/buzz-db/src/store/api_token.rs;crates/buzz-db/src/store/archived_identities.rs;crates/buzz-db/src/store/channel.rs;crates/buzz-db/src/store/channel_members.rs;crates/buzz-db/src/store/community.rs;crates/buzz-db/src/store/deletion.rs;crates/buzz-db/src/store/dm.rs;crates/buzz-db/src/store/event.rs;crates/buzz-db/src/store/feed.rs;crates/buzz-db/src/store/git_repo.rs;crates/buzz-db/src/store/mod.rs;crates/buzz-db/src/store/moderation.rs;crates/buzz-db/src/store/partition.rs;crates/buzz-db/src/store/product_feedback.rs;crates/buzz-db/src/store/push.rs;crates/buzz-db/src/store/reaction.rs;crates/buzz-db/src/store/relay_admin_actions.rs;crates/buzz-db/src/store/relay_invite.rs;crates/buzz-db/src/store/relay_members.rs;crates/buzz-db/src/store/relay_operators.rs;crates/buzz-db/src/store/reminder.rs;crates/buzz-db/src/store/replaceable.rs;crates/buzz-db/src/store/thread.rs;crates/buzz-db/src/store/usage.rs;crates/buzz-db/src/store/user.rs;crates/buzz-db/src/store/workflow.rs;crates/buzz-db/src/thread.rs;crates/buzz-db/src/usage.rs;crates/buzz-db/src/user.rs;crates/buzz-db/src/workflow.rs;crates/buzz-db/tests/observability_source.rs;desktop/src/shared/api/relayReconnectReplay.test.mjs,adapted,Final 0.5.22 source for refactor(db): extract domain stores from database runtime is accounted for at the current paths below. Shared files retain Crew extensions or use existing Crew integration seams; supporting review evidence is attached.,final-target-deleted:crates/buzz-db/src/admin_moderation.rs;final-target-deleted:crates/buzz-db/src/api_token.rs;final-target-deleted:crates/buzz-db/src/archived_identities.rs;final-target-deleted:crates/buzz-db/src/channel.rs;final-target-deleted:crates/buzz-db/src/channel_members.rs;final-target-deleted:crates/buzz-db/src/community.rs;final-target-deleted:crates/buzz-db/src/deletion.rs;final-target-deleted:crates/buzz-db/src/dm.rs;final-target-deleted:crates/buzz-db/src/event.rs;final-target-deleted:crates/buzz-db/src/feed.rs;final-target-deleted:crates/buzz-db/src/git_repo.rs;crates/buzz-db/src/lib.rs;final-target-deleted:crates/buzz-db/src/migration.rs;final-target-deleted:crates/buzz-db/src/moderation.rs;final-target-deleted:crates/buzz-db/src/observability.rs;final-target-deleted:crates/buzz-db/src/partition.rs;final-target-deleted:crates/buzz-db/src/product_feedback.rs;final-target-deleted:crates/buzz-db/src/push.rs;final-target-deleted:crates/buzz-db/src/reaction.rs;final-target-deleted:crates/buzz-db/src/relay_admin_actions.rs;final-target-deleted:crates/buzz-db/src/relay_invite.rs;final-target-deleted:crates/buzz-db/src/relay_members.rs;final-target-deleted:crates/buzz-db/src/relay_operators.rs;final-target-deleted:crates/buzz-db/src/replaceable.rs;final-target-deleted:crates/buzz-db/src/replica_fence.rs;crates/buzz-db/src/runtime/migration.rs;crates/buzz-db/src/runtime/mod.rs;crates/buzz-db/src/runtime/observability.rs;crates/buzz-db/src/runtime/replica_fence.rs;crates/buzz-db/src/runtime/tests.rs;crates/buzz-db/src/store/admin_moderation.rs;crates/buzz-db/src/store/allowlist.rs;crates/buzz-db/src/store/api_token.rs;crates/buzz-db/src/store/archived_identities.rs;crates/buzz-db/src/store/channel.rs;crates/buzz-db/src/store/channel_members.rs;crates/buzz-db/src/store/community.rs;crates/buzz-db/src/store/deletion.rs;crates/buzz-db/src/store/dm.rs;crates/buzz-db/src/store/event.rs;crates/buzz-db/src/store/feed.rs;crates/buzz-db/src/store/git_repo.rs;crates/buzz-db/src/store/mod.rs;crates/buzz-db/src/store/moderation.rs;crates/buzz-db/src/store/partition.rs;crates/buzz-db/src/store/product_feedback.rs;crates/buzz-db/src/store/push.rs;crates/buzz-db/src/store/reaction.rs;crates/buzz-db/src/store/relay_admin_actions.rs;crates/buzz-db/src/store/relay_invite.rs;crates/buzz-db/src/store/relay_members.rs;crates/buzz-db/src/store/relay_operators.rs;crates/buzz-db/src/store/reminder.rs;crates/buzz-db/src/store/replaceable.rs;crates/buzz-db/src/store/thread.rs;crates/buzz-db/src/store/usage.rs;crates/buzz-db/src/store/user.rs;crates/buzz-db/src/store/workflow.rs;final-target-deleted:crates/buzz-db/src/thread.rs;final-target-deleted:crates/buzz-db/src/usage.rs;final-target-deleted:crates/buzz-db/src/user.rs;final-target-deleted:crates/buzz-db/src/workflow.rs;crates/buzz-db/tests/observability_source.rs;desktop/src/shared/api/relayReconnectReplay.test.mjs;plans/reports/260905-substrate-integration.md;plans/reports/reviewer-260905-coverage-audit.md;plans/reports/reviewer-20260905-final-desktop-reconciliation.md,"Final-source audit: 53 target-exact, 11 adapted, 0 intentional Crew/mapped paths. 272 committed isolated PostgreSQL tests passed. Source coverage and local just ci/dependency-policy gates passed; 10k browser smoke passed; PR #342 Gate/manual passed on 0ef5491f; whole CI cancelled after smoke 3/4 timeouts with failures. Later repairs have local validation; PR342 checks are canonical remote evidence and full NuncioCrew CI including all desktop smoke shards and manual upstream compatibility must pass on the exact head at merge."
125,c432a111ca9ddd31a85e1312d5995f8b92191b82,feat(mobile): push notifications MVP (#6269),01-toolchain-ci-docs;02-shared-protocol-web;02-shared-substrate;04-mobile,integrate final released behavior,133,.env.example;.github/workflows/ci.yml;.intersect/sadscan.yaml;Cargo.lock;Justfile;crates/buzz-db/src/runtime/migration.rs;crates/buzz-db/src/store/push.rs;crates/buzz-push-gateway/Cargo.toml;crates/buzz-push-gateway/migrations/0002_application_profiles.sql;crates/buzz-push-gateway/migrations/0003_challenge_issuance_quota.sql;crates/buzz-push-gateway/migrations/0004_dogfood_only_profile.sql;crates/buzz-push-gateway/src/apns.rs;crates/buzz-push-gateway/src/app_attest.rs;crates/buzz-push-gateway/src/authority.rs;crates/buzz-push-gateway/src/config.rs;crates/buzz-push-gateway/src/grant.rs;crates/buzz-push-gateway/src/http.rs;crates/buzz-push-gateway/src/main.rs;crates/buzz-push-gateway/src/metrics.rs;crates/buzz-push-gateway/src/model.rs;crates/buzz-push-gateway/src/postgres.rs;crates/buzz-push-gateway/tests/fixtures/apns-test-cert-only.pem;crates/buzz-push-gateway/tests/fixtures/apns-test-encrypted-identity.pem;crates/buzz-push-gateway/tests/fixtures/apns-test-identity.pem;crates/buzz-push-gateway/tests/fixtures/apns-test-key-only.pem;crates/buzz-push-gateway/tests/fixtures/apns-test-mismatched-identity.pem;crates/buzz-push-gateway/tests/fixtures/app-attest-good.json;crates/buzz-push-gateway/tests/fixtures/app-attest-wrong-aaguid.json;crates/buzz-push-gateway/tests/fixtures/app-attest-wrong-root.json;crates/buzz-push-gateway/tests/fixtures/apple-app-attestation-root.pem;crates/buzz-push-gateway/tests/vectors/app_attest_transcripts.json;crates/buzz-relay/src/config.rs;crates/buzz-relay/src/handlers/push_lease.rs;crates/buzz-relay/src/main.rs;crates/buzz-relay/src/nip11.rs;crates/buzz-relay/src/push_runtime.rs;deploy/charts/buzz-push-gateway/templates/deployment.yaml;deploy/charts/buzz-push-gateway/templates/prometheusrule.yaml;deploy/charts/buzz-push-gateway/tests/release-contract.sh;deploy/charts/buzz-push-gateway/tests/render.sh;deploy/charts/buzz-push-gateway/values-production.yaml;deploy/charts/buzz-push-gateway/values.schema.json;deploy/charts/buzz-push-gateway/values.yaml;docs/nips/NIP-PL.md;docs/push-gateway-deployment.md;migrations/0040_push_message_kinds.sql;mobile/.env.json.example;mobile/README.md;mobile/ios/.gitignore;mobile/ios/BuzzPushKit/Package.swift;mobile/ios/BuzzPushKit/Sources/BuzzPushKit/APNsRegistrationBuffer.swift;mobile/ios/BuzzPushKit/Sources/BuzzPushKit/BuzzCommunicationNotification.swift;mobile/ios/BuzzPushKit/Sources/BuzzPushKit/BuzzDevPushEnrollmentDriver.swift;mobile/ios/BuzzPushKit/Sources/BuzzPushKit/BuzzPushNavigationTarget.swift;mobile/ios/BuzzPushKit/Sources/BuzzPushKit/BuzzPushNotificationResolver.swift;mobile/ios/BuzzPushKit/Sources/BuzzPushKit/BuzzPushPendingEnrollmentRecord.swift;mobile/ios/BuzzPushKit/Sources/BuzzPushKit/BuzzPushPresentationCache.swift;mobile/ios/BuzzPushKit/Sources/BuzzPushKit/BuzzPushTranscript.swift;mobile/ios/BuzzPushKit/Sources/BuzzPushKit/NostrHTTPAuth.swift;mobile/ios/BuzzPushKit/Sources/BuzzPushKit/PushLease.swift;mobile/ios/BuzzPushKit/Tests/BuzzPushKitTests/APNsRegistrationBufferTests.swift;mobile/ios/BuzzPushKit/Tests/BuzzPushKitTests/BuzzDevPushEnrollmentDriverTests.swift;mobile/ios/BuzzPushKit/Tests/BuzzPushKitTests/BuzzPushConversationResolverTests.swift;mobile/ios/BuzzPushKit/Tests/BuzzPushKitTests/BuzzPushNavigationTargetTests.swift;mobile/ios/BuzzPushKit/Tests/BuzzPushKitTests/BuzzPushNotificationResolverTests.swift;mobile/ios/BuzzPushKit/Tests/BuzzPushKitTests/BuzzPushPresentationCacheTests.swift;mobile/ios/BuzzPushKit/Tests/BuzzPushKitTests/BuzzPushTranscriptTests.swift;mobile/ios/BuzzPushKit/Tests/BuzzPushKitTests/Fixtures;mobile/ios/BuzzPushKit/Tests/BuzzPushKitTests/NostrHTTPAuthTests.swift;mobile/ios/BuzzPushKit/Tests/BuzzPushKitTests/PushLeaseTests.swift;mobile/ios/Flutter/Debug.xcconfig;mobile/ios/Flutter/Release.xcconfig;mobile/ios/NotificationService/Info.plist;mobile/ios/NotificationService/NotificationService.entitlements;mobile/ios/NotificationService/NotificationService.swift;mobile/ios/Runner.xcodeproj/project.pbxproj;mobile/ios/Runner.xcworkspace/xcshareddata/swiftpm/Package.resolved;mobile/ios/Runner/AppDelegate.swift;mobile/ios/Runner/Info.plist;mobile/ios/Runner/PushEndpointGrantStore.swift;mobile/ios/Runner/PushNativeState.swift;mobile/ios/Runner/PushSnapshotBridge.swift;mobile/ios/Runner/Runner.entitlements;mobile/ios/RunnerTests/BuzzCommunicationNotificationTests.swift;mobile/ios/RunnerTests/RunnerTests.swift;mobile/lib/app.dart;mobile/lib/features/channels/channel_member_snapshots.dart;mobile/lib/features/channels/channels_provider.dart;mobile/lib/features/channels/deep_link_dispatcher.dart;mobile/lib/features/settings/settings_page.dart;mobile/lib/features/settings/settings_page/connection_section.dart;mobile/lib/features/settings/settings_page/notifications_section.dart;mobile/lib/main.dart;mobile/lib/shared/auth/auth_provider.dart;mobile/lib/shared/community/community.dart;mobile/lib/shared/community/community_provider.dart;mobile/lib/shared/deeplink/deep_link.dart;mobile/lib/shared/deeplink/pending_deep_link_provider.dart;mobile/lib/shared/profile/user_cache_provider.dart;mobile/lib/shared/push/dev_push_lease.dart;mobile/lib/shared/push/push_bootstrap.dart;mobile/lib/shared/push/push_bridge.dart;mobile/lib/shared/push/push_lease_revocation_outbox.dart;mobile/lib/shared/push/push_presentation_cache.dart;mobile/lib/shared/push/push_relay_capability_provider.dart;mobile/lib/shared/push/push_snapshot.dart;mobile/lib/shared/push/push_subscription.dart;mobile/lib/shared/push/push_subscription_provider.dart;mobile/lib/shared/relay/media_image.dart;mobile/lib/shared/relay/relay_provider.dart;mobile/lib/shared/relay/signed_event_relay.dart;mobile/lib/shared/widgets/avatar_image.dart;mobile/test/features/channels/deep_link_dispatcher_test.dart;mobile/test/features/settings/settings_page_test.dart;mobile/test/shared/auth/auth_provider_test.dart;mobile/test/shared/community/community_provider_test.dart;mobile/test/shared/community/community_storage_test.dart;mobile/test/shared/community/community_test.dart;mobile/test/shared/deeplink/pending_deep_link_provider_test.dart;mobile/test/shared/push/dev_push_lease_test.dart;mobile/test/shared/push/push_bootstrap_test.dart;mobile/test/shared/push/push_bridge_test.dart;mobile/test/shared/push/push_lease_revocation_outbox_test.dart;mobile/test/shared/push/push_presentation_cache_test.dart;mobile/test/shared/push/push_relay_capability_provider_test.dart;mobile/test/shared/push/push_snapshot_test.dart;mobile/test/shared/push/push_subscription_provider_test.dart;mobile/test/shared/push/push_subscription_test.dart;mobile/test/shared/widgets/avatar_image_test.dart;schema/schema.sql;scripts/mobile-worktree-clean.sh;scripts/mobile-worktree-overrides.sh;scripts/test-mobile-worktree-overrides.sh,adapted,Final 0.5.22 source for feat(mobile): push notifications MVP is accounted for at the current paths below. Shared files retain Crew extensions or use existing Crew integration seams; supporting review evidence is attached. Released migrations 0033–0044 map byte-for-byte to Crew 0034–0045; Crew applied 0001–0033 remain unchanged.,.env.example;.github/workflows/ci.yml;.intersect/sadscan.yaml;Cargo.lock;Justfile;crates/buzz-db/src/runtime/migration.rs;crates/buzz-db/src/store/push.rs;crates/buzz-push-gateway/Cargo.toml;crates/buzz-push-gateway/migrations/0002_application_profiles.sql;crates/buzz-push-gateway/migrations/0003_challenge_issuance_quota.sql;crates/buzz-push-gateway/migrations/0004_dogfood_only_profile.sql;crates/buzz-push-gateway/src/apns.rs;crates/buzz-push-gateway/src/app_attest.rs;crates/buzz-push-gateway/src/authority.rs;crates/buzz-push-gateway/src/config.rs;crates/buzz-push-gateway/src/grant.rs;crates/buzz-push-gateway/src/http.rs;crates/buzz-push-gateway/src/main.rs;crates/buzz-push-gateway/src/metrics.rs;crates/buzz-push-gateway/src/model.rs;crates/buzz-push-gateway/src/postgres.rs;crates/buzz-push-gateway/tests/fixtures/apns-test-cert-only.pem;crates/buzz-push-gateway/tests/fixtures/apns-test-encrypted-identity.pem;crates/buzz-push-gateway/tests/fixtures/apns-test-identity.pem;crates/buzz-push-gateway/tests/fixtures/apns-test-key-only.pem;crates/buzz-push-gateway/tests/fixtures/apns-test-mismatched-identity.pem;crates/buzz-push-gateway/tests/fixtures/app-attest-good.json;crates/buzz-push-gateway/tests/fixtures/app-attest-wrong-aaguid.json;crates/buzz-push-gateway/tests/fixtures/app-attest-wrong-root.json;crates/buzz-push-gateway/tests/fixtures/apple-app-attestation-root.pem;crates/buzz-push-gateway/tests/vectors/app_attest_transcripts.json;crates/buzz-relay/src/config.rs;crates/buzz-relay/src/handlers/push_lease.rs;crates/buzz-relay/src/main.rs;crates/buzz-relay/src/nip11.rs;crates/buzz-relay/src/push_runtime.rs;deploy/charts/buzz-push-gateway/templates/deployment.yaml;deploy/charts/buzz-push-gateway/templates/prometheusrule.yaml;deploy/charts/buzz-push-gateway/tests/release-contract.sh;deploy/charts/buzz-push-gateway/tests/render.sh;deploy/charts/buzz-push-gateway/values-production.yaml;deploy/charts/buzz-push-gateway/values.schema.json;deploy/charts/buzz-push-gateway/values.yaml;docs/nips/NIP-PL.md;docs/push-gateway-deployment.md;migrations/0041_push_message_kinds.sql;mobile/.env.json.example;mobile/README.md;mobile/ios/.gitignore;mobile/ios/BuzzPushKit/Package.swift;mobile/ios/BuzzPushKit/Sources/BuzzPushKit/APNsRegistrationBuffer.swift;mobile/ios/BuzzPushKit/Sources/BuzzPushKit/BuzzCommunicationNotification.swift;mobile/ios/BuzzPushKit/Sources/BuzzPushKit/BuzzDevPushEnrollmentDriver.swift;mobile/ios/BuzzPushKit/Sources/BuzzPushKit/BuzzPushNavigationTarget.swift;mobile/ios/BuzzPushKit/Sources/BuzzPushKit/BuzzPushNotificationResolver.swift;mobile/ios/BuzzPushKit/Sources/BuzzPushKit/BuzzPushPendingEnrollmentRecord.swift;mobile/ios/BuzzPushKit/Sources/BuzzPushKit/BuzzPushPresentationCache.swift;mobile/ios/BuzzPushKit/Sources/BuzzPushKit/BuzzPushTranscript.swift;mobile/ios/BuzzPushKit/Sources/BuzzPushKit/NostrHTTPAuth.swift;mobile/ios/BuzzPushKit/Sources/BuzzPushKit/PushLease.swift;mobile/ios/BuzzPushKit/Tests/BuzzPushKitTests/APNsRegistrationBufferTests.swift;mobile/ios/BuzzPushKit/Tests/BuzzPushKitTests/BuzzDevPushEnrollmentDriverTests.swift;mobile/ios/BuzzPushKit/Tests/BuzzPushKitTests/BuzzPushConversationResolverTests.swift;mobile/ios/BuzzPushKit/Tests/BuzzPushKitTests/BuzzPushNavigationTargetTests.swift;mobile/ios/BuzzPushKit/Tests/BuzzPushKitTests/BuzzPushNotificationResolverTests.swift;mobile/ios/BuzzPushKit/Tests/BuzzPushKitTests/BuzzPushPresentationCacheTests.swift;mobile/ios/BuzzPushKit/Tests/BuzzPushKitTests/BuzzPushTranscriptTests.swift;mobile/ios/BuzzPushKit/Tests/BuzzPushKitTests/Fixtures;mobile/ios/BuzzPushKit/Tests/BuzzPushKitTests/NostrHTTPAuthTests.swift;mobile/ios/BuzzPushKit/Tests/BuzzPushKitTests/PushLeaseTests.swift;mobile/ios/Flutter/Debug.xcconfig;mobile/ios/Flutter/Release.xcconfig;mobile/ios/NotificationService/Info.plist;mobile/ios/NotificationService/NotificationService.entitlements;mobile/ios/NotificationService/NotificationService.swift;mobile/ios/Runner.xcodeproj/project.pbxproj;mobile/ios/Runner.xcworkspace/xcshareddata/swiftpm/Package.resolved;mobile/ios/Runner/AppDelegate.swift;mobile/ios/Runner/Info.plist;mobile/ios/Runner/PushEndpointGrantStore.swift;mobile/ios/Runner/PushNativeState.swift;mobile/ios/Runner/PushSnapshotBridge.swift;mobile/ios/Runner/Runner.entitlements;mobile/ios/RunnerTests/BuzzCommunicationNotificationTests.swift;mobile/ios/RunnerTests/RunnerTests.swift;mobile/lib/app.dart;mobile/lib/features/channels/channel_member_snapshots.dart;mobile/lib/features/channels/channels_provider.dart;mobile/lib/features/channels/deep_link_dispatcher.dart;mobile/lib/features/settings/settings_page.dart;mobile/lib/features/settings/settings_page/connection_section.dart;mobile/lib/features/settings/settings_page/notifications_section.dart;mobile/lib/main.dart;mobile/lib/shared/auth/auth_provider.dart;mobile/lib/shared/community/community.dart;mobile/lib/shared/community/community_provider.dart;mobile/lib/shared/deeplink/deep_link.dart;mobile/lib/shared/deeplink/pending_deep_link_provider.dart;mobile/lib/shared/profile/user_cache_provider.dart;mobile/lib/shared/push/dev_push_lease.dart;mobile/lib/shared/push/push_bootstrap.dart;mobile/lib/shared/push/push_bridge.dart;mobile/lib/shared/push/push_lease_revocation_outbox.dart;mobile/lib/shared/push/push_presentation_cache.dart;mobile/lib/shared/push/push_relay_capability_provider.dart;mobile/lib/shared/push/push_snapshot.dart;mobile/lib/shared/push/push_subscription.dart;mobile/lib/shared/push/push_subscription_provider.dart;mobile/lib/shared/relay/media_image.dart;mobile/lib/shared/relay/relay_provider.dart;mobile/lib/shared/relay/signed_event_relay.dart;mobile/lib/shared/widgets/avatar_image.dart;mobile/test/features/channels/deep_link_dispatcher_test.dart;mobile/test/features/settings/settings_page_test.dart;mobile/test/shared/auth/auth_provider_test.dart;mobile/test/shared/community/community_provider_test.dart;mobile/test/shared/community/community_storage_test.dart;mobile/test/shared/community/community_test.dart;mobile/test/shared/deeplink/pending_deep_link_provider_test.dart;mobile/test/shared/push/dev_push_lease_test.dart;mobile/test/shared/push/push_bootstrap_test.dart;mobile/test/shared/push/push_bridge_test.dart;mobile/test/shared/push/push_lease_revocation_outbox_test.dart;mobile/test/shared/push/push_presentation_cache_test.dart;mobile/test/shared/push/push_relay_capability_provider_test.dart;mobile/test/shared/push/push_snapshot_test.dart;mobile/test/shared/push/push_subscription_provider_test.dart;mobile/test/shared/push/push_subscription_test.dart;mobile/test/shared/widgets/avatar_image_test.dart;schema/schema.sql;scripts/mobile-worktree-clean.sh;scripts/mobile-worktree-overrides.sh;scripts/test-mobile-worktree-overrides.sh;.github/workflows/nuncio-crew-ci.yml;.github/workflows/nuncio-crew-release.yml;plans/reports/260905-substrate-integration.md;plans/reports/implementer-260905-supporting-source-ports.md;plans/reports/reviewer-260905-coverage-audit.md,"Final-source audit: 121 target-exact, 11 adapted, 1 intentional Crew/mapped paths. 272 committed isolated PostgreSQL tests passed. Relay integration and isolated PostgreSQL regressions recorded in substrate evidence. Historical checksums preserved; released SQL mapping verified. Helm 47 tests across 9 suites plus lint/render and push release-contract passed. Source coverage and local just ci/dependency-policy gates passed; 10k browser smoke passed; PR #342 Gate/manual passed on 0ef5491f; whole CI cancelled after smoke 3/4 timeouts with failures. Later repairs have local validation; PR342 checks are canonical remote evidence and full NuncioCrew CI including all desktop smoke shards and manual upstream compatibility must pass on the exact head at merge."
126,b593c7d7feb6bf4207dbf3439906c25a714b703f,perf(mobile): reduce cold startup and channel rendering delays (#6996),04-mobile,integrate final released behavior,15,mobile/lib/features/channels/channels_provider.dart;mobile/lib/features/channels/channels_provider_lifecycle.dart;mobile/lib/features/channels/message_content.dart;mobile/lib/shared/custom_emoji/custom_emoji_render.dart;mobile/lib/shared/relay/relay_rate_limit_gate.dart;mobile/lib/shared/relay/relay_session.dart;mobile/pubspec.lock;mobile/pubspec.yaml;mobile/test/features/channels/channels_provider_live_cases.dart;mobile/test/features/channels/channels_provider_terminal_cases.dart;mobile/test/features/channels/channels_provider_test.dart;mobile/test/features/channels/message_content_custom_emoji_test.dart;mobile/test/shared/custom_emoji/custom_emoji_render_test.dart;mobile/test/shared/relay/relay_rate_limit_gate_test.dart;mobile/test/shared/relay/relay_session_test.dart,adapted,Final 0.5.22 source for perf(mobile): reduce cold startup and channel rendering delays is accounted for at the current paths below. Shared files retain Crew extensions or use existing Crew integration seams; supporting review evidence is attached.,mobile/lib/features/channels/channels_provider.dart;mobile/lib/features/channels/channels_provider_lifecycle.dart;mobile/lib/features/channels/message_content.dart;mobile/lib/shared/custom_emoji/custom_emoji_render.dart;mobile/lib/shared/relay/relay_rate_limit_gate.dart;mobile/lib/shared/relay/relay_session.dart;mobile/pubspec.lock;mobile/pubspec.yaml;mobile/test/features/channels/channels_provider_live_cases.dart;mobile/test/features/channels/channels_provider_terminal_cases.dart;mobile/test/features/channels/channels_provider_test.dart;mobile/test/features/channels/message_content_custom_emoji_test.dart;mobile/test/shared/custom_emoji/custom_emoji_render_test.dart;mobile/test/shared/relay/relay_rate_limit_gate_test.dart;mobile/test/shared/relay/relay_session_test.dart;plans/reports/reviewer-260905-coverage-audit.md,"Final-source audit: 13 target-exact, 2 adapted, 0 intentional Crew/mapped paths. Source coverage and local just ci/dependency-policy gates passed; 10k browser smoke passed; PR #342 Gate/manual passed on 0ef5491f; whole CI cancelled after smoke 3/4 timeouts with failures. Later repairs have local validation; PR342 checks are canonical remote evidence and full NuncioCrew CI including all desktop smoke shards and manual upstream compatibility must pass on the exact head at merge."
127,2c99ee7af5a20d239e95ec5368407887449795c9,fix(desktop): resolve bundled sidecar on cheap path and bound login-shell spawns (#6904),03-managed-agents;04-desktop,integrate final released behavior,14,desktop/src-tauri/Cargo.toml;desktop/src-tauri/src/managed_agents/discovery.rs;desktop/src-tauri/src/managed_agents/discovery/bounded_command.rs;desktop/src-tauri/src/managed_agents/discovery/login_shell.rs;desktop/src-tauri/src/managed_agents/discovery/tests/managed_path_resolution.rs;desktop/src-tauri/src/managed_agents/process_lifecycle.rs;desktop/src/app/useAppShellLifecycleEffects.ts;desktop/src/features/agents/acpRuntimesQuery.test.mjs;desktop/src/features/agents/acpRuntimesQuery.ts;desktop/src/features/agents/hooks.ts;desktop/src/features/agents/ui/AgentDefaultsEditor.tsx;desktop/src/features/agents/ui/AgentDefinitionDialog.tsx;desktop/src/features/agents/ui/AgentHarnessField.tsx;desktop/src/features/agents/ui/HarnessCatalogRetryNotice.tsx,adapted,Final 0.5.22 source for fix(desktop): resolve bundled sidecar on cheap path and bound login-shell spawns is accounted for at the current paths below. Shared files retain Crew extensions or use existing Crew integration seams; supporting review evidence is attached.,desktop/src-tauri/Cargo.toml;desktop/src-tauri/src/managed_agents/discovery.rs;desktop/src-tauri/src/managed_agents/discovery/bounded_command.rs;desktop/src-tauri/src/managed_agents/discovery/login_shell.rs;desktop/src-tauri/src/managed_agents/discovery/tests/managed_path_resolution.rs;desktop/src-tauri/src/managed_agents/process_lifecycle.rs;desktop/src/app/useAppShellLifecycleEffects.ts;desktop/src/features/agents/acpRuntimesQuery.test.mjs;desktop/src/features/agents/acpRuntimesQuery.ts;desktop/src/features/agents/hooks.ts;desktop/src/features/agents/ui/AgentDefaultsEditor.tsx;desktop/src/features/agents/ui/AgentDefinitionDialog.tsx;desktop/src/features/agents/ui/AgentHarnessField.tsx;desktop/src/features/agents/ui/HarnessCatalogRetryNotice.tsx;plans/reports/implementer-260905-native-release-integration.md;/tmp/crew-profile-agent-final-tests.log;plans/reports/reviewer-260905-coverage-audit.md;plans/reports/reviewer-20260905-final-desktop-reconciliation.md,"Final-source audit: 6 target-exact, 8 adapted, 0 intentional Crew/mapped paths. Native tests 3431 passed, 19 ignored; clippy passed. 1170 scoped profile/agent tests passed; scoped TypeScript clean. Source coverage and local just ci/dependency-policy gates passed; 10k browser smoke passed; PR #342 Gate/manual passed on 0ef5491f; whole CI cancelled after smoke 3/4 timeouts with failures. Later repairs have local validation; PR342 checks are canonical remote evidence and full NuncioCrew CI including all desktop smoke shards and manual upstream compatibility must pass on the exact head at merge."
128,8dbc65d9e2c80d9d8516e17b751c46e0568100e6,fix(composer): polish automatic mentions (#6956),03-managed-agents;04-desktop,integrate final released behavior,35,desktop/src/features/agents/lib/agentAutocompleteEligibility.test.mjs;desktop/src/features/agents/lib/agentAutocompleteEligibility.ts;desktop/src/features/channels/ui/MembersSidebar.tsx;desktop/src/features/messages/lib/autoPinMentionedAgentsPreference.test.mjs;desktop/src/features/messages/lib/autoPinMentionedAgentsPreference.ts;desktop/src/features/messages/lib/buildMentionCandidates.test.mjs;desktop/src/features/messages/lib/buildMentionCandidates.ts;desktop/src/features/messages/lib/mentionHighlightExtension.ts;desktop/src/features/messages/lib/mentionMemberPubkeys.ts;desktop/src/features/messages/lib/persistentAgentAudience.test.mjs;desktop/src/features/messages/lib/persistentAgentAudience.ts;desktop/src/features/messages/lib/stripImplicitAgentMentions.test.mjs;desktop/src/features/messages/lib/stripImplicitAgentMentions.ts;desktop/src/features/messages/lib/useMentions.ts;desktop/src/features/messages/lib/useRichTextEditor.ts;desktop/src/features/messages/ui/ComposerAddressControls.test.mjs;desktop/src/features/messages/ui/ComposerAddressControls.tsx;desktop/src/features/messages/ui/MentionAutocomplete.test.mjs;desktop/src/features/messages/ui/MentionAutocomplete.tsx;desktop/src/features/messages/ui/MessageComposer.tsx;desktop/src/features/messages/ui/MessageComposerToolbar.tsx;desktop/src/features/messages/ui/composerAgentKeyboard.test.mjs;desktop/src/features/messages/ui/useAddressedAgentMentionRestore.ts;desktop/src/features/messages/ui/useAgentAddressLockPicker.test.mjs;desktop/src/features/messages/ui/useAgentAddressLockPicker.ts;desktop/src/features/messages/ui/useAlwaysAddressShortcut.ts;desktop/src/features/messages/ui/useAutoPinMentionedAgents.ts;desktop/src/features/messages/ui/useComposerMentionPicker.test.mjs;desktop/src/features/messages/ui/useComposerMentionPicker.ts;desktop/src/features/messages/ui/useDraftPersistSnapshot.ts;desktop/src/features/messages/ui/useImplicitAgentMentionProvenance.ts;desktop/src/shared/lib/keyboard-shortcuts.ts;desktop/src/testing/e2eBridge.ts;desktop/tests/e2e/mentions.spec.ts;desktop/tests/e2e/persistent-agent-audience.spec.ts,adapted,Final 0.5.22 source for fix(composer): polish automatic mentions is accounted for at the current paths below. Shared files retain Crew extensions or use existing Crew integration seams; supporting review evidence is attached.,desktop/src/features/agents/lib/agentAutocompleteEligibility.test.mjs;desktop/src/features/agents/lib/agentAutocompleteEligibility.ts;desktop/src/features/channels/ui/MembersSidebar.tsx;desktop/src/features/messages/lib/autoPinMentionedAgentsPreference.test.mjs;desktop/src/features/messages/lib/autoPinMentionedAgentsPreference.ts;desktop/src/features/messages/lib/buildMentionCandidates.test.mjs;desktop/src/features/messages/lib/buildMentionCandidates.ts;desktop/src/features/messages/lib/mentionHighlightExtension.ts;desktop/src/features/messages/lib/mentionMemberPubkeys.ts;desktop/src/features/messages/lib/persistentAgentAudience.test.mjs;desktop/src/features/messages/lib/persistentAgentAudience.ts;desktop/src/features/messages/lib/stripImplicitAgentMentions.test.mjs;desktop/src/features/messages/lib/stripImplicitAgentMentions.ts;desktop/src/features/messages/lib/useMentions.ts;desktop/src/features/messages/lib/useRichTextEditor.ts;desktop/src/features/messages/ui/ComposerAddressControls.test.mjs;desktop/src/features/messages/ui/ComposerAddressControls.tsx;desktop/src/features/messages/ui/MentionAutocomplete.test.mjs;desktop/src/features/messages/ui/MentionAutocomplete.tsx;desktop/src/features/messages/ui/MessageComposer.tsx;desktop/src/features/messages/ui/MessageComposerToolbar.tsx;desktop/src/features/messages/ui/composerAgentKeyboard.test.mjs;desktop/src/features/messages/ui/useAddressedAgentMentionRestore.ts;desktop/src/features/messages/ui/useAgentAddressLockPicker.test.mjs;desktop/src/features/messages/ui/useAgentAddressLockPicker.ts;desktop/src/features/messages/ui/useAlwaysAddressShortcut.ts;desktop/src/features/messages/ui/useAutoPinMentionedAgents.ts;desktop/src/features/messages/ui/useComposerMentionPicker.test.mjs;desktop/src/features/messages/ui/useComposerMentionPicker.ts;desktop/src/features/messages/ui/useDraftPersistSnapshot.ts;desktop/src/features/messages/ui/useImplicitAgentMentionProvenance.ts;desktop/src/shared/lib/keyboard-shortcuts.ts;desktop/src/testing/e2eBridge.ts;desktop/tests/e2e/mentions.spec.ts;desktop/tests/e2e/persistent-agent-audience.spec.ts;plans/reports/implementer-260905-desktop-message-notification-huddle-ports.md;/tmp/crew-profile-agent-final-tests.log;plans/reports/reviewer-260905-coverage-audit.md;plans/reports/reviewer-20260905-final-desktop-reconciliation.md,"Final-source audit: 20 target-exact, 15 adapted, 0 intentional Crew/mapped paths. 1374 message tests and 193 focused integration tests passed at report snapshot. 1170 scoped profile/agent tests passed; scoped TypeScript clean. Source coverage and local just ci/dependency-policy gates passed; 10k browser smoke passed; PR #342 Gate/manual passed on 0ef5491f; whole CI cancelled after smoke 3/4 timeouts with failures. Later repairs have local validation; PR342 checks are canonical remote evidence and full NuncioCrew CI including all desktop smoke shards and manual upstream compatibility must pass on the exact head at merge."
129,00e61eafa917d296104006576b7a2ddbfd58bb5a,fix(desktop): surface channel history load failures (#7013),04-desktop,integrate final released behavior,12,desktop/src/features/channels/ui/ChannelPane.helpers.ts;desktop/src/features/channels/ui/ChannelPane.tsx;desktop/src/features/channels/ui/ChannelPane.types.ts;desktop/src/features/channels/ui/ChannelScreen.tsx;desktop/src/features/messages/lib/projectChannelWindow.test.mjs;desktop/src/features/messages/lib/projectChannelWindow.ts;desktop/src/features/messages/lib/timelineLoadingState.test.mjs;desktop/src/features/messages/lib/timelineLoadingState.ts;desktop/src/features/messages/lib/timelineSnapshot.test.mjs;desktop/src/features/messages/lib/timelineSnapshot.ts;desktop/src/features/messages/ui/MessageTimeline.tsx;desktop/src/features/messages/ui/MessageTimelineErrorCard.tsx,adapted,Final 0.5.22 source for fix(desktop): surface channel history load failures is accounted for at the current paths below. Shared files retain Crew extensions or use existing Crew integration seams; supporting review evidence is attached.,desktop/src/features/channels/ui/ChannelPane.helpers.ts;desktop/src/features/channels/ui/ChannelPane.tsx;desktop/src/features/channels/ui/ChannelPane.types.ts;desktop/src/features/channels/ui/ChannelScreen.tsx;desktop/src/features/messages/lib/projectChannelWindow.test.mjs;desktop/src/features/messages/lib/projectChannelWindow.ts;desktop/src/features/messages/lib/timelineLoadingState.test.mjs;desktop/src/features/messages/lib/timelineLoadingState.ts;desktop/src/features/messages/lib/timelineSnapshot.test.mjs;desktop/src/features/messages/lib/timelineSnapshot.ts;desktop/src/features/messages/ui/MessageTimeline.tsx;desktop/src/features/messages/ui/MessageTimelineErrorCard.tsx;plans/reports/implementer-260905-desktop-message-notification-huddle-ports.md;plans/reports/reviewer-260905-coverage-audit.md;plans/reports/reviewer-20260905-final-desktop-reconciliation.md,"Final-source audit: 8 target-exact, 4 adapted, 0 intentional Crew/mapped paths. 1374 message tests and 193 focused integration tests passed at report snapshot. Source coverage and local just ci/dependency-policy gates passed; 10k browser smoke passed; PR #342 Gate/manual passed on 0ef5491f; whole CI cancelled after smoke 3/4 timeouts with failures. Later repairs have local validation; PR342 checks are canonical remote evidence and full NuncioCrew CI including all desktop smoke shards and manual upstream compatibility must pass on the exact head at merge."
130,eed74bde2f4797714335ac10c56c0b0244c1def4,feat(buzz-agent): surface stop reason and silent-turn WARN in telemetry (#7038),03-agent-runtime,integrate native diagnostics,2,crates/buzz-agent/src/agent.rs;crates/buzz-agent/src/llm.rs,ported,Released stop-reason and silent-turn telemetry retained; a publish attempt does not imply successful publication or automatic retry. Every listed path matches the final target bytes (including final target deletions).,crates/buzz-agent/src/agent.rs;crates/buzz-agent/src/llm.rs;plans/reports/reviewer-260905-acp-release-integration.md;plans/reports/reviewer-260905-coverage-audit.md,"Final-source audit: 2 target-exact, 0 adapted, 0 intentional Crew/mapped paths. ACP/agent permission and telemetry integration independently reviewed. Source coverage and local just ci/dependency-policy gates passed; 10k browser smoke passed; PR #342 Gate/manual passed on 0ef5491f; whole CI cancelled after smoke 3/4 timeouts with failures. Later repairs have local validation; PR342 checks are canonical remote evidence and full NuncioCrew CI including all desktop smoke shards and manual upstream compatibility must pass on the exact head at merge."
131,c3132c3ee982d194cd0198ad07b57ec8bd726e4e,feat(desktop): use segmented controls for channel creation (#6845),04-desktop,integrate final released behavior,7,desktop/src/features/channels/ui/ChannelPermissionsSettings.tsx;desktop/src/features/channels/ui/ChannelTypeSettings.tsx;desktop/src/features/sidebar/lib/useCreateChannelForm.ts;desktop/src/features/sidebar/ui/CreateChannelFormFields.tsx;desktop/src/shared/ui/segmented-control.tsx;desktop/tests/e2e/channels.spec.ts;desktop/tests/e2e/welcome-agent-modal-screenshots.spec.ts,adapted,Final 0.5.22 source for feat(desktop): use segmented controls for channel creation is accounted for at the current paths below. Shared files retain Crew extensions or use existing Crew integration seams; supporting review evidence is attached.,desktop/src/features/channels/ui/ChannelPermissionsSettings.tsx;desktop/src/features/channels/ui/ChannelTypeSettings.tsx;desktop/src/features/sidebar/lib/useCreateChannelForm.ts;desktop/src/features/sidebar/ui/CreateChannelFormFields.tsx;desktop/src/shared/ui/segmented-control.tsx;desktop/tests/e2e/channels.spec.ts;desktop/tests/e2e/welcome-agent-modal-screenshots.spec.ts;plans/reports/reviewer-260905-coverage-audit.md;plans/reports/reviewer-20260905-final-desktop-reconciliation.md,"Final-source audit: 6 target-exact, 1 adapted, 0 intentional Crew/mapped paths. Source coverage and local just ci/dependency-policy gates passed; 10k browser smoke passed; PR #342 Gate/manual passed on 0ef5491f; whole CI cancelled after smoke 3/4 timeouts with failures. Later repairs have local validation; PR342 checks are canonical remote evidence and full NuncioCrew CI including all desktop smoke shards and manual upstream compatibility must pass on the exact head at merge."
132,3ed623bb217bf9697b0ce4562529254977e0ea04,"feat(db): configurable writer session timeouts (lock, idle-txn, statement) (#6229)",01-toolchain-ci-docs;02-shared-substrate,integrate final released behavior,10,.env.example;.github/workflows/ci.yml;crates/buzz-admin/src/main.rs;crates/buzz-db/src/runtime/migration.rs;crates/buzz-db/src/runtime/mod.rs;crates/buzz-db/src/runtime/tests.rs;crates/buzz-deletion/src/lib.rs;crates/buzz-relay/src/main.rs;crates/buzz-relay/src/state.rs;docs/push-gateway-deployment.md,adapted,"Final 0.5.22 source for feat(db): configurable writer session timeouts (lock, idle-txn, statement) is accounted for at the current paths below. Shared files retain Crew extensions or use existing Crew integration seams; supporting review evidence is attached.",.env.example;.github/workflows/ci.yml;crates/buzz-admin/src/main.rs;crates/buzz-db/src/runtime/migration.rs;crates/buzz-db/src/runtime/mod.rs;crates/buzz-db/src/runtime/tests.rs;crates/buzz-deletion/src/lib.rs;crates/buzz-relay/src/main.rs;crates/buzz-relay/src/state.rs;docs/push-gateway-deployment.md;.github/workflows/nuncio-crew-ci.yml;.github/workflows/nuncio-crew-release.yml;plans/reports/260905-substrate-integration.md;plans/reports/reviewer-260905-coverage-audit.md,"Final-source audit: 5 target-exact, 5 adapted, 0 intentional Crew/mapped paths. 272 committed isolated PostgreSQL tests passed. Relay integration and isolated PostgreSQL regressions recorded in substrate evidence. Source coverage and local just ci/dependency-policy gates passed; 10k browser smoke passed; PR #342 Gate/manual passed on 0ef5491f; whole CI cancelled after smoke 3/4 timeouts with failures. Later repairs have local validation; PR342 checks are canonical remote evidence and full NuncioCrew CI including all desktop smoke shards and manual upstream compatibility must pass on the exact head at merge."
133,e47690c21b519128b40c917456b3e3f33f018fe4,Enforce NIP-OA authorization time bounds (#7004),02-shared-substrate;03-agent-runtime,integrate final released behavior,11,crates/buzz-relay/src/api/bridge.rs;crates/buzz-relay/src/api/gifs.rs;crates/buzz-relay/src/api/git/transport.rs;crates/buzz-relay/src/api/invites.rs;crates/buzz-relay/src/api/media.rs;crates/buzz-relay/src/api/mod.rs;crates/buzz-relay/src/api/operator.rs;crates/buzz-relay/src/api/workflows.rs;crates/buzz-relay/src/audio/handler.rs;crates/buzz-relay/src/handlers/auth.rs;crates/buzz-sdk/src/nip_oa.rs,adapted,Final 0.5.22 source for Enforce NIP-OA authorization time bounds is accounted for at the current paths below. Shared files retain Crew extensions or use existing Crew integration seams; supporting review evidence is attached.,crates/buzz-relay/src/api/bridge.rs;crates/buzz-relay/src/api/gifs.rs;crates/buzz-relay/src/api/git/transport.rs;crates/buzz-relay/src/api/invites.rs;crates/buzz-relay/src/api/media.rs;crates/buzz-relay/src/api/mod.rs;crates/buzz-relay/src/api/operator.rs;crates/buzz-relay/src/api/workflows.rs;crates/buzz-relay/src/audio/handler.rs;crates/buzz-relay/src/handlers/auth.rs;crates/buzz-sdk/src/nip_oa.rs;plans/reports/260905-substrate-integration.md;plans/reports/reviewer-260905-coverage-audit.md,"Final-source audit: 8 target-exact, 3 adapted, 0 intentional Crew/mapped paths. Relay integration and isolated PostgreSQL regressions recorded in substrate evidence. Source coverage and local just ci/dependency-policy gates passed; 10k browser smoke passed; PR #342 Gate/manual passed on 0ef5491f; whole CI cancelled after smoke 3/4 timeouts with failures. Later repairs have local validation; PR342 checks are canonical remote evidence and full NuncioCrew CI including all desktop smoke shards and manual upstream compatibility must pass on the exact head at merge."
134,f463e726dd173146c3c2bcbf7fdba03c9790dd3a,fix: retrieving cold memories; add regression task (#6950),01-toolchain-ci-docs;03-agent-runtime,integrate final released behavior,18,benchmarks/buzz-dataset/README.md;benchmarks/buzz-dataset/memory-retrieval/README.md;benchmarks/buzz-dataset/memory-retrieval/environment/Dockerfile;benchmarks/buzz-dataset/memory-retrieval/instruction.md;benchmarks/buzz-dataset/memory-retrieval/task.toml;benchmarks/buzz-dataset/memory-retrieval/tests/test.sh;benchmarks/buzz-dataset/memory-retrieval/tests/verify.py;benchmarks/harbor-buzz-orchestra/README.md;benchmarks/harbor-buzz-orchestra/src/harbor_buzz_orchestra/container_runtime.py;benchmarks/harbor-buzz-orchestra/src/harbor_buzz_orchestra/task_fixtures.py;benchmarks/harbor-buzz-orchestra/testbed/endpoints/README.md;benchmarks/harbor-buzz-orchestra/testbed/endpoints/openai-live-wire-debug.json;benchmarks/harbor-buzz-orchestra/testbed/tests/test_benchmark.py;benchmarks/harbor-buzz-orchestra/testbed/uv.lock;benchmarks/harbor-buzz-orchestra/tests/test_container_runtime.py;benchmarks/harbor-buzz-orchestra/tests/test_expanded_buzz_native_verifiers.py;benchmarks/harbor-buzz-orchestra/uv.lock;crates/buzz-acp/src/base_prompt.md,adapted,Final 0.5.22 source for fix: retrieving cold memories; add regression task is accounted for at the current paths below. Shared files retain Crew extensions or use existing Crew integration seams; supporting review evidence is attached.,benchmarks/buzz-dataset/README.md;benchmarks/buzz-dataset/memory-retrieval/README.md;benchmarks/buzz-dataset/memory-retrieval/environment/Dockerfile;benchmarks/buzz-dataset/memory-retrieval/instruction.md;benchmarks/buzz-dataset/memory-retrieval/task.toml;benchmarks/buzz-dataset/memory-retrieval/tests/test.sh;benchmarks/buzz-dataset/memory-retrieval/tests/verify.py;benchmarks/harbor-buzz-orchestra/README.md;benchmarks/harbor-buzz-orchestra/src/harbor_buzz_orchestra/container_runtime.py;benchmarks/harbor-buzz-orchestra/src/harbor_buzz_orchestra/task_fixtures.py;benchmarks/harbor-buzz-orchestra/testbed/endpoints/README.md;benchmarks/harbor-buzz-orchestra/testbed/endpoints/openai-live-wire-debug.json;benchmarks/harbor-buzz-orchestra/testbed/tests/test_benchmark.py;benchmarks/harbor-buzz-orchestra/testbed/uv.lock;benchmarks/harbor-buzz-orchestra/tests/test_container_runtime.py;benchmarks/harbor-buzz-orchestra/tests/test_expanded_buzz_native_verifiers.py;benchmarks/harbor-buzz-orchestra/uv.lock;crates/buzz-acp/src/base_prompt.md;plans/reports/implementer-260905-acp-priority-ports.md;plans/reports/implementer-260905-supporting-source-ports.md;plans/reports/reviewer-260905-coverage-audit.md,"Final-source audit: 17 target-exact, 1 adapted, 0 intentional Crew/mapped paths. 1175 ACP library tests, 14 integration tests, 6 PostgreSQL regressions passed. Benchmark 91 tests; testbed 39 passed, 1 live-provider skip. Source coverage and local just ci/dependency-policy gates passed; 10k browser smoke passed; PR #342 Gate/manual passed on 0ef5491f; whole CI cancelled after smoke 3/4 timeouts with failures. Later repairs have local validation; PR342 checks are canonical remote evidence and full NuncioCrew CI including all desktop smoke shards and manual upstream compatibility must pass on the exact head at merge."
135,17ecf0b8c9c0f4bb9d098f25c2a2ece6a3500a4c,fix(ci): salvage Codex review output on PTY-shutdown hang (#7042),01-toolchain-ci-docs,integrate final released behavior,4,.github/workflows/codex-security-review.yml;Justfile;bin/.actionlint-1.7.12.pkg;bin/actionlint,retained-Crew-divergence,Retain NuncioCrew Gate and manual Crew release ownership; upstream-only cache/deployment/security-review lane changes are not activated. Shared production code is evaluated separately.,intentionally-omitted:.github/workflows/codex-security-review.yml;Justfile;intentionally-omitted:bin/.actionlint-1.7.12.pkg;intentionally-omitted:bin/actionlint;.github/workflows/nuncio-crew-ci.yml;.github/workflows/nuncio-crew-release.yml;plans/reports/reviewer-260905-coverage-audit.md,"Final-source audit: 0 target-exact, 1 adapted, 3 intentional Crew/mapped paths. Source coverage and local just ci/dependency-policy gates passed; 10k browser smoke passed; PR #342 Gate/manual passed on 0ef5491f; whole CI cancelled after smoke 3/4 timeouts with failures. Later repairs have local validation; PR342 checks are canonical remote evidence and full NuncioCrew CI including all desktop smoke shards and manual upstream compatibility must pass on the exact head at merge."
136,bc006f67087b049e2f9c4d8a2f26faceff628225,feat: render agent avatars as squircles (#7106),03-managed-agents;04-desktop;04-mobile,integrate final released behavior,109,desktop/src/features/agents/ui/AddTeamToChannelDialog.tsx;desktop/src/features/agents/ui/AgentCreationPreview.tsx;desktop/src/features/agents/ui/AgentIdentityCard.tsx;desktop/src/features/agents/ui/AgentRuntimeAvatarControl.tsx;desktop/src/features/agents/ui/AgentSessionToolItem/CompactMessageSummary.tsx;desktop/src/features/agents/ui/IdentityInitialsAvatar.tsx;desktop/src/features/agents/ui/RespondToField.tsx;desktop/src/features/agents/ui/TeamDialog.tsx;desktop/src/features/agents/ui/TeamIdentityCard.tsx;desktop/src/features/agents/ui/activityRenderClasses/UserMessageBubble.tsx;desktop/src/features/channels/lib/dmParticipantDisplay.ts;desktop/src/features/channels/ui/AddChannelBotPersonasSection.tsx;desktop/src/features/channels/ui/AddChannelBotTeamsSection.tsx;desktop/src/features/channels/ui/AddMemberSearchResultRow.tsx;desktop/src/features/channels/ui/AgentSessionThreadPanel.tsx;desktop/src/features/channels/ui/BotActivityBar.tsx;desktop/src/features/channels/ui/ChannelMemberAvatarStack.tsx;desktop/src/features/channels/ui/ChannelMemberInviteCard.tsx;desktop/src/features/channels/ui/ChannelScreenHeader.tsx;desktop/src/features/channels/ui/MembersSidebarMemberCard.tsx;desktop/src/features/channels/useActiveChannelHeader.ts;desktop/src/features/community-members/ui/AddMemberDialog.tsx;desktop/src/features/community-members/ui/CommunityMembersSettingsCard.tsx;desktop/src/features/forum/ui/ForumPostCard.tsx;desktop/src/features/forum/ui/ForumThreadPanel.tsx;desktop/src/features/home/ui/FeedSection.tsx;desktop/src/features/home/ui/InboxListPane.tsx;desktop/src/features/home/ui/InboxMessageRow.tsx;desktop/src/features/home/ui/ProjectInboxDetailPane.tsx;desktop/src/features/home/ui/RecentNotesSection.tsx;desktop/src/features/huddle/components/AddAgentDialog.tsx;desktop/src/features/huddle/components/ParticipantList.tsx;desktop/src/features/messages/lib/threadPanel.ts;desktop/src/features/messages/ui/ComposerAddressControls.tsx;desktop/src/features/messages/ui/DirectMessageIntroAvatarStack.tsx;desktop/src/features/messages/ui/MentionAutocomplete.tsx;desktop/src/features/messages/ui/MessageRow.tsx;desktop/src/features/messages/ui/MessageThreadSummaryRow.tsx;desktop/src/features/messages/ui/NewMessageResultRow.tsx;desktop/src/features/messages/ui/SystemMessageAvatars.tsx;desktop/src/features/messages/ui/SystemMessageRow.tsx;desktop/src/features/messages/ui/TypingIndicatorRow.tsx;desktop/src/features/profile/ui/ProfileAvatar.tsx;desktop/src/features/profile/ui/ProfileAvatarWithStatus.tsx;desktop/src/features/profile/ui/SelectedRecipientChip.tsx;desktop/src/features/profile/ui/UserProfilePanelSections.tsx;desktop/src/features/profile/ui/UserProfilePopover.tsx;desktop/src/features/projects/ui/IssueAssigneesRow.tsx;desktop/src/features/projects/ui/ProjectAuthorIdentity.tsx;desktop/src/features/projects/ui/ProjectCards.tsx;desktop/src/features/projects/ui/ProjectEntityListRow.tsx;desktop/src/features/projects/ui/ProjectIssueCommentTimeline.tsx;desktop/src/features/projects/ui/ProjectProfileIdentity.tsx;desktop/src/features/projects/ui/ProjectRepositoryPanel.tsx;desktop/src/features/projects/ui/ProjectRepositoryUnavailableState.tsx;desktop/src/features/projects/ui/ProjectsActivityFeed.tsx;desktop/src/features/projects/ui/ProjectsAgentPromptPage.tsx;desktop/src/features/projects/ui/ProjectsOverviewRail.tsx;desktop/src/features/projects/ui/PullRequestReviewersRow.tsx;desktop/src/features/pulse/ui/AgentActivityCard.tsx;desktop/src/features/pulse/ui/NoteCard.tsx;desktop/src/features/pulse/ui/PulseView.tsx;desktop/src/features/reminders/ui/RemindersPanel.tsx;desktop/src/features/search/ui/SearchResultItem.tsx;desktop/src/features/search/ui/TopbarSearch.tsx;desktop/src/features/sidebar/ui/AppSidebar.tsx;desktop/src/features/sidebar/ui/ChannelActivityPopover.tsx;desktop/src/features/sidebar/ui/MoreUnreadButton.tsx;desktop/src/features/sidebar/ui/SidebarSection.tsx;desktop/src/features/sidebar/useDmSidebarMetadata.ts;desktop/src/features/workflows/ui/WorkflowAuthorPicker.tsx;desktop/src/features/workflows/ui/WorkflowFormBuilder.tsx;desktop/src/features/workflows/ui/WorkflowMessagePicker.tsx;desktop/src/features/workflows/ui/WorkflowRichTriggerDescription.tsx;desktop/src/features/workflows/ui/WorkflowTriggerConditions.tsx;desktop/src/features/workflows/ui/useWorkflowAuthorPresentation.ts;desktop/src/features/workflows/ui/useWorkflowListAuthorPresentations.ts;desktop/src/shared/ui/UserAvatar.tsx;desktop/src/shared/ui/VideoPlayer.tsx;desktop/tests/e2e/agents.spec.ts;mobile/lib/features/activity/activity_page/inbox_row.dart;mobile/lib/features/channels/add_members_sheet.dart;mobile/lib/features/channels/channel_detail_page/app_bar.dart;mobile/lib/features/channels/channel_detail_page/huddle_call_avatar.dart;mobile/lib/features/channels/channel_detail_page/huddle_participant_overlay.dart;mobile/lib/features/channels/channel_detail_page/message_bubble.dart;mobile/lib/features/channels/channel_detail_page/system_rows.dart;mobile/lib/features/channels/channel_details_page.dart;mobile/lib/features/channels/channel_management_provider.dart;mobile/lib/features/channels/channels_page/channel_tile.dart;mobile/lib/features/channels/channels_page/sheets.dart;mobile/lib/features/channels/compose_bar/suggestions.dart;mobile/lib/features/channels/members_sheet.dart;mobile/lib/features/channels/reaction_row.dart;mobile/lib/features/channels/small_avatar.dart;mobile/lib/features/channels/thread_detail_page/avatar.dart;mobile/lib/features/channels/thread_detail_page/thread_message.dart;mobile/lib/features/forum/forum_post_card.dart;mobile/lib/features/forum/forum_thread_page.dart;mobile/lib/features/profile/user_profile_sheet.dart;mobile/lib/features/pulse/agent_activity_card.dart;mobile/lib/features/pulse/note_card.dart;mobile/lib/features/search/search_page.dart;mobile/lib/shared/profile/user_profile.dart;mobile/lib/shared/widgets/avatar_image.dart;mobile/test/features/activity/activity_page_test.dart;mobile/test/features/channels/channel_detail_page_test.dart;mobile/test/features/forum/forum_widgets_test.dart;mobile/test/shared/widgets/avatar_image_test.dart,adapted,Final 0.5.22 source for feat: render agent avatars as squircles is accounted for at the current paths below. Shared files retain Crew extensions or use existing Crew integration seams; supporting review evidence is attached.,desktop/src/features/agents/ui/AddTeamToChannelDialog.tsx;desktop/src/features/agents/ui/AgentCreationPreview.tsx;desktop/src/features/agents/ui/AgentIdentityCard.tsx;desktop/src/features/agents/ui/AgentRuntimeAvatarControl.tsx;desktop/src/features/agents/ui/AgentSessionToolItem/CompactMessageSummary.tsx;desktop/src/features/agents/ui/IdentityInitialsAvatar.tsx;desktop/src/features/agents/ui/RespondToField.tsx;desktop/src/features/agents/ui/TeamDialog.tsx;desktop/src/features/agents/ui/TeamIdentityCard.tsx;desktop/src/features/agents/ui/activityRenderClasses/UserMessageBubble.tsx;desktop/src/features/channels/lib/dmParticipantDisplay.ts;desktop/src/features/channels/ui/AddChannelBotPersonasSection.tsx;desktop/src/features/channels/ui/AddChannelBotTeamsSection.tsx;desktop/src/features/channels/ui/AddMemberSearchResultRow.tsx;desktop/src/features/channels/ui/AgentSessionThreadPanel.tsx;desktop/src/features/channels/ui/BotActivityBar.tsx;desktop/src/features/channels/ui/ChannelMemberAvatarStack.tsx;desktop/src/features/channels/ui/ChannelMemberInviteCard.tsx;desktop/src/features/channels/ui/ChannelScreenHeader.tsx;desktop/src/features/channels/ui/MembersSidebarMemberCard.tsx;desktop/src/features/channels/useActiveChannelHeader.ts;desktop/src/features/community-members/ui/AddMemberDialog.tsx;desktop/src/features/community-members/ui/CommunityMembersSettingsCard.tsx;desktop/src/features/forum/ui/ForumPostCard.tsx;desktop/src/features/forum/ui/ForumThreadPanel.tsx;desktop/src/features/home/ui/FeedSection.tsx;desktop/src/features/home/ui/InboxListPane.tsx;desktop/src/features/home/ui/InboxMessageRow.tsx;desktop/src/features/home/ui/ProjectInboxDetailPane.tsx;desktop/src/features/home/ui/RecentNotesSection.tsx;desktop/src/features/huddle/components/AddAgentDialog.tsx;desktop/src/features/huddle/components/ParticipantList.tsx;desktop/src/features/messages/lib/threadPanel.ts;desktop/src/features/messages/ui/ComposerAddressControls.tsx;desktop/src/features/messages/ui/DirectMessageIntroAvatarStack.tsx;desktop/src/features/messages/ui/MentionAutocomplete.tsx;desktop/src/features/messages/ui/MessageRow.tsx;desktop/src/features/messages/ui/MessageThreadSummaryRow.tsx;desktop/src/features/messages/ui/NewMessageResultRow.tsx;desktop/src/features/messages/ui/SystemMessageAvatars.tsx;desktop/src/features/messages/ui/SystemMessageRow.tsx;desktop/src/features/messages/ui/TypingIndicatorRow.tsx;desktop/src/features/profile/ui/ProfileAvatar.tsx;desktop/src/features/profile/ui/ProfileAvatarWithStatus.tsx;desktop/src/features/profile/ui/SelectedRecipientChip.tsx;desktop/src/features/profile/ui/UserProfilePanelSections.tsx;desktop/src/features/profile/ui/UserProfilePopover.tsx;desktop/src/features/projects/ui/IssueAssigneesRow.tsx;desktop/src/features/projects/ui/ProjectAuthorIdentity.tsx;desktop/src/features/projects/ui/ProjectCards.tsx;desktop/src/features/projects/ui/ProjectEntityListRow.tsx;desktop/src/features/projects/ui/ProjectIssueCommentTimeline.tsx;desktop/src/features/projects/ui/ProjectProfileIdentity.tsx;desktop/src/features/projects/ui/ProjectRepositoryPanel.tsx;desktop/src/features/projects/ui/ProjectRepositoryUnavailableState.tsx;desktop/src/features/projects/ui/ProjectsActivityFeed.tsx;desktop/src/features/projects/ui/ProjectsAgentPromptPage.tsx;desktop/src/features/projects/ui/ProjectsOverviewRail.tsx;desktop/src/features/projects/ui/PullRequestReviewersRow.tsx;desktop/src/features/pulse/ui/AgentActivityCard.tsx;desktop/src/features/pulse/ui/NoteCard.tsx;desktop/src/features/pulse/ui/PulseView.tsx;desktop/src/features/reminders/ui/RemindersPanel.tsx;desktop/src/features/search/ui/SearchResultItem.tsx;desktop/src/features/search/ui/TopbarSearch.tsx;desktop/src/features/sidebar/ui/AppSidebar.tsx;desktop/src/features/sidebar/ui/ChannelActivityPopover.tsx;desktop/src/features/sidebar/ui/MoreUnreadButton.tsx;desktop/src/features/sidebar/ui/SidebarSection.tsx;desktop/src/features/sidebar/useDmSidebarMetadata.ts;desktop/src/features/workflows/ui/WorkflowAuthorPicker.tsx;desktop/src/features/workflows/ui/WorkflowFormBuilder.tsx;desktop/src/features/workflows/ui/WorkflowMessagePicker.tsx;desktop/src/features/workflows/ui/WorkflowRichTriggerDescription.tsx;desktop/src/features/workflows/ui/WorkflowTriggerConditions.tsx;desktop/src/features/workflows/ui/useWorkflowAuthorPresentation.ts;desktop/src/features/workflows/ui/useWorkflowListAuthorPresentations.ts;desktop/src/shared/ui/UserAvatar.tsx;desktop/src/shared/ui/VideoPlayer.tsx;desktop/tests/e2e/agents.spec.ts;mobile/lib/features/activity/activity_page/inbox_row.dart;mobile/lib/features/channels/add_members_sheet.dart;mobile/lib/features/channels/channel_detail_page/app_bar.dart;mobile/lib/features/channels/channel_detail_page/huddle_call_avatar.dart;mobile/lib/features/channels/channel_detail_page/huddle_participant_overlay.dart;mobile/lib/features/channels/channel_detail_page/message_bubble.dart;mobile/lib/features/channels/channel_detail_page/system_rows.dart;mobile/lib/features/channels/channel_details_page.dart;mobile/lib/features/channels/channel_management_provider.dart;mobile/lib/features/channels/channels_page/channel_tile.dart;mobile/lib/features/channels/channels_page/sheets.dart;mobile/lib/features/channels/compose_bar/suggestions.dart;mobile/lib/features/channels/members_sheet.dart;mobile/lib/features/channels/reaction_row.dart;mobile/lib/features/channels/small_avatar.dart;mobile/lib/features/channels/thread_detail_page/avatar.dart;mobile/lib/features/channels/thread_detail_page/thread_message.dart;mobile/lib/features/forum/forum_post_card.dart;mobile/lib/features/forum/forum_thread_page.dart;mobile/lib/features/profile/user_profile_sheet.dart;mobile/lib/features/pulse/agent_activity_card.dart;mobile/lib/features/pulse/note_card.dart;mobile/lib/features/search/search_page.dart;mobile/lib/shared/profile/user_profile.dart;mobile/lib/shared/widgets/avatar_image.dart;mobile/test/features/activity/activity_page_test.dart;mobile/test/features/channels/channel_detail_page_test.dart;mobile/test/features/forum/forum_widgets_test.dart;mobile/test/shared/widgets/avatar_image_test.dart;plans/reports/260905-projects-release-integration.md;plans/reports/implementer-260905-desktop-message-notification-huddle-ports.md;/tmp/crew-profile-agent-final-tests.log;plans/reports/reviewer-260905-coverage-audit.md;plans/reports/reviewer-20260905-final-desktop-reconciliation.md,"Final-source audit: 77 target-exact, 32 adapted, 0 intentional Crew/mapped paths. 69 focused project tests passed; final renderer gate tracked by coordinator. 1374 message tests and 193 focused integration tests passed at report snapshot. Huddle focused tests and TypeScript passed at report snapshot. 1170 scoped profile/agent tests passed; scoped TypeScript clean. Source coverage and local just ci/dependency-policy gates passed; 10k browser smoke passed; PR #342 Gate/manual passed on 0ef5491f; whole CI cancelled after smoke 3/4 timeouts with failures. Later repairs have local validation; PR342 checks are canonical remote evidence and full NuncioCrew CI including all desktop smoke shards and manual upstream compatibility must pass on the exact head at merge."
137,93237b4a745b14cb8bfe292053bf34adef652d29,fix(acp): wake agents from workflow messages (#6953),01-toolchain-ci-docs;02-shared-substrate;03-agent-runtime,adapt complete workflow attribution contract,10,.github/workflows/ci.yml;Justfile;crates/buzz-acp/README.md;crates/buzz-acp/src/lib.rs;crates/buzz-acp/src/relay.rs;crates/buzz-acp/src/setup_mode.rs;crates/buzz-relay/src/workflow_sink.rs;crates/buzz-workflow/src/action_sink.rs;crates/buzz-workflow/src/executor.rs;scripts/run-tests.sh,adapted,"Workflow wake attribution requires relay signature, canonical workflow owner, and explicit mention before using the effective author.",.github/workflows/ci.yml;Justfile;crates/buzz-acp/README.md;crates/buzz-acp/src/lib.rs;crates/buzz-acp/src/relay.rs;crates/buzz-acp/src/setup_mode.rs;crates/buzz-relay/src/workflow_sink.rs;crates/buzz-workflow/src/action_sink.rs;crates/buzz-workflow/src/executor.rs;scripts/run-tests.sh;.github/workflows/nuncio-crew-ci.yml;.github/workflows/nuncio-crew-release.yml;plans/reports/implementer-260905-acp-priority-ports.md;plans/reports/260905-substrate-integration.md;plans/reports/reviewer-260905-coverage-audit.md,"Final-source audit: 3 target-exact, 7 adapted, 0 intentional Crew/mapped paths. 1175 ACP library tests, 14 integration tests, 6 PostgreSQL regressions passed. Relay integration and isolated PostgreSQL regressions recorded in substrate evidence. Source coverage and local just ci/dependency-policy gates passed; 10k browser smoke passed; PR #342 Gate/manual passed on 0ef5491f; whole CI cancelled after smoke 3/4 timeouts with failures. Later repairs have local validation; PR342 checks are canonical remote evidence and full NuncioCrew CI including all desktop smoke shards and manual upstream compatibility must pass on the exact head at merge."
138,2f3dd850db3afe27e56f18cbcd3548eabdd9b9c2,fix(relay): reject a frame on its own acknowledgement channel (#6961),02-shared-substrate;03-agent-runtime;04-desktop;04-mobile,integrate final released behavior,13,crates/buzz-acp/src/relay.rs;crates/buzz-relay/src/connection.rs;crates/buzz-relay/src/lib.rs;crates/buzz-relay/src/rejection.rs;crates/buzz-relay/src/state.rs;desktop/src/shared/api/readOnlyRelayClient.ts;desktop/src/shared/api/readOnlyRelayClientPublishRejection.test.mjs;desktop/src/shared/api/relayClientPublishRejection.test.mjs;desktop/src/shared/api/relayClientSession.ts;desktop/src/shared/api/relayEventPublisher.ts;desktop/src/shared/api/relayRateLimitGate.ts;mobile/lib/shared/relay/relay_session.dart;mobile/test/shared/relay/relay_session_test.dart,adapted,Final 0.5.22 source for fix(relay): reject a frame on its own acknowledgement channel is accounted for at the current paths below. Shared files retain Crew extensions or use existing Crew integration seams; supporting review evidence is attached.,crates/buzz-acp/src/relay.rs;crates/buzz-relay/src/connection.rs;crates/buzz-relay/src/lib.rs;crates/buzz-relay/src/rejection.rs;crates/buzz-relay/src/state.rs;desktop/src/shared/api/readOnlyRelayClient.ts;desktop/src/shared/api/readOnlyRelayClientPublishRejection.test.mjs;desktop/src/shared/api/relayClientPublishRejection.test.mjs;desktop/src/shared/api/relayClientSession.ts;desktop/src/shared/api/relayEventPublisher.ts;desktop/src/shared/api/relayRateLimitGate.ts;mobile/lib/shared/relay/relay_session.dart;mobile/test/shared/relay/relay_session_test.dart;plans/reports/implementer-260905-acp-priority-ports.md;plans/reports/260905-substrate-integration.md;plans/reports/reviewer-260905-coverage-audit.md;plans/reports/reviewer-20260905-final-desktop-reconciliation.md,"Final-source audit: 9 target-exact, 4 adapted, 0 intentional Crew/mapped paths. 1175 ACP library tests, 14 integration tests, 6 PostgreSQL regressions passed. Relay integration and isolated PostgreSQL regressions recorded in substrate evidence. Source coverage and local just ci/dependency-policy gates passed; 10k browser smoke passed; PR #342 Gate/manual passed on 0ef5491f; whole CI cancelled after smoke 3/4 timeouts with failures. Later repairs have local validation; PR342 checks are canonical remote evidence and full NuncioCrew CI including all desktop smoke shards and manual upstream compatibility must pass on the exact head at merge."
139,5673c3307e248530beeea060da437350d3939a4b,feat(desktop): add protected-build Bestie experiment (#6902),01-toolchain-ci-docs;04-desktop,integrate gated product code,16,.env.example;.github/workflows/ci.yml;desktop/package.json;desktop/scripts/build-protected-feature-artifacts.mjs;desktop/scripts/tauri-command.mjs;desktop/src/features/settings/ui/SettingsView.tsx;desktop/src/protectedFeatures/buildProtectedFeatureArtifacts.test.mjs;desktop/src/protectedFeatures/internal.ts;desktop/src/protectedFeatures/protectedFeatures.test.mjs;desktop/src/protectedFeatures/public.ts;desktop/src/protectedFeatures/tauriCommand.test.mjs;desktop/src/shared/features/manifest.ts;desktop/src/shared/features/useFeatureEnabled.ts;desktop/test-loader-hooks.mjs;desktop/tsconfig.json;desktop/vite.config.ts,adapted,Import protected Bestie experiment behind its released gate; preserve channel-first Crew navigation and production opt-in.,.env.example;.github/workflows/ci.yml;desktop/package.json;desktop/scripts/build-protected-feature-artifacts.mjs;desktop/scripts/tauri-command.mjs;desktop/src/features/settings/ui/SettingsView.tsx;desktop/src/protectedFeatures/buildProtectedFeatureArtifacts.test.mjs;desktop/src/protectedFeatures/internal.ts;desktop/src/protectedFeatures/protectedFeatures.test.mjs;desktop/src/protectedFeatures/public.ts;desktop/src/protectedFeatures/tauriCommand.test.mjs;desktop/src/shared/features/manifest.ts;desktop/src/shared/features/useFeatureEnabled.ts;desktop/test-loader-hooks.mjs;desktop/tsconfig.json;desktop/vite.config.ts;.github/workflows/nuncio-crew-ci.yml;.github/workflows/nuncio-crew-release.yml;plans/reports/reviewer-260905-coverage-audit.md;plans/reports/reviewer-20260905-final-desktop-reconciliation.md,"Final-source audit: 11 target-exact, 5 adapted, 0 intentional Crew/mapped paths. Source coverage and local just ci/dependency-policy gates passed; 10k browser smoke passed; PR #342 Gate/manual passed on 0ef5491f; whole CI cancelled after smoke 3/4 timeouts with failures. Later repairs have local validation; PR342 checks are canonical remote evidence and full NuncioCrew CI including all desktop smoke shards and manual upstream compatibility must pass on the exact head at merge."
140,cb3144999bebc4939cb15b2200b373281d493b52,add public descriptions to agent personas (#7126),03-managed-agents;04-desktop,integrate final released behavior,81,desktop/src-tauri/src/commands/agent_config_tests.rs;desktop/src-tauri/src/commands/agent_discovery/relay_directory.rs;desktop/src-tauri/src/commands/agent_models_tests.rs;desktop/src-tauri/src/commands/agent_models_update.rs;desktop/src-tauri/src/commands/agents.rs;desktop/src-tauri/src/commands/agents_profile.rs;desktop/src-tauri/src/commands/agents_tests.rs;desktop/src-tauri/src/commands/personas/card.rs;desktop/src-tauri/src/commands/personas/create.rs;desktop/src-tauri/src/commands/personas/delete_cascade_tests.rs;desktop/src-tauri/src/commands/personas/inbound.rs;desktop/src-tauri/src/commands/personas/inbound/catalog_reconcile_tests.rs;desktop/src-tauri/src/commands/personas/inbound/inbound_tests.rs;desktop/src-tauri/src/commands/personas/mod.rs;desktop/src-tauri/src/commands/personas/pending.rs;desktop/src-tauri/src/commands/personas/sharing.rs;desktop/src-tauri/src/commands/personas/snapshot.rs;desktop/src-tauri/src/commands/personas/snapshot/fidelity_tests.rs;desktop/src-tauri/src/commands/personas/snapshot/import.rs;desktop/src-tauri/src/commands/personas/snapshot/tests.rs;desktop/src-tauri/src/commands/personas/update.rs;desktop/src-tauri/src/commands/personas/update/name_propagation_tests.rs;desktop/src-tauri/src/commands/team_snapshot.rs;desktop/src-tauri/src/commands/team_snapshot/tests.rs;desktop/src-tauri/src/commands/teams/adopt/apply.rs;desktop/src-tauri/src/commands/teams/adopt/tests.rs;desktop/src-tauri/src/commands/teams/pending/tests.rs;desktop/src-tauri/src/commands/teams/sharing/tests.rs;desktop/src-tauri/src/egress_guard_tests.rs;desktop/src-tauri/src/event_sync_team_catalog_tests.rs;desktop/src-tauri/src/managed_agents/agent_description.rs;desktop/src-tauri/src/managed_agents/agent_events.rs;desktop/src-tauri/src/managed_agents/agent_snapshot.rs;desktop/src-tauri/src/managed_agents/agent_snapshot_envelope.rs;desktop/src-tauri/src/managed_agents/agent_snapshot_tests.rs;desktop/src-tauri/src/managed_agents/config_bridge/reader_tests.rs;desktop/src-tauri/src/managed_agents/definition_validation.rs;desktop/src-tauri/src/managed_agents/discovery/tests.rs;desktop/src-tauri/src/managed_agents/effective_config/tests.rs;desktop/src-tauri/src/managed_agents/global_config/tests.rs;desktop/src-tauri/src/managed_agents/mod.rs;desktop/src-tauri/src/managed_agents/nest/render_tests.rs;desktop/src-tauri/src/managed_agents/parallelism.rs;desktop/src-tauri/src/managed_agents/persona_events.rs;desktop/src-tauri/src/managed_agents/persona_events/tests.rs;desktop/src-tauri/src/managed_agents/personas.rs;desktop/src-tauri/src/managed_agents/personas/tests.rs;desktop/src-tauri/src/managed_agents/readiness.rs;desktop/src-tauri/src/managed_agents/restore.rs;desktop/src-tauri/src/managed_agents/runtime/test_fixtures.rs;desktop/src-tauri/src/managed_agents/runtime/tests.rs;desktop/src-tauri/src/managed_agents/spawn_snapshot/tests.rs;desktop/src-tauri/src/managed_agents/team_catalog/tests.rs;desktop/src-tauri/src/managed_agents/team_snapshot.rs;desktop/src-tauri/src/managed_agents/teams_tests.rs;desktop/src-tauri/src/managed_agents/types.rs;desktop/src-tauri/src/managed_agents/types/requests.rs;desktop/src-tauri/src/managed_agents/types/tests.rs;desktop/src-tauri/src/migration_avatar_tests.rs;desktop/src-tauri/src/persona_catalog.rs;desktop/src-tauri/src/persona_catalog_tests.rs;desktop/src-tauri/src/relay.rs;desktop/src-tauri/src/relay/tests.rs;desktop/src/features/agents/AGENTS.md;desktop/src/features/agents/lib/agentDescription.test.mjs;desktop/src/features/agents/lib/agentDescription.ts;desktop/src/features/agents/lib/personaCatalogRelay.ts;desktop/src/features/agents/ui/AgentDefinitionDialog.tsx;desktop/src/features/agents/ui/AgentDescriptionField.tsx;desktop/src/features/agents/ui/AgentIdentityCard.tsx;desktop/src/features/agents/ui/CommunityCatalogDialog.tsx;desktop/src/features/agents/ui/UnifiedAgentsSection.tsx;desktop/src/features/agents/ui/personaDialogState.test.mjs;desktop/src/features/agents/ui/personaDialogState.ts;desktop/src/features/agents/ui/usePersonaActions.ts;desktop/src/shared/api/personaTypes.ts;desktop/src/shared/api/tauriPersonas.test.mjs;desktop/src/shared/api/tauriPersonas.ts;desktop/src/shared/api/types.ts;desktop/src/testing/e2eBridge.ts;desktop/tests/e2e/agents.spec.ts,adapted,Final 0.5.22 source for add public descriptions to agent personas is accounted for at the current paths below. Shared files retain Crew extensions or use existing Crew integration seams; supporting review evidence is attached.,desktop/src-tauri/src/commands/agent_config_tests.rs;desktop/src-tauri/src/commands/agent_discovery/relay_directory.rs;desktop/src-tauri/src/commands/agent_models_tests.rs;desktop/src-tauri/src/commands/agent_models_update.rs;desktop/src-tauri/src/commands/agents.rs;desktop/src-tauri/src/commands/agents_profile.rs;desktop/src-tauri/src/commands/agents_tests.rs;desktop/src-tauri/src/commands/personas/card.rs;desktop/src-tauri/src/commands/personas/create.rs;desktop/src-tauri/src/commands/personas/delete_cascade_tests.rs;desktop/src-tauri/src/commands/personas/inbound.rs;desktop/src-tauri/src/commands/personas/inbound/catalog_reconcile_tests.rs;desktop/src-tauri/src/commands/personas/inbound/inbound_tests.rs;desktop/src-tauri/src/commands/personas/mod.rs;desktop/src-tauri/src/commands/personas/pending.rs;desktop/src-tauri/src/commands/personas/sharing.rs;desktop/src-tauri/src/commands/personas/snapshot.rs;desktop/src-tauri/src/commands/personas/snapshot/fidelity_tests.rs;desktop/src-tauri/src/commands/personas/snapshot/import.rs;desktop/src-tauri/src/commands/personas/snapshot/tests.rs;desktop/src-tauri/src/commands/personas/update.rs;desktop/src-tauri/src/commands/personas/update/name_propagation_tests.rs;desktop/src-tauri/src/commands/team_snapshot.rs;desktop/src-tauri/src/commands/team_snapshot/tests.rs;desktop/src-tauri/src/commands/teams/adopt/apply.rs;desktop/src-tauri/src/commands/teams/adopt/tests.rs;desktop/src-tauri/src/commands/teams/pending/tests.rs;desktop/src-tauri/src/commands/teams/sharing/tests.rs;desktop/src-tauri/src/egress_guard_tests.rs;desktop/src-tauri/src/event_sync_team_catalog_tests.rs;desktop/src-tauri/src/managed_agents/agent_description.rs;desktop/src-tauri/src/managed_agents/agent_events.rs;desktop/src-tauri/src/managed_agents/agent_snapshot.rs;desktop/src-tauri/src/managed_agents/agent_snapshot_envelope.rs;desktop/src-tauri/src/managed_agents/agent_snapshot_tests.rs;desktop/src-tauri/src/managed_agents/config_bridge/reader_tests.rs;desktop/src-tauri/src/managed_agents/definition_validation.rs;desktop/src-tauri/src/managed_agents/discovery/tests.rs;desktop/src-tauri/src/managed_agents/effective_config/tests.rs;desktop/src-tauri/src/managed_agents/global_config/tests.rs;desktop/src-tauri/src/managed_agents/mod.rs;desktop/src-tauri/src/managed_agents/nest/render_tests.rs;desktop/src-tauri/src/managed_agents/parallelism.rs;desktop/src-tauri/src/managed_agents/persona_events.rs;desktop/src-tauri/src/managed_agents/persona_events/tests.rs;desktop/src-tauri/src/managed_agents/personas.rs;desktop/src-tauri/src/managed_agents/personas/tests.rs;desktop/src-tauri/src/managed_agents/readiness.rs;desktop/src-tauri/src/managed_agents/restore.rs;desktop/src-tauri/src/managed_agents/runtime/test_fixtures.rs;desktop/src-tauri/src/managed_agents/runtime/tests.rs;desktop/src-tauri/src/managed_agents/spawn_snapshot/tests.rs;desktop/src-tauri/src/managed_agents/team_catalog/tests.rs;desktop/src-tauri/src/managed_agents/team_snapshot.rs;desktop/src-tauri/src/managed_agents/teams_tests.rs;desktop/src-tauri/src/managed_agents/types.rs;desktop/src-tauri/src/managed_agents/types/requests.rs;desktop/src-tauri/src/managed_agents/types/tests.rs;desktop/src-tauri/src/migration_avatar_tests.rs;desktop/src-tauri/src/persona_catalog.rs;desktop/src-tauri/src/persona_catalog_tests.rs;desktop/src-tauri/src/relay.rs;desktop/src-tauri/src/relay/tests.rs;desktop/src/features/agents/AGENTS.md;desktop/src/features/agents/lib/agentDescription.test.mjs;desktop/src/features/agents/lib/agentDescription.ts;desktop/src/features/agents/lib/personaCatalogRelay.ts;desktop/src/features/agents/ui/AgentDefinitionDialog.tsx;desktop/src/features/agents/ui/AgentDescriptionField.tsx;desktop/src/features/agents/ui/AgentIdentityCard.tsx;desktop/src/features/agents/ui/CommunityCatalogDialog.tsx;desktop/src/features/agents/ui/UnifiedAgentsSection.tsx;desktop/src/features/agents/ui/personaDialogState.test.mjs;desktop/src/features/agents/ui/personaDialogState.ts;desktop/src/features/agents/ui/usePersonaActions.ts;desktop/src/shared/api/personaTypes.ts;desktop/src/shared/api/tauriPersonas.test.mjs;desktop/src/shared/api/tauriPersonas.ts;desktop/src/shared/api/types.ts;desktop/src/testing/e2eBridge.ts;desktop/tests/e2e/agents.spec.ts;plans/reports/implementer-260905-native-release-integration.md;/tmp/crew-profile-agent-final-tests.log;plans/reports/reviewer-260905-coverage-audit.md;plans/reports/reviewer-20260905-final-desktop-reconciliation.md,"Final-source audit: 35 target-exact, 46 adapted, 0 intentional Crew/mapped paths. Native tests 3431 passed, 19 ignored; clippy passed. 1170 scoped profile/agent tests passed; scoped TypeScript clean. Source coverage and local just ci/dependency-policy gates passed; 10k browser smoke passed; PR #342 Gate/manual passed on 0ef5491f; whole CI cancelled after smoke 3/4 timeouts with failures. Later repairs have local validation; PR342 checks are canonical remote evidence and full NuncioCrew CI including all desktop smoke shards and manual upstream compatibility must pass on the exact head at merge."
141,b47b5a50127c080a74ed4de19a43534cd9a7b563,fix(desktop): back split thread headers (#7137),04-desktop,integrate final released behavior,3,desktop/src/shared/layout/AuxiliaryPanelHeader.tsx;desktop/src/shared/layout/auxiliaryPanelContext.test.mjs;desktop/tests/e2e/channel-shared-header-backdrop.spec.ts,adapted,Final 0.5.22 source for fix(desktop): back split thread headers is accounted for at the current paths below. Shared files retain Crew extensions or use existing Crew integration seams; supporting review evidence is attached.,desktop/src/shared/layout/AuxiliaryPanelHeader.tsx;desktop/src/shared/layout/auxiliaryPanelContext.test.mjs;desktop/tests/e2e/channel-shared-header-backdrop.spec.ts;plans/reports/reviewer-260905-coverage-audit.md;plans/reports/reviewer-20260905-final-desktop-reconciliation.md,"Final-source audit: 2 target-exact, 1 adapted, 0 intentional Crew/mapped paths. Source coverage and local just ci/dependency-policy gates passed; 10k browser smoke passed; PR #342 Gate/manual passed on 0ef5491f; whole CI cancelled after smoke 3/4 timeouts with failures. Later repairs have local validation; PR342 checks are canonical remote evidence and full NuncioCrew CI including all desktop smoke shards and manual upstream compatibility must pass on the exact head at merge."
142,4952f5810290d00a1dd9413235b39e9a7154acf6,docs: add review-proven failure-path & async-state rules to AGENTS.md (#7061),01-toolchain-ci-docs,integrate final released behavior,3,AGENTS.md;ARCHITECTURE.md;TESTING.md,adapted,Final 0.5.22 source for docs: add review-proven failure-path & async-state rules to AGENTS.md is accounted for at the current paths below. Shared files retain Crew extensions or use existing Crew integration seams; supporting review evidence is attached.,AGENTS.md;ARCHITECTURE.md;TESTING.md;plans/reports/reviewer-260905-coverage-audit.md,"Final-source audit: 1 target-exact, 2 adapted, 0 intentional Crew/mapped paths. Source coverage and local just ci/dependency-policy gates passed; 10k browser smoke passed; PR #342 Gate/manual passed on 0ef5491f; whole CI cancelled after smoke 3/4 timeouts with failures. Later repairs have local validation; PR342 checks are canonical remote evidence and full NuncioCrew CI including all desktop smoke shards and manual upstream compatibility must pass on the exact head at merge."
143,674c173eb7b2805864fd8375297c849c3a758f69,feat(buzz-acp): give each channel thread its own agent session (#6732),01-toolchain-ci-docs;03-agent-runtime,adapt thread scope identity,10,.env.example;crates/buzz-acp/README.md;crates/buzz-acp/src/base_prompt.md;crates/buzz-acp/src/config.rs;crates/buzz-acp/src/lib.rs;crates/buzz-acp/src/pool.rs;crates/buzz-acp/src/queue.rs;crates/buzz-acp/src/scope.rs;crates/buzz-acp/src/session_model_channel.md;crates/buzz-acp/src/session_model_thread.md,adapted,"Adapt per-thread isolation onto existing Crew conversation UUID, raw-root identity, resume-first ledger and checkout leases; retain aggregate routing-channel queue bound and cancellation correlation without channel-default identity migration.",.env.example;crates/buzz-acp/README.md;crates/buzz-acp/src/base_prompt.md;crates/buzz-acp/src/config.rs;crates/buzz-acp/src/lib.rs;crates/buzz-acp/src/pool.rs;crates/buzz-acp/src/queue.rs;crates/buzz-acp/src/conversation.rs;plans/reports/implementer-260905-acp-priority-ports.md;plans/reports/reviewer-260905-coverage-audit.md,"Final-source audit: 0 target-exact, 7 adapted, 3 intentional Crew/mapped paths. 1175 ACP library tests, 14 integration tests, 6 PostgreSQL regressions passed. Source coverage and local just ci/dependency-policy gates passed; 10k browser smoke passed; PR #342 Gate/manual passed on 0ef5491f; whole CI cancelled after smoke 3/4 timeouts with failures. Later repairs have local validation; PR342 checks are canonical remote evidence and full NuncioCrew CI including all desktop smoke shards and manual upstream compatibility must pass on the exact head at merge."
144,9ab163190b4d4994a742a66d5fa4cae23c35fa4e,feat(db): add NIP-FI identity and final-admission schema foundation (#6994),01-toolchain-ci-docs;02-shared-substrate,integrate final released behavior,4,crates/buzz-db/src/runtime/migration.rs;migrations/0041_nip_fi_identity_foundation.sql;migrations/0042_nip_fi_authorization_foundation.sql;schema/schema.sql,adapted,Final 0.5.22 source for feat(db): add NIP-FI identity and final-admission schema foundation is accounted for at the current paths below. Shared files retain Crew extensions or use existing Crew integration seams; supporting review evidence is attached. Released migrations 0033–0044 map byte-for-byte to Crew 0034–0045; Crew applied 0001–0033 remain unchanged.,crates/buzz-db/src/runtime/migration.rs;migrations/0042_nip_fi_identity_foundation.sql;migrations/0043_nip_fi_authorization_foundation.sql;schema/schema.sql;plans/reports/260905-substrate-integration.md;plans/reports/reviewer-260905-coverage-audit.md,"Final-source audit: 0 target-exact, 2 adapted, 2 intentional Crew/mapped paths. 272 committed isolated PostgreSQL tests passed. Historical checksums preserved; released SQL mapping verified. Source coverage and local just ci/dependency-policy gates passed; 10k browser smoke passed; PR #342 Gate/manual passed on 0ef5491f; whole CI cancelled after smoke 3/4 timeouts with failures. Later repairs have local validation; PR342 checks are canonical remote evidence and full NuncioCrew CI including all desktop smoke shards and manual upstream compatibility must pass on the exact head at merge."
145,0affe527e880ddd300ae7d4dac3f0600c79b4f5e,fix(model-capabilities): humanize databricks goose model names (#7135),01-toolchain-ci-docs;03-agent-runtime;03-managed-agents;04-desktop,integrate final released behavior,9,crates/buzz-agent/src/model_capabilities.rs;desktop/src/features/agents/AGENTS.md;desktop/src/features/agents/ui/AgentConfigFields.tsx;desktop/src/features/agents/ui/agentConfigControls.tsx;desktop/src/features/agents/ui/modelCapabilitiesCorpus.test.mjs;desktop/tests/e2e/agents.spec.ts;desktop/tests/e2e/global-agent-config-screenshots.spec.ts;scripts/model-capabilities.json;scripts/normative-corpus.json,adapted,Final 0.5.22 source for fix(model-capabilities): humanize databricks goose model names is accounted for at the current paths below. Shared files retain Crew extensions or use existing Crew integration seams; supporting review evidence is attached.,crates/buzz-agent/src/model_capabilities.rs;desktop/src/features/agents/AGENTS.md;desktop/src/features/agents/ui/AgentConfigFields.tsx;desktop/src/features/agents/ui/agentConfigControls.tsx;desktop/src/features/agents/ui/modelCapabilitiesCorpus.test.mjs;desktop/tests/e2e/agents.spec.ts;desktop/tests/e2e/global-agent-config-screenshots.spec.ts;scripts/model-capabilities.json;scripts/normative-corpus.json;plans/reports/reviewer-260905-acp-release-integration.md;/tmp/crew-profile-agent-final-tests.log;plans/reports/reviewer-260905-coverage-audit.md;plans/reports/reviewer-20260905-final-desktop-reconciliation.md,"Final-source audit: 5 target-exact, 4 adapted, 0 intentional Crew/mapped paths. ACP/agent permission and telemetry integration independently reviewed. 1170 scoped profile/agent tests passed; scoped TypeScript clean. Source coverage and local just ci/dependency-policy gates passed; 10k browser smoke passed; PR #342 Gate/manual passed on 0ef5491f; whole CI cancelled after smoke 3/4 timeouts with failures. Later repairs have local validation; PR342 checks are canonical remote evidence and full NuncioCrew CI including all desktop smoke shards and manual upstream compatibility must pass on the exact head at merge."
146,4a9de1a3a121285ef475d630b2b5764044c02cde,feat(desktop): add isolated named demo builds (#6407),01-toolchain-ci-docs;03-agent-runtime;03-managed-agents;04-desktop,integrate final released behavior,29,Justfile;crates/buzz-agent/src/auth.rs;crates/buzz-agent/src/catalog.rs;crates/buzz-agent/src/lib.rs;crates/buzz-agent/src/llm.rs;crates/buzz-agent/src/mcp.rs;desktop/package.json;desktop/scripts/demo-build-config.mjs;desktop/scripts/demo-build-config.test.mjs;desktop/scripts/package-macos-dmg.sh;desktop/src-tauri/build.rs;desktop/src-tauri/src/app_state_keyring.rs;desktop/src-tauri/src/build_identity.rs;desktop/src-tauri/src/commands/agent_model_process.rs;desktop/src-tauri/src/commands/agent_models_databricks.rs;desktop/src-tauri/src/commands/project_repo_paths.rs;desktop/src-tauri/src/deep_link.rs;desktop/src-tauri/src/deep_link_tests.rs;desktop/src-tauri/src/huddle/models.rs;desktop/src-tauri/src/huddle/models_tests.rs;desktop/src-tauri/src/lib.rs;desktop/src-tauri/src/managed_agents/nest.rs;desktop/src-tauri/src/managed_agents/nest/tests.rs;desktop/src-tauri/src/managed_agents/reserved_env_keys.rs;desktop/src-tauri/src/managed_agents/runtime.rs;desktop/src-tauri/src/migration.rs;desktop/src-tauri/src/reset.rs;desktop/src-tauri/src/reset_demo_tests.rs;desktop/src/shared/deep-link.test.mjs,adapted,Final 0.5.22 source for feat(desktop): add isolated named demo builds is accounted for at the current paths below. Shared files retain Crew extensions or use existing Crew integration seams; supporting review evidence is attached.,Justfile;crates/buzz-agent/src/auth.rs;crates/buzz-agent/src/catalog.rs;crates/buzz-agent/src/lib.rs;crates/buzz-agent/src/llm.rs;crates/buzz-agent/src/mcp.rs;desktop/package.json;desktop/scripts/demo-build-config.mjs;desktop/scripts/demo-build-config.test.mjs;desktop/scripts/package-macos-dmg.sh;desktop/src-tauri/build.rs;desktop/src-tauri/src/app_state_keyring.rs;desktop/src-tauri/src/build_identity.rs;desktop/src-tauri/src/commands/agent_model_process.rs;desktop/src-tauri/src/commands/agent_models_databricks.rs;desktop/src-tauri/src/commands/project_repo_paths.rs;desktop/src-tauri/src/deep_link.rs;desktop/src-tauri/src/deep_link_tests.rs;desktop/src-tauri/src/huddle/models.rs;desktop/src-tauri/src/huddle/models_tests.rs;desktop/src-tauri/src/lib.rs;desktop/src-tauri/src/managed_agents/nest.rs;desktop/src-tauri/src/managed_agents/nest/tests.rs;desktop/src-tauri/src/managed_agents/reserved_env_keys.rs;desktop/src-tauri/src/managed_agents/runtime.rs;desktop/src-tauri/src/migration.rs;desktop/src-tauri/src/reset.rs;desktop/src-tauri/src/reset_demo_tests.rs;desktop/src/shared/deep-link.test.mjs;plans/reports/implementer-260905-native-release-integration.md;plans/reports/reviewer-260905-acp-release-integration.md;plans/reports/reviewer-260905-coverage-audit.md;plans/reports/reviewer-20260905-final-desktop-reconciliation.md,"Final-source audit: 23 target-exact, 6 adapted, 0 intentional Crew/mapped paths. Native tests 3431 passed, 19 ignored; clippy passed. ACP/agent permission and telemetry integration independently reviewed. Source coverage and local just ci/dependency-policy gates passed; 10k browser smoke passed; PR #342 Gate/manual passed on 0ef5491f; whole CI cancelled after smoke 3/4 timeouts with failures. Later repairs have local validation; PR342 checks are canonical remote evidence and full NuncioCrew CI including all desktop smoke shards and manual upstream compatibility must pass on the exact head at merge."
147,571c1902d0ca55cfd4ccf6b91eeb731909cc10be,fix(desktop): scope composer autocomplete to focus (#6860),04-desktop,integrate final released behavior,16,desktop/src/features/forum/ui/ForumComposer.tsx;desktop/src/features/forum/ui/ForumComposerAutocompletes.tsx;desktop/src/features/messages/lib/useChannelLinks.ts;desktop/src/features/messages/lib/useComposerFocusOwnership.test.mjs;desktop/src/features/messages/lib/useComposerFocusOwnership.ts;desktop/src/features/messages/lib/useEmojiAutocomplete.ts;desktop/src/features/messages/lib/useMentions.ts;desktop/src/features/messages/lib/useRichTextEditor.ts;desktop/src/features/messages/ui/ChannelAutocomplete.tsx;desktop/src/features/messages/ui/ComposerAddressControls.tsx;desktop/src/features/messages/ui/EmojiAutocomplete.tsx;desktop/src/features/messages/ui/MentionAutocomplete.test.mjs;desktop/src/features/messages/ui/MentionAutocomplete.tsx;desktop/src/features/messages/ui/MessageComposer.tsx;desktop/src/features/messages/ui/MessageComposerAutocompletes.tsx;desktop/tests/e2e/persistent-agent-audience.spec.ts,adapted,Final 0.5.22 source for fix(desktop): scope composer autocomplete to focus is accounted for at the current paths below. Shared files retain Crew extensions or use existing Crew integration seams; supporting review evidence is attached.,desktop/src/features/forum/ui/ForumComposer.tsx;desktop/src/features/forum/ui/ForumComposerAutocompletes.tsx;desktop/src/features/messages/lib/useChannelLinks.ts;desktop/src/features/messages/lib/useComposerFocusOwnership.test.mjs;desktop/src/features/messages/lib/useComposerFocusOwnership.ts;desktop/src/features/messages/lib/useEmojiAutocomplete.ts;desktop/src/features/messages/lib/useMentions.ts;desktop/src/features/messages/lib/useRichTextEditor.ts;desktop/src/features/messages/ui/ChannelAutocomplete.tsx;desktop/src/features/messages/ui/ComposerAddressControls.tsx;desktop/src/features/messages/ui/EmojiAutocomplete.tsx;desktop/src/features/messages/ui/MentionAutocomplete.test.mjs;desktop/src/features/messages/ui/MentionAutocomplete.tsx;desktop/src/features/messages/ui/MessageComposer.tsx;desktop/src/features/messages/ui/MessageComposerAutocompletes.tsx;desktop/tests/e2e/persistent-agent-audience.spec.ts;plans/reports/implementer-260905-desktop-message-notification-huddle-ports.md;plans/reports/reviewer-260905-coverage-audit.md;plans/reports/reviewer-20260905-final-desktop-reconciliation.md,"Final-source audit: 9 target-exact, 7 adapted, 0 intentional Crew/mapped paths. 1374 message tests and 193 focused integration tests passed at report snapshot. Source coverage and local just ci/dependency-policy gates passed; 10k browser smoke passed; PR #342 Gate/manual passed on 0ef5491f; whole CI cancelled after smoke 3/4 timeouts with failures. Later repairs have local validation; PR342 checks are canonical remote evidence and full NuncioCrew CI including all desktop smoke shards and manual upstream compatibility must pass on the exact head at merge."
148,59328d5ae38a51a618dd2fddd7faf1343d42096f,feat(desktop): add thread-scoped ACP session experiment (#6909),01-toolchain-ci-docs;02-shared-substrate;03-managed-agents;04-desktop,adapt experiment/default boundary,45,crates/buzz-backend-kubernetes/tests/fixtures/provider-wire/deploy-full-launch.request.json;desktop/playwright.config.ts;desktop/src-tauri/src/app_state.rs;desktop/src-tauri/src/commands/agent_settings.rs;desktop/src-tauri/src/commands/agents.rs;desktop/src-tauri/src/commands/agents_deploy.rs;desktop/src-tauri/src/commands/agents_profile.rs;desktop/src-tauri/src/commands/workspace.rs;desktop/src-tauri/src/lib.rs;desktop/src-tauri/src/managed_agents/env_vars/tests.rs;desktop/src-tauri/src/managed_agents/mod.rs;desktop/src-tauri/src/managed_agents/reserved_env_keys.rs;desktop/src-tauri/src/managed_agents/restore.rs;desktop/src-tauri/src/managed_agents/runtime.rs;desktop/src-tauri/src/managed_agents/runtime/metadata.rs;desktop/src-tauri/src/managed_agents/runtime/tests.rs;desktop/src-tauri/src/managed_agents/session_policy.rs;desktop/src-tauri/src/managed_agents/spawn_snapshot.rs;desktop/src-tauri/src/managed_agents/spawn_snapshot/diff/tests.rs;desktop/src-tauri/src/managed_agents/spawn_snapshot/tests.rs;desktop/src-tauri/src/managed_agents/spawn_snapshot/tests_ext.rs;desktop/src-tauri/src/migration/backfill_tests.rs;desktop/src/features/agents/AGENTS.md;desktop/src/features/agents/lib/cancelTurnOutcome.test.mjs;desktop/src/features/agents/lib/cancelTurnOutcome.ts;desktop/src/features/agents/lib/liveSwitchOutcome.test.mjs;desktop/src/features/agents/lib/liveSwitchOutcome.ts;desktop/src/features/agents/ui/ModelPicker.tsx;desktop/src/features/channels/ui/AgentSessionThreadPanel.tsx;desktop/src/features/communities/useCommunityInit.ts;desktop/src/features/settings/ui/ExperimentalFeaturesCard.tsx;desktop/src/shared/api/agentControl.ts;desktop/src/shared/api/tauri.ts;desktop/src/shared/api/tauriWorkspace.ts;desktop/src/shared/api/types.ts;desktop/src/shared/features/manifest.test.mjs;desktop/src/shared/features/store.test.mjs;desktop/src/testing/e2eBridge.ts;desktop/src/testing/e2eBridgeSearch.test.mjs;desktop/src/testing/e2eBridgeSearch.ts;desktop/tests/e2e/agent-control-regressions.spec.ts;desktop/tests/e2e/experimental-features.spec.ts;desktop/tests/helpers/bridge.ts;desktop/tests/helpers/settings.ts;preview-features.json,adapted,Keep Crew existing thread-default parallel sessions; hide the upstream switch whose behavior would be ineffective under that policy.,crates/buzz-backend-kubernetes/tests/fixtures/provider-wire/deploy-full-launch.request.json;desktop/playwright.config.ts;desktop/src-tauri/src/app_state.rs;desktop/src-tauri/src/commands/agent_settings.rs;desktop/src-tauri/src/commands/agents.rs;desktop/src-tauri/src/commands/agents_deploy.rs;desktop/src-tauri/src/commands/agents_profile.rs;desktop/src-tauri/src/commands/workspace.rs;desktop/src-tauri/src/lib.rs;desktop/src-tauri/src/managed_agents/env_vars/tests.rs;desktop/src-tauri/src/managed_agents/mod.rs;desktop/src-tauri/src/managed_agents/reserved_env_keys.rs;desktop/src-tauri/src/managed_agents/restore.rs;desktop/src-tauri/src/managed_agents/runtime.rs;desktop/src-tauri/src/managed_agents/runtime/metadata.rs;desktop/src-tauri/src/managed_agents/runtime/tests.rs;desktop/src-tauri/src/managed_agents/session_policy.rs;desktop/src-tauri/src/managed_agents/spawn_snapshot.rs;desktop/src-tauri/src/managed_agents/spawn_snapshot/diff/tests.rs;desktop/src-tauri/src/managed_agents/spawn_snapshot/tests.rs;desktop/src-tauri/src/managed_agents/spawn_snapshot/tests_ext.rs;desktop/src-tauri/src/migration/backfill_tests.rs;desktop/src/features/agents/AGENTS.md;desktop/src/features/agents/lib/cancelTurnOutcome.test.mjs;desktop/src/features/agents/lib/cancelTurnOutcome.ts;desktop/src/features/agents/lib/liveSwitchOutcome.test.mjs;desktop/src/features/agents/lib/liveSwitchOutcome.ts;desktop/src/features/agents/ui/ModelPicker.tsx;desktop/src/features/channels/ui/AgentSessionThreadPanel.tsx;desktop/src/features/communities/useCommunityInit.ts;desktop/src/features/settings/ui/ExperimentalFeaturesCard.tsx;desktop/src/shared/api/agentControl.ts;desktop/src/shared/api/tauri.ts;desktop/src/shared/api/tauriWorkspace.ts;desktop/src/shared/api/types.ts;desktop/src/shared/features/manifest.test.mjs;desktop/src/shared/features/store.test.mjs;desktop/src/testing/e2eBridge.ts;desktop/src/testing/e2eBridgeSearch.test.mjs;desktop/src/testing/e2eBridgeSearch.ts;desktop/tests/e2e/agent-control-regressions.spec.ts;desktop/tests/e2e/experimental-features.spec.ts;desktop/tests/helpers/bridge.ts;desktop/tests/helpers/settings.ts;preview-features.json;plans/reports/implementer-260905-native-release-integration.md;/tmp/crew-profile-agent-final-tests.log;plans/reports/reviewer-260905-coverage-audit.md;plans/reports/reviewer-20260905-final-desktop-reconciliation.md,"Final-source audit: 16 target-exact, 29 adapted, 0 intentional Crew/mapped paths. Native tests 3431 passed, 19 ignored; clippy passed. 1170 scoped profile/agent tests passed; scoped TypeScript clean. Source coverage and local just ci/dependency-policy gates passed; 10k browser smoke passed; PR #342 Gate/manual passed on 0ef5491f; whole CI cancelled after smoke 3/4 timeouts with failures. Later repairs have local validation; PR342 checks are canonical remote evidence and full NuncioCrew CI including all desktop smoke shards and manual upstream compatibility must pass on the exact head at merge."
149,114dbf745f1fe0bdbecb70e07a07f03c23687bdc,Add voice notes to desktop messages (#6978),04-desktop,integrate final released behavior,47,desktop/playwright.config.ts;desktop/src-tauri/Cargo.toml;desktop/src-tauri/Info.plist;desktop/src-tauri/src/commands/media.rs;desktop/src-tauri/src/commands/media_download.rs;desktop/src-tauri/src/commands/media_fetch_cancellation.rs;desktop/src-tauri/src/commands/media_filename.rs;desktop/src-tauri/src/commands/media_transcode.rs;desktop/src-tauri/src/commands/media_voice_note.rs;desktop/src-tauri/src/commands/mod.rs;desktop/src-tauri/src/commands/qr_download.rs;desktop/src-tauri/src/lib.rs;desktop/src/features/channels/ui/ChannelPane.tsx;desktop/src/features/communities/useCommunityInit.ts;desktop/src/features/messages/lib/audioAttachment.test.mjs;desktop/src/features/messages/lib/audioAttachment.ts;desktop/src/features/messages/lib/audioMediaLoadScheduler.test.mjs;desktop/src/features/messages/lib/audioMediaLoadScheduler.ts;desktop/src/features/messages/lib/imetaMediaMarkdown.test.mjs;desktop/src/features/messages/lib/imetaMediaMarkdown.ts;desktop/src/features/messages/lib/useMediaUpload.ts;desktop/src/features/messages/lib/useVoiceNoteRecorder.test.mjs;desktop/src/features/messages/lib/useVoiceNoteRecorder.ts;desktop/src/features/messages/lib/videoReviewContext.test.mjs;desktop/src/features/messages/lib/videoReviewContext.ts;desktop/src/features/messages/lib/voiceNoteWav.test.mjs;desktop/src/features/messages/lib/voiceNoteWav.ts;desktop/src/features/messages/ui/AudioMessageAttachment.tsx;desktop/src/features/messages/ui/ComposerAddressControls.tsx;desktop/src/features/messages/ui/ComposerAttachments.tsx;desktop/src/features/messages/ui/ComposerEmojiPicker.tsx;desktop/src/features/messages/ui/MessageComposer.tsx;desktop/src/features/messages/ui/MessageComposer.types.ts;desktop/src/features/messages/ui/MessageComposerToolbar.tsx;desktop/src/features/messages/ui/MorphingPlayPauseIcon.tsx;desktop/src/features/messages/ui/VoiceNoteRecorder.tsx;desktop/src/features/messages/ui/useComposerVoiceNote.tsx;desktop/src/features/messages/ui/useMentionSendFlow.helpers.test.mjs;desktop/src/features/messages/ui/useMentionSendFlow.helpers.ts;desktop/src/features/messages/ui/useMentionSendFlow.ts;desktop/src/shared/api/tauriMedia.ts;desktop/src/shared/ui/markdown.test.mjs;desktop/src/shared/ui/markdown.tsx;desktop/src/shared/ui/markdown/imageActions.ts;desktop/src/testing/e2eBridge.ts;desktop/tests/e2e/channels.spec.ts;desktop/tests/e2e/voice-note.spec.ts,adapted,Final 0.5.22 source for Add voice notes to desktop messages is accounted for at the current paths below. Shared files retain Crew extensions or use existing Crew integration seams; supporting review evidence is attached.,desktop/playwright.config.ts;desktop/src-tauri/Cargo.toml;desktop/src-tauri/Info.plist;desktop/src-tauri/src/commands/media.rs;desktop/src-tauri/src/commands/media_download.rs;desktop/src-tauri/src/commands/media_fetch_cancellation.rs;desktop/src-tauri/src/commands/media_filename.rs;desktop/src-tauri/src/commands/media_transcode.rs;desktop/src-tauri/src/commands/media_voice_note.rs;desktop/src-tauri/src/commands/mod.rs;desktop/src-tauri/src/commands/qr_download.rs;desktop/src-tauri/src/lib.rs;desktop/src/features/channels/ui/ChannelPane.tsx;desktop/src/features/communities/useCommunityInit.ts;desktop/src/features/messages/lib/audioAttachment.test.mjs;desktop/src/features/messages/lib/audioAttachment.ts;desktop/src/features/messages/lib/audioMediaLoadScheduler.test.mjs;desktop/src/features/messages/lib/audioMediaLoadScheduler.ts;desktop/src/features/messages/lib/imetaMediaMarkdown.test.mjs;desktop/src/features/messages/lib/imetaMediaMarkdown.ts;desktop/src/features/messages/lib/useMediaUpload.ts;desktop/src/features/messages/lib/useVoiceNoteRecorder.test.mjs;desktop/src/features/messages/lib/useVoiceNoteRecorder.ts;desktop/src/features/messages/lib/videoReviewContext.test.mjs;desktop/src/features/messages/lib/videoReviewContext.ts;desktop/src/features/messages/lib/voiceNoteWav.test.mjs;desktop/src/features/messages/lib/voiceNoteWav.ts;desktop/src/features/messages/ui/AudioMessageAttachment.tsx;desktop/src/features/messages/ui/ComposerAddressControls.tsx;desktop/src/features/messages/ui/ComposerAttachments.tsx;desktop/src/features/messages/ui/ComposerEmojiPicker.tsx;desktop/src/features/messages/ui/MessageComposer.tsx;desktop/src/features/messages/ui/MessageComposer.types.ts;desktop/src/features/messages/ui/MessageComposerToolbar.tsx;desktop/src/features/messages/ui/MorphingPlayPauseIcon.tsx;desktop/src/features/messages/ui/VoiceNoteRecorder.tsx;desktop/src/features/messages/ui/useComposerVoiceNote.tsx;desktop/src/features/messages/ui/useMentionSendFlow.helpers.test.mjs;desktop/src/features/messages/ui/useMentionSendFlow.helpers.ts;desktop/src/features/messages/ui/useMentionSendFlow.ts;desktop/src/shared/api/tauriMedia.ts;desktop/src/shared/ui/markdown.test.mjs;desktop/src/shared/ui/markdown.tsx;desktop/src/shared/ui/markdown/imageActions.ts;desktop/src/testing/e2eBridge.ts;desktop/tests/e2e/channels.spec.ts;desktop/tests/e2e/voice-note.spec.ts;plans/reports/implementer-260905-native-release-integration.md;plans/reports/implementer-260905-desktop-message-notification-huddle-ports.md;plans/reports/reviewer-260905-coverage-audit.md;plans/reports/reviewer-20260905-final-desktop-reconciliation.md,"Final-source audit: 32 target-exact, 15 adapted, 0 intentional Crew/mapped paths. Native tests 3431 passed, 19 ignored; clippy passed. 1374 message tests and 193 focused integration tests passed at report snapshot. Source coverage and local just ci/dependency-policy gates passed; 10k browser smoke passed; PR #342 Gate/manual passed on 0ef5491f; whole CI cancelled after smoke 3/4 timeouts with failures. Later repairs have local validation; PR342 checks are canonical remote evidence and full NuncioCrew CI including all desktop smoke shards and manual upstream compatibility must pass on the exact head at merge."
150,bd73490418266f267d9bb3bdf13e64582adc8e80,ci: run PostgreSQL tests in isolated lane (#6730),01-toolchain-ci-docs;02-shared-substrate,integrate final released behavior,63,.config/nextest.toml;.github/workflows/ci.yml;CONTRIBUTING.md;crates/buzz-audit/src/service.rs;crates/buzz-db/TESTING.md;crates/buzz-db/src/lib.rs;crates/buzz-db/src/runtime/migration.rs;crates/buzz-db/src/runtime/mod.rs;crates/buzz-db/src/runtime/observability.rs;crates/buzz-db/src/runtime/replica_fence.rs;crates/buzz-db/src/runtime/tests.rs;crates/buzz-db/src/store/admin_moderation.rs;crates/buzz-db/src/store/allowlist.rs;crates/buzz-db/src/store/api_token.rs;crates/buzz-db/src/store/archived_identities.rs;crates/buzz-db/src/store/channel.rs;crates/buzz-db/src/store/channel_members.rs;crates/buzz-db/src/store/community.rs;crates/buzz-db/src/store/deletion.rs;crates/buzz-db/src/store/event.rs;crates/buzz-db/src/store/feed.rs;crates/buzz-db/src/store/git_repo.rs;crates/buzz-db/src/store/moderation.rs;crates/buzz-db/src/store/product_feedback.rs;crates/buzz-db/src/store/push.rs;crates/buzz-db/src/store/reaction.rs;crates/buzz-db/src/store/relay_admin_actions.rs;crates/buzz-db/src/store/relay_invite.rs;crates/buzz-db/src/store/relay_members.rs;crates/buzz-db/src/store/relay_operators.rs;crates/buzz-db/src/store/reminder.rs;crates/buzz-db/src/store/replaceable.rs;crates/buzz-db/src/store/thread.rs;crates/buzz-db/src/store/usage.rs;crates/buzz-db/src/store/user.rs;crates/buzz-db/src/store/workflow.rs;crates/buzz-db/src/test_support.rs;crates/buzz-deletion/src/lib.rs;crates/buzz-push-gateway/src/postgres.rs;crates/buzz-relay/src/api/admin/mod.rs;crates/buzz-relay/src/api/bridge.rs;crates/buzz-relay/src/api/git/policy.rs;crates/buzz-relay/src/api/git/transport.rs;crates/buzz-relay/src/api/invites.rs;crates/buzz-relay/src/api/operator.rs;crates/buzz-relay/src/handlers/command_executor.rs;crates/buzz-relay/src/handlers/ingest.rs;crates/buzz-relay/src/handlers/relay_admin.rs;crates/buzz-relay/src/lib.rs;crates/buzz-relay/src/main.rs;crates/buzz-relay/src/state.rs;crates/buzz-relay/src/test_support.rs;crates/buzz-relay/src/workflow_sink.rs;crates/buzz-search/tests/fts_integration.rs;crates/buzz-search/tests/postgres_fts_integration.rs;crates/buzz-workflow/src/lib.rs;scripts/check-postgres-test-discovery.py;scripts/postgres-test-packages.sh;scripts/postgres-test-run.sh;scripts/postgres-test-setup.sh;scripts/postgres-test-wrapper.sh;scripts/test-postgres-test-discovery.sh;scripts/test-postgres-test-wrapper.sh,adapted,"Port isolated PostgreSQL runner, nextest discovery and shared gate plumbing into NuncioCrew CI; do not activate Block CI.",.config/nextest.toml;.github/workflows/ci.yml;CONTRIBUTING.md;crates/buzz-audit/src/service.rs;crates/buzz-db/TESTING.md;crates/buzz-db/src/lib.rs;crates/buzz-db/src/runtime/migration.rs;crates/buzz-db/src/runtime/mod.rs;crates/buzz-db/src/runtime/observability.rs;crates/buzz-db/src/runtime/replica_fence.rs;crates/buzz-db/src/runtime/tests.rs;crates/buzz-db/src/store/admin_moderation.rs;crates/buzz-db/src/store/allowlist.rs;crates/buzz-db/src/store/api_token.rs;crates/buzz-db/src/store/archived_identities.rs;crates/buzz-db/src/store/channel.rs;crates/buzz-db/src/store/channel_members.rs;crates/buzz-db/src/store/community.rs;crates/buzz-db/src/store/deletion.rs;crates/buzz-db/src/store/event.rs;crates/buzz-db/src/store/feed.rs;crates/buzz-db/src/store/git_repo.rs;crates/buzz-db/src/store/moderation.rs;crates/buzz-db/src/store/product_feedback.rs;crates/buzz-db/src/store/push.rs;crates/buzz-db/src/store/reaction.rs;crates/buzz-db/src/store/relay_admin_actions.rs;crates/buzz-db/src/store/relay_invite.rs;crates/buzz-db/src/store/relay_members.rs;crates/buzz-db/src/store/relay_operators.rs;crates/buzz-db/src/store/reminder.rs;crates/buzz-db/src/store/replaceable.rs;crates/buzz-db/src/store/thread.rs;crates/buzz-db/src/store/usage.rs;crates/buzz-db/src/store/user.rs;crates/buzz-db/src/store/workflow.rs;crates/buzz-db/src/test_support.rs;crates/buzz-deletion/src/lib.rs;crates/buzz-push-gateway/src/postgres.rs;crates/buzz-relay/src/api/admin/mod.rs;crates/buzz-relay/src/api/bridge.rs;crates/buzz-relay/src/api/git/policy.rs;crates/buzz-relay/src/api/git/transport.rs;crates/buzz-relay/src/api/invites.rs;crates/buzz-relay/src/api/operator.rs;crates/buzz-relay/src/handlers/command_executor.rs;crates/buzz-relay/src/handlers/ingest.rs;crates/buzz-relay/src/handlers/relay_admin.rs;crates/buzz-relay/src/lib.rs;crates/buzz-relay/src/main.rs;crates/buzz-relay/src/state.rs;crates/buzz-relay/src/test_support.rs;crates/buzz-relay/src/workflow_sink.rs;final-target-deleted:crates/buzz-search/tests/fts_integration.rs;crates/buzz-search/tests/postgres_fts_integration.rs;crates/buzz-workflow/src/lib.rs;scripts/check-postgres-test-discovery.py;scripts/postgres-test-packages.sh;scripts/postgres-test-run.sh;scripts/postgres-test-setup.sh;scripts/postgres-test-wrapper.sh;scripts/test-postgres-test-discovery.sh;scripts/test-postgres-test-wrapper.sh;.github/workflows/nuncio-crew-ci.yml;.github/workflows/nuncio-crew-release.yml;plans/reports/260905-substrate-integration.md;plans/reports/reviewer-260905-coverage-audit.md,"Final-source audit: 45 target-exact, 18 adapted, 0 intentional Crew/mapped paths. 272 committed isolated PostgreSQL tests passed. Relay integration and isolated PostgreSQL regressions recorded in substrate evidence. Source coverage and local just ci/dependency-policy gates passed; 10k browser smoke passed; PR #342 Gate/manual passed on 0ef5491f; whole CI cancelled after smoke 3/4 timeouts with failures. Later repairs have local validation; PR342 checks are canonical remote evidence and full NuncioCrew CI including all desktop smoke shards and manual upstream compatibility must pass on the exact head at merge."
151,ac4aa94b05417c2830e5489ddda0c87f6a9d1dbf,Hide download action on voice notes (#7182),04-desktop,integrate final released behavior,2,desktop/src/features/messages/ui/AudioMessageAttachment.tsx;desktop/tests/e2e/voice-note.spec.ts,ported,Final 0.5.22 source for Hide download action on voice notes is accounted for at the current paths below. Every listed path matches the final target bytes (including final target deletions).,desktop/src/features/messages/ui/AudioMessageAttachment.tsx;desktop/tests/e2e/voice-note.spec.ts;plans/reports/implementer-260905-desktop-message-notification-huddle-ports.md;plans/reports/reviewer-260905-coverage-audit.md;plans/reports/reviewer-20260905-final-desktop-reconciliation.md,"Final-source audit: 2 target-exact, 0 adapted, 0 intentional Crew/mapped paths. 1374 message tests and 193 focused integration tests passed at report snapshot. Source coverage and local just ci/dependency-policy gates passed; 10k browser smoke passed; PR #342 Gate/manual passed on 0ef5491f; whole CI cancelled after smoke 3/4 timeouts with failures. Later repairs have local validation; PR342 checks are canonical remote evidence and full NuncioCrew CI including all desktop smoke shards and manual upstream compatibility must pass on the exact head at merge."
152,70895b355fcea9f99894b426c020052b715bd368,feat(buzz-auth): add production NIP-FI federated assertion runtime (#7109),01-toolchain-ci-docs;02-shared-substrate,integrate final released behavior,15,ARCHITECTURE.md;Cargo.lock;Cargo.toml;crates/buzz-auth/Cargo.toml;crates/buzz-auth/src/lib.rs;crates/buzz-auth/src/nip_fi/config.rs;crates/buzz-auth/src/nip_fi/discovery.rs;crates/buzz-auth/src/nip_fi/jwks/mod.rs;crates/buzz-auth/src/nip_fi/jwks/tests.rs;crates/buzz-auth/src/nip_fi/mod.rs;crates/buzz-auth/src/nip_fi/startup/mod.rs;crates/buzz-auth/src/nip_fi/startup/tests.rs;crates/buzz-auth/src/nip_fi/verifier.rs;crates/buzz-auth/src/nip_fi/verifier/tests.rs;crates/buzz-core/src/network.rs,adapted,Final 0.5.22 source for feat(buzz-auth): add production NIP-FI federated assertion runtime is accounted for at the current paths below. Shared files retain Crew extensions or use existing Crew integration seams; supporting review evidence is attached.,ARCHITECTURE.md;Cargo.lock;Cargo.toml;crates/buzz-auth/Cargo.toml;crates/buzz-auth/src/lib.rs;crates/buzz-auth/src/nip_fi/config.rs;crates/buzz-auth/src/nip_fi/discovery.rs;crates/buzz-auth/src/nip_fi/jwks/mod.rs;crates/buzz-auth/src/nip_fi/jwks/tests.rs;crates/buzz-auth/src/nip_fi/mod.rs;crates/buzz-auth/src/nip_fi/startup/mod.rs;crates/buzz-auth/src/nip_fi/startup/tests.rs;crates/buzz-auth/src/nip_fi/verifier.rs;crates/buzz-auth/src/nip_fi/verifier/tests.rs;crates/buzz-core/src/network.rs;plans/reports/260905-substrate-integration.md;plans/reports/reviewer-260905-coverage-audit.md,"Final-source audit: 12 target-exact, 3 adapted, 0 intentional Crew/mapped paths. Authorization runtime and PostgreSQL regressions recorded in substrate evidence. Source coverage and local just ci/dependency-policy gates passed; 10k browser smoke passed; PR #342 Gate/manual passed on 0ef5491f; whole CI cancelled after smoke 3/4 timeouts with failures. Later repairs have local validation; PR342 checks are canonical remote evidence and full NuncioCrew CI including all desktop smoke shards and manual upstream compatibility must pass on the exact head at merge."
153,e17a0d44c379b2ae40b91b8ba43f9a9c5bede90f,fix(dev): keep the canonical profile when launching from desktop/ (#7143),01-toolchain-ci-docs,integrate final released behavior,3,.github/workflows/ci.yml;scripts/instance-env.sh;scripts/test-desktop-instance-detection.sh,adapted,Final 0.5.22 source for fix(dev): keep the canonical profile when launching from desktop/ is accounted for at the current paths below. Shared files retain Crew extensions or use existing Crew integration seams; supporting review evidence is attached.,.github/workflows/ci.yml;scripts/instance-env.sh;scripts/test-desktop-instance-detection.sh;.github/workflows/nuncio-crew-ci.yml;.github/workflows/nuncio-crew-release.yml;plans/reports/reviewer-260905-coverage-audit.md,"Final-source audit: 2 target-exact, 1 adapted, 0 intentional Crew/mapped paths. Source coverage and local just ci/dependency-policy gates passed; 10k browser smoke passed; PR #342 Gate/manual passed on 0ef5491f; whole CI cancelled after smoke 3/4 timeouts with failures. Later repairs have local validation; PR342 checks are canonical remote evidence and full NuncioCrew CI including all desktop smoke shards and manual upstream compatibility must pass on the exact head at merge."
154,cae158ce7fd72dee1f34d264f6790711d82d46bf,fix(dev-mcp): extend shell timeout cap to 20 minutes and align outer budgets (#7185),03-agent-runtime,integrate final released behavior,5,crates/buzz-acp/src/config.rs;crates/buzz-agent/README.md;crates/buzz-agent/src/config.rs;crates/buzz-dev-mcp/src/lib.rs;crates/buzz-dev-mcp/src/shell.rs,adapted,Final 0.5.22 source for fix(dev-mcp): extend shell timeout cap to 20 minutes and align outer budgets is accounted for at the current paths below. Shared files retain Crew extensions or use existing Crew integration seams; supporting review evidence is attached.,crates/buzz-acp/src/config.rs;crates/buzz-agent/README.md;crates/buzz-agent/src/config.rs;crates/buzz-dev-mcp/src/lib.rs;crates/buzz-dev-mcp/src/shell.rs;plans/reports/implementer-260905-acp-priority-ports.md;plans/reports/reviewer-260905-acp-release-integration.md;plans/reports/reviewer-260905-coverage-audit.md,"Final-source audit: 3 target-exact, 2 adapted, 0 intentional Crew/mapped paths. 1175 ACP library tests, 14 integration tests, 6 PostgreSQL regressions passed. ACP/agent permission and telemetry integration independently reviewed. Source coverage and local just ci/dependency-policy gates passed; 10k browser smoke passed; PR #342 Gate/manual passed on 0ef5491f; whole CI cancelled after smoke 3/4 timeouts with failures. Later repairs have local validation; PR342 checks are canonical remote evidence and full NuncioCrew CI including all desktop smoke shards and manual upstream compatibility must pass on the exact head at merge."
155,4365883151698cd30e31cf4091629543b61c2478,chore(ci): lower Codex security review effort (#7179),01-toolchain-ci-docs,integrate final released behavior,1,.github/workflows/codex-security-review.yml,retained-Crew-divergence,Retain NuncioCrew Gate and manual Crew release ownership; upstream-only cache/deployment/security-review lane changes are not activated. Shared production code is evaluated separately.,intentionally-omitted:.github/workflows/codex-security-review.yml;.github/workflows/nuncio-crew-ci.yml;.github/workflows/nuncio-crew-release.yml;plans/reports/reviewer-260905-coverage-audit.md,"Final-source audit: 0 target-exact, 0 adapted, 1 intentional Crew/mapped paths. Source coverage and local just ci/dependency-policy gates passed; 10k browser smoke passed; PR #342 Gate/manual passed on 0ef5491f; whole CI cancelled after smoke 3/4 timeouts with failures. Later repairs have local validation; PR342 checks are canonical remote evidence and full NuncioCrew CI including all desktop smoke shards and manual upstream compatibility must pass on the exact head at merge."
156,b270437a62bc1049b27745799dc44268d0c23489,fix(mobile): isolate extension linker flags; complete iOS build in CI (#7187),01-toolchain-ci-docs;04-mobile,integrate final released behavior,2,.github/workflows/ci.yml;mobile/ios/Runner.xcodeproj/project.pbxproj,adapted,Final 0.5.22 source for fix(mobile): isolate extension linker flags; complete iOS build in CI is accounted for at the current paths below. Shared files retain Crew extensions or use existing Crew integration seams; supporting review evidence is attached.,.github/workflows/ci.yml;mobile/ios/Runner.xcodeproj/project.pbxproj;.github/workflows/nuncio-crew-ci.yml;.github/workflows/nuncio-crew-release.yml;plans/reports/reviewer-260905-coverage-audit.md,"Final-source audit: 1 target-exact, 1 adapted, 0 intentional Crew/mapped paths. Source coverage and local just ci/dependency-policy gates passed; 10k browser smoke passed; PR #342 Gate/manual passed on 0ef5491f; whole CI cancelled after smoke 3/4 timeouts with failures. Later repairs have local validation; PR342 checks are canonical remote evidence and full NuncioCrew CI including all desktop smoke shards and manual upstream compatibility must pass on the exact head at merge."
157,4794a5cecf058ebbe2b367f40b1ce6ff80791e91,ci: relax file-size ceilings by surface (#6485),01-toolchain-ci-docs;02-shared-protocol-web;03-managed-agents;04-desktop;04-mobile,adapt file size policy,33,AGENTS.md;desktop/scripts/check-file-sizes.mjs;desktop/scripts/file-size-policy.mjs;desktop/src-tauri/src/archive/metric_store.rs;desktop/src-tauri/src/archive/mod_agent_metric_tests.rs;desktop/src-tauri/src/archive/mod_tests.rs;desktop/src-tauri/src/archive/pipeline.rs;desktop/src-tauri/src/archive/retention.rs;desktop/src-tauri/src/archive/retention_tests.rs;desktop/src-tauri/src/archive/store_migration_tests.rs;desktop/src-tauri/src/archive/store_migrations.rs;desktop/src-tauri/src/archive/store_tests.rs;desktop/src-tauri/src/commands/agent_config_tests.rs;desktop/src-tauri/src/commands/personas/card/tests.rs;desktop/src-tauri/src/commands/personas/snapshot.rs;desktop/src-tauri/src/commands/personas/snapshot/import.rs;desktop/src-tauri/src/commands/personas/snapshot/tests_encode_size.rs;desktop/src-tauri/src/commands/personas/snapshot/tests_locked.rs;desktop/src-tauri/src/commands/personas/snapshot/tests_memory_entries.rs;desktop/src-tauri/src/managed_agents/agent_snapshot_tests.rs;desktop/src-tauri/src/managed_agents/config_bridge/reader_tests.rs;desktop/src-tauri/src/managed_agents/config_bridge/reader_tests_ext.rs;desktop/src-tauri/src/managed_agents/spawn_snapshot/tests_ext.rs;desktop/src-tauri/src/managed_agents/storage_tests.rs;desktop/src-tauri/src/managed_agents/teams_tests.rs;desktop/src/features/agents/AGENTS.md;mobile/lib/features/channels/channel_directory.dart;mobile/lib/features/channels/channels_provider.dart;mobile/scripts/check-file-sizes.mjs;mobile/scripts/file-size-policy.mjs;scripts/check-file-sizes-core.test.mjs;web/scripts/check-file-sizes.mjs;web/scripts/file-size-policy.mjs,adapted,Retain Crew 1000-line ceiling and exact existing baselines. Import file-policy tooling and mechanical extractions without adopting upstream higher surface limits.,AGENTS.md;desktop/scripts/check-file-sizes.mjs;desktop/scripts/file-size-policy.mjs;desktop/src-tauri/src/archive/metric_store.rs;desktop/src-tauri/src/archive/mod_agent_metric_tests.rs;desktop/src-tauri/src/archive/mod_tests.rs;desktop/src-tauri/src/archive/pipeline.rs;desktop/src-tauri/src/archive/retention.rs;desktop/src-tauri/src/archive/retention_tests.rs;desktop/src-tauri/src/archive/store_migration_tests.rs;desktop/src-tauri/src/archive/store_migrations.rs;desktop/src-tauri/src/archive/store_tests.rs;desktop/src-tauri/src/commands/agent_config_tests.rs;desktop/src-tauri/src/commands/personas/card/tests.rs;desktop/src-tauri/src/commands/personas/snapshot.rs;desktop/src-tauri/src/commands/personas/snapshot/import.rs;desktop/src-tauri/src/commands/personas/snapshot/tests_encode_size.rs;desktop/src-tauri/src/commands/personas/snapshot/tests_locked.rs;desktop/src-tauri/src/commands/personas/snapshot/tests_memory_entries.rs;desktop/src-tauri/src/managed_agents/agent_snapshot_tests.rs;desktop/src-tauri/src/managed_agents/config_bridge/reader_tests.rs;desktop/src-tauri/src/managed_agents/config_bridge/reader_tests_ext.rs;desktop/src-tauri/src/managed_agents/spawn_snapshot/tests_ext.rs;desktop/src-tauri/src/managed_agents/storage_tests.rs;desktop/src-tauri/src/managed_agents/teams_tests.rs;desktop/src/features/agents/AGENTS.md;mobile/lib/features/channels/channel_directory.dart;mobile/lib/features/channels/channels_provider.dart;mobile/scripts/check-file-sizes.mjs;mobile/scripts/file-size-policy.mjs;scripts/check-file-sizes-core.test.mjs;web/scripts/check-file-sizes.mjs;web/scripts/file-size-policy.mjs;plans/reports/implementer-260905-native-release-integration.md;/tmp/crew-profile-agent-final-tests.log;plans/reports/reviewer-260905-coverage-audit.md;plans/reports/reviewer-20260905-final-desktop-reconciliation.md,"Final-source audit: 23 target-exact, 10 adapted, 0 intentional Crew/mapped paths. Native tests 3431 passed, 19 ignored; clippy passed. 1170 scoped profile/agent tests passed; scoped TypeScript clean. Source coverage and local just ci/dependency-policy gates passed; 10k browser smoke passed; PR #342 Gate/manual passed on 0ef5491f; whole CI cancelled after smoke 3/4 timeouts with failures. Later repairs have local validation; PR342 checks are canonical remote evidence and full NuncioCrew CI including all desktop smoke shards and manual upstream compatibility must pass on the exact head at merge."
158,42b42447b0dc47c3e1a4d95caab893567dcd1677,feat(mobile): prepare `buzz-push-gateway` for deployment (#7158),01-toolchain-ci-docs;02-shared-substrate,integrate final released behavior,13,crates/buzz-db/src/runtime/migration.rs;crates/buzz-db/src/runtime/tests.rs;deploy/charts/buzz-push-gateway/Chart.yaml;deploy/charts/buzz-push-gateway/templates/deployment.yaml;deploy/charts/buzz-push-gateway/tests/datadog-values.yaml;deploy/charts/buzz-push-gateway/tests/release-contract.sh;deploy/charts/buzz-push-gateway/tests/render.sh;deploy/charts/buzz-push-gateway/values-production.yaml;deploy/charts/buzz-push-gateway/values.schema.json;deploy/charts/buzz-push-gateway/values.yaml;docs/push-gateway-deployment.md;migrations/0043_push_gateway_dogfood_profile.sql;schema/schema.sql,adapted,Final 0.5.22 source for feat(mobile): prepare `buzz-push-gateway` for deployment is accounted for at the current paths below. Shared files retain Crew extensions or use existing Crew integration seams; supporting review evidence is attached. Released migrations 0033–0044 map byte-for-byte to Crew 0034–0045; Crew applied 0001–0033 remain unchanged.,crates/buzz-db/src/runtime/migration.rs;crates/buzz-db/src/runtime/tests.rs;deploy/charts/buzz-push-gateway/Chart.yaml;deploy/charts/buzz-push-gateway/templates/deployment.yaml;deploy/charts/buzz-push-gateway/tests/datadog-values.yaml;deploy/charts/buzz-push-gateway/tests/release-contract.sh;deploy/charts/buzz-push-gateway/tests/render.sh;deploy/charts/buzz-push-gateway/values-production.yaml;deploy/charts/buzz-push-gateway/values.schema.json;deploy/charts/buzz-push-gateway/values.yaml;docs/push-gateway-deployment.md;migrations/0044_push_gateway_dogfood_profile.sql;schema/schema.sql;plans/reports/260905-substrate-integration.md;plans/reports/implementer-260905-supporting-source-ports.md;plans/reports/reviewer-260905-coverage-audit.md,"Final-source audit: 9 target-exact, 3 adapted, 1 intentional Crew/mapped paths. 272 committed isolated PostgreSQL tests passed. Historical checksums preserved; released SQL mapping verified. Helm 47 tests across 9 suites plus lint/render and push release-contract passed. Source coverage and local just ci/dependency-policy gates passed; 10k browser smoke passed; PR #342 Gate/manual passed on 0ef5491f; whole CI cancelled after smoke 3/4 timeouts with failures. Later repairs have local validation; PR342 checks are canonical remote evidence and full NuncioCrew CI including all desktop smoke shards and manual upstream compatibility must pass on the exact head at merge."
159,e5a7e26a1008227ff6a0b9430a6df2470475bec1,fix(desktop): preserve keyring identity during recovery (#7203),04-desktop,integrate final released behavior,2,desktop/src-tauri/src/app_state.rs;desktop/src-tauri/src/app_state_tests.rs,adapted,Final 0.5.22 source for fix(desktop): preserve keyring identity during recovery is accounted for at the current paths below. Shared files retain Crew extensions or use existing Crew integration seams; supporting review evidence is attached.,desktop/src-tauri/src/app_state.rs;desktop/src-tauri/src/app_state_tests.rs;plans/reports/implementer-260905-native-release-integration.md;plans/reports/reviewer-260905-coverage-audit.md;plans/reports/reviewer-20260905-final-desktop-reconciliation.md,"Final-source audit: 1 target-exact, 1 adapted, 0 intentional Crew/mapped paths. Native tests 3431 passed, 19 ignored; clippy passed. Source coverage and local just ci/dependency-policy gates passed; 10k browser smoke passed; PR #342 Gate/manual passed on 0ef5491f; whole CI cancelled after smoke 3/4 timeouts with failures. Later repairs have local validation; PR342 checks are canonical remote evidence and full NuncioCrew CI including all desktop smoke shards and manual upstream compatibility must pass on the exact head at merge."
160,5aed49b505a7e27f3b0e34dafa53d6c4e8cdcd64,feat(buzz-agent): add DatabricksAuthCoordinator single-flight OAuth (#5545),01-toolchain-ci-docs;03-agent-runtime;04-desktop,integrate final released behavior,10,.github/workflows/ci.yml;Cargo.lock;Justfile;crates/buzz-agent/Cargo.toml;crates/buzz-agent/src/auth.rs;crates/buzz-agent/tests/bin/auth_worker.rs;crates/buzz-agent/tests/bin/lock_holder.rs;crates/buzz-agent/tests/databricks_auth_coordinator.rs;crates/buzz-agent/tests/fake_llm.rs;desktop/src-tauri/Cargo.lock,adapted,Final 0.5.22 source for feat(buzz-agent): add DatabricksAuthCoordinator single-flight OAuth is accounted for at the current paths below. Shared files retain Crew extensions or use existing Crew integration seams; supporting review evidence is attached.,.github/workflows/ci.yml;Cargo.lock;Justfile;crates/buzz-agent/Cargo.toml;crates/buzz-agent/src/auth.rs;crates/buzz-agent/tests/bin/auth_worker.rs;crates/buzz-agent/tests/bin/lock_holder.rs;crates/buzz-agent/tests/databricks_auth_coordinator.rs;crates/buzz-agent/tests/fake_llm.rs;desktop/src-tauri/Cargo.lock;.github/workflows/nuncio-crew-ci.yml;.github/workflows/nuncio-crew-release.yml;plans/reports/implementer-260905-native-release-integration.md;plans/reports/reviewer-260905-acp-release-integration.md;plans/reports/reviewer-260905-coverage-audit.md;plans/reports/reviewer-20260905-final-desktop-reconciliation.md,"Final-source audit: 6 target-exact, 4 adapted, 0 intentional Crew/mapped paths. Native tests 3431 passed, 19 ignored; clippy passed. ACP/agent permission and telemetry integration independently reviewed. Source coverage and local just ci/dependency-policy gates passed; 10k browser smoke passed; PR #342 Gate/manual passed on 0ef5491f; whole CI cancelled after smoke 3/4 timeouts with failures. Later repairs have local validation; PR342 checks are canonical remote evidence and full NuncioCrew CI including all desktop smoke shards and manual upstream compatibility must pass on the exact head at merge."
161,42aeb1571cc1f1ed4d73f05b420474be970021ab,feat(desktop): add Pi agent preset (#7208),03-agent-runtime;03-managed-agents;04-desktop,integrate distinct runtime choice,7,crates/buzz-acp/README.md;desktop/public/harness-logos/CREDITS.md;desktop/public/harness-logos/pi.svg;desktop/src-tauri/src/managed_agents/discovery/presets.rs;desktop/src/features/onboarding/ui/RuntimeIcon.tsx;desktop/src/features/settings/ui/harnessCatalogCopy.test.mjs;desktop/src/features/settings/ui/harnessCatalogCopy.ts,adapted,Add Pi preset and assets while retaining distinct Oh My Pi and Hermes defaults/assets.,crates/buzz-acp/README.md;desktop/public/harness-logos/CREDITS.md;desktop/public/harness-logos/pi.svg;desktop/src-tauri/src/managed_agents/discovery/presets.rs;desktop/src/features/onboarding/ui/RuntimeIcon.tsx;desktop/src/features/settings/ui/harnessCatalogCopy.test.mjs;desktop/src/features/settings/ui/harnessCatalogCopy.ts;plans/reports/implementer-260905-native-release-integration.md;plans/reports/implementer-260905-acp-priority-ports.md;plans/reports/reviewer-260905-coverage-audit.md;plans/reports/reviewer-20260905-final-desktop-reconciliation.md,"Final-source audit: 2 target-exact, 5 adapted, 0 intentional Crew/mapped paths. Native tests 3431 passed, 19 ignored; clippy passed. 1175 ACP library tests, 14 integration tests, 6 PostgreSQL regressions passed. Source coverage and local just ci/dependency-policy gates passed; 10k browser smoke passed; PR #342 Gate/manual passed on 0ef5491f; whole CI cancelled after smoke 3/4 timeouts with failures. Later repairs have local validation; PR342 checks are canonical remote evidence and full NuncioCrew CI including all desktop smoke shards and manual upstream compatibility must pass on the exact head at merge."
162,beb76406c12ab8a7af9b2fcf7547c353e3369c34,feat(relay): add detailed readiness metrics (#7149),01-toolchain-ci-docs;02-shared-substrate,integrate final released behavior,10,crates/buzz-db/src/lib.rs;crates/buzz-db/src/runtime/mod.rs;crates/buzz-db/src/runtime/tests.rs;crates/buzz-relay/src/lib.rs;crates/buzz-relay/src/main.rs;crates/buzz-relay/src/metrics.rs;crates/buzz-relay/src/readiness.rs;crates/buzz-relay/src/router.rs;crates/buzz-relay/src/state.rs;deploy/charts/buzz/README.md,adapted,Final 0.5.22 source for feat(relay): add detailed readiness metrics is accounted for at the current paths below. Shared files retain Crew extensions or use existing Crew integration seams; supporting review evidence is attached.,crates/buzz-db/src/lib.rs;crates/buzz-db/src/runtime/mod.rs;crates/buzz-db/src/runtime/tests.rs;crates/buzz-relay/src/lib.rs;crates/buzz-relay/src/main.rs;crates/buzz-relay/src/metrics.rs;crates/buzz-relay/src/readiness.rs;crates/buzz-relay/src/router.rs;crates/buzz-relay/src/state.rs;deploy/charts/buzz/README.md;plans/reports/260905-substrate-integration.md;plans/reports/implementer-260905-supporting-source-ports.md;plans/reports/reviewer-260905-coverage-audit.md,"Final-source audit: 7 target-exact, 3 adapted, 0 intentional Crew/mapped paths. 272 committed isolated PostgreSQL tests passed. Relay integration and isolated PostgreSQL regressions recorded in substrate evidence. Helm 47 tests across 9 suites plus lint/render and push release-contract passed. Source coverage and local just ci/dependency-policy gates passed; 10k browser smoke passed; PR #342 Gate/manual passed on 0ef5491f; whole CI cancelled after smoke 3/4 timeouts with failures. Later repairs have local validation; PR342 checks are canonical remote evidence and full NuncioCrew CI including all desktop smoke shards and manual upstream compatibility must pass on the exact head at merge."
163,d4420eb47f9d48bd81358f928dfe6dee6804ac13,docs(nip-fi): rewrite NIP-FI as stateless OSS Buzz spec v2 (#7214),02-shared-protocol-web,integrate final released behavior,6,docs/nips/NIP-FI-CONF.md;docs/nips/NIP-FI-DELEG.md;docs/nips/NIP-FI-EDGE.md;docs/nips/NIP-FI-LIFECYCLE.md;docs/nips/NIP-FI-MODEL.md;docs/nips/NIP-FI.md,ported,Final 0.5.22 source for docs(nip-fi): rewrite NIP-FI as stateless OSS Buzz spec v2 is accounted for at the current paths below. Every listed path matches the final target bytes (including final target deletions).,final-target-deleted:docs/nips/NIP-FI-CONF.md;final-target-deleted:docs/nips/NIP-FI-DELEG.md;final-target-deleted:docs/nips/NIP-FI-EDGE.md;final-target-deleted:docs/nips/NIP-FI-LIFECYCLE.md;final-target-deleted:docs/nips/NIP-FI-MODEL.md;docs/nips/NIP-FI.md;plans/reports/reviewer-260905-coverage-audit.md,"Final-source audit: 6 target-exact, 0 adapted, 0 intentional Crew/mapped paths. Source coverage and local just ci/dependency-policy gates passed; 10k browser smoke passed; PR #342 Gate/manual passed on 0ef5491f; whole CI cancelled after smoke 3/4 timeouts with failures. Later repairs have local validation; PR342 checks are canonical remote evidence and full NuncioCrew CI including all desktop smoke shards and manual upstream compatibility must pass on the exact head at merge."
164,560fea7b4fc5e96a4de45d988e039ffb3fd66662,feat: add databricks fable 5.1 model capabilities (#7213),01-toolchain-ci-docs;03-agent-runtime;03-managed-agents;04-desktop,integrate final released behavior,5,crates/buzz-agent/src/model_capabilities.rs;desktop/src/features/agents/ui/modelCapabilitiesCorpus.test.mjs;desktop/tests/e2e/global-agent-config-screenshots.spec.ts;scripts/model-capabilities.json;scripts/normative-corpus.json,ported,Final 0.5.22 source for feat: add databricks fable 5.1 model capabilities is accounted for at the current paths below. Every listed path matches the final target bytes (including final target deletions).,crates/buzz-agent/src/model_capabilities.rs;desktop/src/features/agents/ui/modelCapabilitiesCorpus.test.mjs;desktop/tests/e2e/global-agent-config-screenshots.spec.ts;scripts/model-capabilities.json;scripts/normative-corpus.json;plans/reports/reviewer-260905-acp-release-integration.md;/tmp/crew-profile-agent-final-tests.log;plans/reports/reviewer-260905-coverage-audit.md;plans/reports/reviewer-20260905-final-desktop-reconciliation.md,"Final-source audit: 5 target-exact, 0 adapted, 0 intentional Crew/mapped paths. ACP/agent permission and telemetry integration independently reviewed. 1170 scoped profile/agent tests passed; scoped TypeScript clean. Source coverage and local just ci/dependency-policy gates passed; 10k browser smoke passed; PR #342 Gate/manual passed on 0ef5491f; whole CI cancelled after smoke 3/4 timeouts with failures. Later repairs have local validation; PR342 checks are canonical remote evidence and full NuncioCrew CI including all desktop smoke shards and manual upstream compatibility must pass on the exact head at merge."
165,1c8321cd08feb597f8bcff5195c21148fb3e98ed,fix(desktop): retain automatic mentions only in threads (#7144),04-desktop,integrate final released behavior,19,desktop/src/features/channels/ui/ChannelPane.tsx;desktop/src/features/home/ui/InboxDetailPane.tsx;desktop/src/features/messages/lib/persistentAgentAudience.test.mjs;desktop/src/features/messages/lib/persistentAgentAudience.ts;desktop/src/features/messages/ui/ComposerAddressControls.test.mjs;desktop/src/features/messages/ui/ComposerAddressControls.tsx;desktop/src/features/messages/ui/MentionAutocomplete.test.mjs;desktop/src/features/messages/ui/MentionAutocomplete.tsx;desktop/src/features/messages/ui/MessageComposer.tsx;desktop/src/features/messages/ui/MessageComposer.types.ts;desktop/src/features/messages/ui/MessageThreadPanel.tsx;desktop/src/features/messages/ui/persistentAgentAudienceHosts.test.mjs;desktop/src/features/messages/ui/useAgentAddressLockPicker.test.mjs;desktop/src/features/messages/ui/useAgentAddressLockPicker.ts;desktop/src/features/messages/ui/useThreadAgentAudience.ts;desktop/src/features/settings/ui/AgentsSettingsPanel.tsx;desktop/tests/e2e/mentions.spec.ts;desktop/tests/e2e/persistent-agent-audience.spec.ts;desktop/tests/e2e/send-channel-binding.spec.ts,adapted,Final 0.5.22 source for fix(desktop): retain automatic mentions only in threads is accounted for at the current paths below. Shared files retain Crew extensions or use existing Crew integration seams; supporting review evidence is attached.,desktop/src/features/channels/ui/ChannelPane.tsx;desktop/src/features/home/ui/InboxDetailPane.tsx;desktop/src/features/messages/lib/persistentAgentAudience.test.mjs;desktop/src/features/messages/lib/persistentAgentAudience.ts;desktop/src/features/messages/ui/ComposerAddressControls.test.mjs;desktop/src/features/messages/ui/ComposerAddressControls.tsx;desktop/src/features/messages/ui/MentionAutocomplete.test.mjs;desktop/src/features/messages/ui/MentionAutocomplete.tsx;desktop/src/features/messages/ui/MessageComposer.tsx;desktop/src/features/messages/ui/MessageComposer.types.ts;desktop/src/features/messages/ui/MessageThreadPanel.tsx;desktop/src/features/messages/ui/persistentAgentAudienceHosts.test.mjs;desktop/src/features/messages/ui/useAgentAddressLockPicker.test.mjs;desktop/src/features/messages/ui/useAgentAddressLockPicker.ts;desktop/src/features/messages/ui/useThreadAgentAudience.ts;desktop/src/features/settings/ui/AgentsSettingsPanel.tsx;desktop/tests/e2e/mentions.spec.ts;desktop/tests/e2e/persistent-agent-audience.spec.ts;desktop/tests/e2e/send-channel-binding.spec.ts;plans/reports/implementer-260905-desktop-message-notification-huddle-ports.md;plans/reports/reviewer-260905-coverage-audit.md;plans/reports/reviewer-20260905-final-desktop-reconciliation.md,"Final-source audit: 7 target-exact, 12 adapted, 0 intentional Crew/mapped paths. 1374 message tests and 193 focused integration tests passed at report snapshot. Source coverage and local just ci/dependency-policy gates passed; 10k browser smoke passed; PR #342 Gate/manual passed on 0ef5491f; whole CI cancelled after smoke 3/4 timeouts with failures. Later repairs have local validation; PR342 checks are canonical remote evidence and full NuncioCrew CI including all desktop smoke shards and manual upstream compatibility must pass on the exact head at merge."
166,0e878664b08cdf7fb2d89d940bc2aa92cdc485f7,ci: split CI into reusable workflows (#7168),01-toolchain-ci-docs,integrate final released behavior,10,.github/workflows/_ci-clients.yml;.github/workflows/_ci-desktop-macos.yml;.github/workflows/_ci-desktop.yml;.github/workflows/_ci-relay.yml;.github/workflows/_ci-rust.yml;.github/workflows/_ci-security.yml;.github/workflows/ci.yml;scripts/test-ci-required-context-isolation.sh;scripts/test-rust-cache-contract-regressions.sh;scripts/test-rust-cache-contract.sh,retained-Crew-divergence,Retain NuncioCrew Gate and manual Crew release ownership; upstream-only cache/deployment/security-review lane changes are not activated. Shared production code is evaluated separately.,intentionally-omitted:.github/workflows/_ci-clients.yml;intentionally-omitted:.github/workflows/_ci-desktop-macos.yml;intentionally-omitted:.github/workflows/_ci-desktop.yml;intentionally-omitted:.github/workflows/_ci-relay.yml;intentionally-omitted:.github/workflows/_ci-rust.yml;intentionally-omitted:.github/workflows/_ci-security.yml;.github/workflows/ci.yml;scripts/test-ci-required-context-isolation.sh;scripts/test-rust-cache-contract-regressions.sh;scripts/test-rust-cache-contract.sh;.github/workflows/nuncio-crew-ci.yml;.github/workflows/nuncio-crew-release.yml;plans/reports/reviewer-260905-coverage-audit.md,"Final-source audit: 3 target-exact, 1 adapted, 6 intentional Crew/mapped paths. Source coverage and local just ci/dependency-policy gates passed; 10k browser smoke passed; PR #342 Gate/manual passed on 0ef5491f; whole CI cancelled after smoke 3/4 timeouts with failures. Later repairs have local validation; PR342 checks are canonical remote evidence and full NuncioCrew CI including all desktop smoke shards and manual upstream compatibility must pass on the exact head at merge."
167,2af9773d6271ce62cbe5dfbd28fbe5dd79372465,fix(acp): replace real user name in base prompt mention example (#7250),03-agent-runtime,integrate final released behavior,1,crates/buzz-acp/src/base_prompt.md,adapted,Final 0.5.22 source for fix(acp): replace real user name in base prompt mention example is accounted for at the current paths below. Shared files retain Crew extensions or use existing Crew integration seams; supporting review evidence is attached.,crates/buzz-acp/src/base_prompt.md;plans/reports/implementer-260905-acp-priority-ports.md;plans/reports/reviewer-260905-coverage-audit.md,"Final-source audit: 0 target-exact, 1 adapted, 0 intentional Crew/mapped paths. 1175 ACP library tests, 14 integration tests, 6 PostgreSQL regressions passed. Source coverage and local just ci/dependency-policy gates passed; 10k browser smoke passed; PR #342 Gate/manual passed on 0ef5491f; whole CI cancelled after smoke 3/4 timeouts with failures. Later repairs have local validation; PR342 checks are canonical remote evidence and full NuncioCrew CI including all desktop smoke shards and manual upstream compatibility must pass on the exact head at merge."
168,04babf02655440b4dfd37f2e2df605ead0a030d8,chore(db): drop Phase-A NIP-FI relay-side authority ledger (#7221),01-toolchain-ci-docs;02-shared-protocol-web;02-shared-substrate,integrate final released behavior,9,crates/buzz-auth/src/nip_fi/config.rs;crates/buzz-auth/src/nip_fi/jwks/tests.rs;crates/buzz-auth/src/nip_fi/startup/tests.rs;crates/buzz-auth/src/nip_fi/verifier.rs;crates/buzz-auth/src/nip_fi/verifier/tests.rs;crates/buzz-db/src/runtime/migration.rs;docs/nips/NIP-FI.md;migrations/0044_drop_nip_fi_ledger.sql;schema/schema.sql,adapted,Final 0.5.22 source for chore(db): drop Phase-A NIP-FI relay-side authority ledger is accounted for at the current paths below. Shared files retain Crew extensions or use existing Crew integration seams; supporting review evidence is attached. Released migrations 0033–0044 map byte-for-byte to Crew 0034–0045; Crew applied 0001–0033 remain unchanged.,crates/buzz-auth/src/nip_fi/config.rs;crates/buzz-auth/src/nip_fi/jwks/tests.rs;crates/buzz-auth/src/nip_fi/startup/tests.rs;crates/buzz-auth/src/nip_fi/verifier.rs;crates/buzz-auth/src/nip_fi/verifier/tests.rs;crates/buzz-db/src/runtime/migration.rs;docs/nips/NIP-FI.md;migrations/0045_drop_nip_fi_ledger.sql;schema/schema.sql;plans/reports/260905-substrate-integration.md;plans/reports/reviewer-260905-coverage-audit.md,"Final-source audit: 6 target-exact, 2 adapted, 1 intentional Crew/mapped paths. 272 committed isolated PostgreSQL tests passed. Authorization runtime and PostgreSQL regressions recorded in substrate evidence. Historical checksums preserved; released SQL mapping verified. Source coverage and local just ci/dependency-policy gates passed; 10k browser smoke passed; PR #342 Gate/manual passed on 0ef5491f; whole CI cancelled after smoke 3/4 timeouts with failures. Later repairs have local validation; PR342 checks are canonical remote evidence and full NuncioCrew CI including all desktop smoke shards and manual upstream compatibility must pass on the exact head at merge."
169,0dbd036f5bff33e7ade75e7639f3218d424a6e73,feat(agents): harness-agnostic effort write path and spawn bridge (#4625),03-managed-agents;04-desktop,adapt Save and runtime projection,55,desktop/src-tauri/src/commands/agent_config.rs;desktop/src-tauri/src/commands/agent_config_tests.rs;desktop/src-tauri/src/commands/agent_discovery.rs;desktop/src-tauri/src/commands/agent_models.rs;desktop/src-tauri/src/commands/agent_models_update.rs;desktop/src-tauri/src/commands/agent_models_update_tests.rs;desktop/src-tauri/src/commands/agents_deploy.rs;desktop/src-tauri/src/lib.rs;desktop/src-tauri/src/managed_agents/claude_config/mod.rs;desktop/src-tauri/src/managed_agents/claude_config/tests.rs;desktop/src-tauri/src/managed_agents/config_bridge/effort.rs;desktop/src-tauri/src/managed_agents/config_bridge/effort_cmd_tests.rs;desktop/src-tauri/src/managed_agents/config_bridge/effort_tests.rs;desktop/src-tauri/src/managed_agents/config_bridge/mod.rs;desktop/src-tauri/src/managed_agents/config_bridge/reader.rs;desktop/src-tauri/src/managed_agents/config_bridge/reader_tests.rs;desktop/src-tauri/src/managed_agents/config_bridge/reader_tests_ext.rs;desktop/src-tauri/src/managed_agents/config_bridge/reader_tests_ext2.rs;desktop/src-tauri/src/managed_agents/discovery.rs;desktop/src-tauri/src/managed_agents/discovery/catalog.rs;desktop/src-tauri/src/managed_agents/discovery/overrides.rs;desktop/src-tauri/src/managed_agents/discovery/presets.rs;desktop/src-tauri/src/managed_agents/discovery/runtime_metadata.rs;desktop/src-tauri/src/managed_agents/discovery/tests.rs;desktop/src-tauri/src/managed_agents/discovery/tests/effort_clear.rs;desktop/src-tauri/src/managed_agents/mod.rs;desktop/src-tauri/src/managed_agents/readiness.rs;desktop/src-tauri/src/managed_agents/readiness/tests/openrouter_tests.rs;desktop/src-tauri/src/managed_agents/runtime.rs;desktop/src-tauri/src/managed_agents/spawn_snapshot.rs;desktop/src-tauri/src/managed_agents/spawn_snapshot/tests_ext.rs;desktop/src-tauri/src/managed_agents/types.rs;desktop/src-tauri/src/managed_agents/types/requests.rs;desktop/src/features/agents/AGENTS.md;desktop/src/features/agents/lib/agentConfigCore.test.mjs;desktop/src/features/agents/lib/agentConfigCore.ts;desktop/src/features/agents/ui/AgentConfigFields.tsx;desktop/src/features/agents/ui/AgentInstanceEditDialog.tsx;desktop/src/features/agents/ui/EditAgentAdvancedFields.tsx;desktop/src/features/agents/ui/EditAgentProviderModelFields.tsx;desktop/src/features/agents/ui/EffortPickerField.tsx;desktop/src/features/agents/ui/agentDefaultsEditor.test.mjs;desktop/src/features/agents/ui/agentInstanceEditCancelSafety.test.mjs;desktop/src/features/agents/ui/agentInstanceEditPinning.test.mjs;desktop/src/features/agents/ui/buzzAgentModelTuningFields.tsx;desktop/src/features/agents/ui/effortAutoClear.test.mjs;desktop/src/features/agents/ui/effortPicker.ts;desktop/src/features/agents/ui/personaRuntimeModel.ts;desktop/src/features/agents/ui/providerEnvVarUpdates.test.mjs;desktop/src/features/agents/ui/providerEnvVarUpdates.ts;desktop/src/features/agents/ui/runtimeModelProviderSelection.test.mjs;desktop/src/features/agents/ui/runtimeModelProviderSelection.ts;desktop/src/shared/api/tauri.ts;desktop/src/shared/api/tauriManagedAgents.ts;desktop/src/shared/api/types.ts,adapted,Port harness-agnostic effort writes through existing Save path; Cancel does not persist and Hermes personal-profile ownership/write-through remains authoritative.,desktop/src-tauri/src/commands/agent_config.rs;desktop/src-tauri/src/commands/agent_config_tests.rs;desktop/src-tauri/src/commands/agent_discovery.rs;desktop/src-tauri/src/commands/agent_models.rs;desktop/src-tauri/src/commands/agent_models_update.rs;desktop/src-tauri/src/commands/agent_models_update_tests.rs;desktop/src-tauri/src/commands/agents_deploy.rs;desktop/src-tauri/src/lib.rs;desktop/src-tauri/src/managed_agents/claude_config/mod.rs;desktop/src-tauri/src/managed_agents/claude_config/tests.rs;desktop/src-tauri/src/managed_agents/config_bridge/effort.rs;desktop/src-tauri/src/managed_agents/config_bridge/effort_cmd_tests.rs;desktop/src-tauri/src/managed_agents/config_bridge/effort_tests.rs;desktop/src-tauri/src/managed_agents/config_bridge/mod.rs;desktop/src-tauri/src/managed_agents/config_bridge/reader.rs;desktop/src-tauri/src/managed_agents/config_bridge/reader_tests.rs;desktop/src-tauri/src/managed_agents/config_bridge/reader_tests_ext.rs;desktop/src-tauri/src/managed_agents/config_bridge/reader_tests_ext2.rs;desktop/src-tauri/src/managed_agents/discovery.rs;desktop/src-tauri/src/managed_agents/discovery/catalog.rs;desktop/src-tauri/src/managed_agents/discovery/overrides.rs;desktop/src-tauri/src/managed_agents/discovery/presets.rs;desktop/src-tauri/src/managed_agents/discovery/runtime_metadata.rs;desktop/src-tauri/src/managed_agents/discovery/tests.rs;desktop/src-tauri/src/managed_agents/discovery/tests/effort_clear.rs;desktop/src-tauri/src/managed_agents/mod.rs;desktop/src-tauri/src/managed_agents/readiness.rs;desktop/src-tauri/src/managed_agents/readiness/tests/openrouter_tests.rs;desktop/src-tauri/src/managed_agents/runtime.rs;desktop/src-tauri/src/managed_agents/spawn_snapshot.rs;desktop/src-tauri/src/managed_agents/spawn_snapshot/tests_ext.rs;desktop/src-tauri/src/managed_agents/types.rs;desktop/src-tauri/src/managed_agents/types/requests.rs;desktop/src/features/agents/AGENTS.md;desktop/src/features/agents/lib/agentConfigCore.test.mjs;desktop/src/features/agents/lib/agentConfigCore.ts;desktop/src/features/agents/ui/AgentConfigFields.tsx;desktop/src/features/agents/ui/AgentInstanceEditDialog.tsx;desktop/src/features/agents/ui/EditAgentAdvancedFields.tsx;desktop/src/features/agents/ui/EditAgentProviderModelFields.tsx;desktop/src/features/agents/ui/EffortPickerField.tsx;desktop/src/features/agents/ui/agentDefaultsEditor.test.mjs;desktop/src/features/agents/ui/agentInstanceEditCancelSafety.test.mjs;desktop/src/features/agents/ui/agentInstanceEditPinning.test.mjs;desktop/src/features/agents/ui/buzzAgentModelTuningFields.tsx;desktop/src/features/agents/ui/effortAutoClear.test.mjs;desktop/src/features/agents/ui/effortPicker.ts;desktop/src/features/agents/ui/personaRuntimeModel.ts;desktop/src/features/agents/ui/providerEnvVarUpdates.test.mjs;desktop/src/features/agents/ui/providerEnvVarUpdates.ts;desktop/src/features/agents/ui/runtimeModelProviderSelection.test.mjs;desktop/src/features/agents/ui/runtimeModelProviderSelection.ts;desktop/src/shared/api/tauri.ts;desktop/src/shared/api/tauriManagedAgents.ts;desktop/src/shared/api/types.ts;plans/reports/implementer-260905-native-release-integration.md;/tmp/crew-profile-agent-final-tests.log;plans/reports/reviewer-260905-coverage-audit.md;plans/reports/reviewer-20260905-final-desktop-reconciliation.md,"Final-source audit: 25 target-exact, 30 adapted, 0 intentional Crew/mapped paths. Native tests 3431 passed, 19 ignored; clippy passed. 1170 scoped profile/agent tests passed; scoped TypeScript clean. Source coverage and local just ci/dependency-policy gates passed; 10k browser smoke passed; PR #342 Gate/manual passed on 0ef5491f; whole CI cancelled after smoke 3/4 timeouts with failures. Later repairs have local validation; PR342 checks are canonical remote evidence and full NuncioCrew CI including all desktop smoke shards and manual upstream compatibility must pass on the exact head at merge."
170,434dafe958d82ca07d2b42b0f7d023ab923c2ff9,fix(desktop): discover authenticated owned relay agents (#7122),01-toolchain-ci-docs;03-managed-agents;04-desktop,integrate final released behavior,32,desktop/playwright.config.ts;desktop/src-tauri/src/commands/agent_discovery/relay_directory.rs;desktop/src-tauri/src/commands/agent_discovery/relay_directory/owned_tests.rs;desktop/src-tauri/src/nostr_convert.rs;desktop/src-tauri/src/nostr_convert/agent_directory.rs;desktop/src-tauri/src/nostr_convert/oa_profile_tests.rs;desktop/src-tauri/src/nostr_convert/runtime_policy_tests.rs;desktop/src-tauri/src/nostr_convert/tests.rs;desktop/src/features/agents/ui/ManagedAgentSessionPanel.tsx;desktop/src/features/channels/ui/AgentSessionThreadPanel.tsx;desktop/src/features/channels/ui/MembersSidebar.tsx;desktop/src/features/channels/ui/unknownRelayAgentStatus.test.mjs;desktop/src/features/channels/ui/useChannelAgentSessions.ts;desktop/src/features/messages/lib/buildMentionCandidates.test.mjs;desktop/src/features/messages/lib/buildMentionCandidates.ts;desktop/src/features/messages/lib/useActiveAgentPubkeys.ts;desktop/src/features/messages/ui/useNewMessageRecipients.ts;desktop/src/features/profile/lib/profileActivityAgent.test.mjs;desktop/src/features/profile/lib/profileActivityAgent.ts;desktop/src/features/profile/lib/profileActivityFeedScope.test.mjs;desktop/src/features/profile/lib/profileActivityFeedScope.ts;desktop/src/features/projects/lib/projectAgentConversation.ts;desktop/src/features/projects/ui/ProjectsAgentPromptPage.tsx;desktop/src/features/pulse/ui/AgentActivityCard.test.mjs;desktop/src/features/pulse/ui/AgentActivityCard.tsx;desktop/src/features/pulse/ui/PulseView.tsx;desktop/src/features/search/useSearchResults.ts;desktop/src/shared/api/types.ts;desktop/src/testing/e2eBridge.ts;desktop/tests/e2e/owned-agent-discovery.spec.ts;desktop/tests/helpers/bridge.ts;docs/owned-agent-discovery.md,adapted,Final 0.5.22 source for fix(desktop): discover authenticated owned relay agents is accounted for at the current paths below. Shared files retain Crew extensions or use existing Crew integration seams; supporting review evidence is attached.,desktop/playwright.config.ts;desktop/src-tauri/src/commands/agent_discovery/relay_directory.rs;desktop/src-tauri/src/commands/agent_discovery/relay_directory/owned_tests.rs;desktop/src-tauri/src/nostr_convert.rs;desktop/src-tauri/src/nostr_convert/agent_directory.rs;desktop/src-tauri/src/nostr_convert/oa_profile_tests.rs;desktop/src-tauri/src/nostr_convert/runtime_policy_tests.rs;desktop/src-tauri/src/nostr_convert/tests.rs;desktop/src/features/agents/ui/ManagedAgentSessionPanel.tsx;desktop/src/features/channels/ui/AgentSessionThreadPanel.tsx;desktop/src/features/channels/ui/MembersSidebar.tsx;desktop/src/features/channels/ui/unknownRelayAgentStatus.test.mjs;desktop/src/features/channels/ui/useChannelAgentSessions.ts;desktop/src/features/messages/lib/buildMentionCandidates.test.mjs;desktop/src/features/messages/lib/buildMentionCandidates.ts;desktop/src/features/messages/lib/useActiveAgentPubkeys.ts;desktop/src/features/messages/ui/useNewMessageRecipients.ts;desktop/src/features/profile/lib/profileActivityAgent.test.mjs;desktop/src/features/profile/lib/profileActivityAgent.ts;desktop/src/features/profile/lib/profileActivityFeedScope.test.mjs;desktop/src/features/profile/lib/profileActivityFeedScope.ts;desktop/src/features/projects/lib/projectAgentConversation.ts;desktop/src/features/projects/ui/ProjectsAgentPromptPage.tsx;desktop/src/features/pulse/ui/AgentActivityCard.test.mjs;desktop/src/features/pulse/ui/AgentActivityCard.tsx;desktop/src/features/pulse/ui/PulseView.tsx;desktop/src/features/search/useSearchResults.ts;desktop/src/shared/api/types.ts;desktop/src/testing/e2eBridge.ts;desktop/tests/e2e/owned-agent-discovery.spec.ts;desktop/tests/helpers/bridge.ts;docs/owned-agent-discovery.md;plans/reports/implementer-260905-native-release-integration.md;plans/reports/260905-projects-release-integration.md;plans/reports/implementer-260905-desktop-message-notification-huddle-ports.md;/tmp/crew-profile-agent-final-tests.log;plans/reports/reviewer-260905-coverage-audit.md;plans/reports/reviewer-20260905-final-desktop-reconciliation.md,"Final-source audit: 19 target-exact, 13 adapted, 0 intentional Crew/mapped paths. Native tests 3431 passed, 19 ignored; clippy passed. 69 focused project tests passed; final renderer gate tracked by coordinator. 1374 message tests and 193 focused integration tests passed at report snapshot. 1170 scoped profile/agent tests passed; scoped TypeScript clean. Source coverage and local just ci/dependency-policy gates passed; 10k browser smoke passed; PR #342 Gate/manual passed on 0ef5491f; whole CI cancelled after smoke 3/4 timeouts with failures. Later repairs have local validation; PR342 checks are canonical remote evidence and full NuncioCrew CI including all desktop smoke shards and manual upstream compatibility must pass on the exact head at merge."
171,83e596298449ab1cb57481221d0e41ce69e52814,fix(desktop): keep explicit agent profiles bound to their exact key (#7131),01-toolchain-ci-docs;03-managed-agents;04-desktop,integrate final released behavior,13,desktop/playwright.config.ts;desktop/src/features/agents/AGENTS.md;desktop/src/features/agents/lib/pickProfileAgent.test.mjs;desktop/src/features/agents/lib/pickProfileAgent.ts;desktop/src/features/profile/lib/resolveCanonicalManagedAgent.test.mjs;desktop/src/features/profile/lib/useCanonicalManagedAgentProfile.test.mjs;desktop/src/features/profile/lib/useCanonicalManagedAgentProfile.ts;desktop/src/features/profile/lib/useOwnedManagedAgentPersonaId.test.mjs;desktop/src/features/profile/lib/useOwnedManagedAgentPersonaId.ts;desktop/src/features/profile/ui/UserProfilePanel.tsx;desktop/tests/e2e/exact-key-profile.spec.ts;desktop/tests/e2e/profile.spec.ts;docs/agent-profile-identity.md,adapted,Final 0.5.22 source for fix(desktop): keep explicit agent profiles bound to their exact key is accounted for at the current paths below. Shared files retain Crew extensions or use existing Crew integration seams; supporting review evidence is attached.,desktop/playwright.config.ts;desktop/src/features/agents/AGENTS.md;desktop/src/features/agents/lib/pickProfileAgent.test.mjs;desktop/src/features/agents/lib/pickProfileAgent.ts;desktop/src/features/profile/lib/resolveCanonicalManagedAgent.test.mjs;desktop/src/features/profile/lib/useCanonicalManagedAgentProfile.test.mjs;desktop/src/features/profile/lib/useCanonicalManagedAgentProfile.ts;final-target-deleted:desktop/src/features/profile/lib/useOwnedManagedAgentPersonaId.test.mjs;final-target-deleted:desktop/src/features/profile/lib/useOwnedManagedAgentPersonaId.ts;desktop/src/features/profile/ui/UserProfilePanel.tsx;desktop/tests/e2e/exact-key-profile.spec.ts;desktop/tests/e2e/profile.spec.ts;docs/agent-profile-identity.md;/tmp/crew-profile-agent-final-tests.log;plans/reports/reviewer-260905-coverage-audit.md;plans/reports/reviewer-20260905-final-desktop-reconciliation.md,"Final-source audit: 9 target-exact, 4 adapted, 0 intentional Crew/mapped paths. 1170 scoped profile/agent tests passed; scoped TypeScript clean. Source coverage and local just ci/dependency-policy gates passed; 10k browser smoke passed; PR #342 Gate/manual passed on 0ef5491f; whole CI cancelled after smoke 3/4 timeouts with failures. Later repairs have local validation; PR342 checks are canonical remote evidence and full NuncioCrew CI including all desktop smoke shards and manual upstream compatibility must pass on the exact head at merge."
172,91ab9d31b8f7249ff1db141ae9d8bb3f2a20bcdd,Add operation-aware database pool acquisition metrics (#7195),01-toolchain-ci-docs;02-shared-substrate,integrate final released behavior,38,crates/buzz-db/src/lib.rs;crates/buzz-db/src/runtime/migration.rs;crates/buzz-db/src/runtime/mod.rs;crates/buzz-db/src/runtime/observability.rs;crates/buzz-db/src/runtime/replica_fence.rs;crates/buzz-db/src/runtime/tests.rs;crates/buzz-db/src/store/allowlist.rs;crates/buzz-db/src/store/archived_identities.rs;crates/buzz-db/src/store/channel.rs;crates/buzz-db/src/store/channel_members.rs;crates/buzz-db/src/store/community.rs;crates/buzz-db/src/store/deletion.rs;crates/buzz-db/src/store/event.rs;crates/buzz-db/src/store/feed.rs;crates/buzz-db/src/store/git_repo.rs;crates/buzz-db/src/store/moderation.rs;crates/buzz-db/src/store/partition.rs;crates/buzz-db/src/store/push.rs;crates/buzz-db/src/store/reaction.rs;crates/buzz-db/src/store/relay_invite.rs;crates/buzz-db/src/store/relay_members.rs;crates/buzz-db/src/store/relay_operators.rs;crates/buzz-db/src/store/replaceable.rs;crates/buzz-db/src/store/thread.rs;crates/buzz-db/src/store/usage.rs;crates/buzz-db/src/store/user.rs;crates/buzz-db/tests/observability_source.rs;crates/buzz-relay/src/api/mod.rs;crates/buzz-relay/src/handlers/command_executor.rs;crates/buzz-relay/src/handlers/community_provisioning.rs;crates/buzz-relay/src/handlers/ingest.rs;crates/buzz-relay/src/handlers/side_effects.rs;crates/buzz-relay/src/main.rs;crates/buzz-relay/src/metrics.rs;crates/buzz-relay/src/readiness.rs;crates/buzz-relay/src/state.rs;crates/buzz-relay/src/workflow_sink.rs;deploy/charts/buzz/README.md,adapted,Final 0.5.22 source for Add operation-aware database pool acquisition metrics is accounted for at the current paths below. Shared files retain Crew extensions or use existing Crew integration seams; supporting review evidence is attached. Final strict observability guard also identified Crew-specific write-path attribution gaps: workflow_sink uses event-write read helpers and batched huddle_started_links acquires the Authorization writer role without changing SQL or empty-input behavior.,crates/buzz-db/src/lib.rs;crates/buzz-db/src/runtime/migration.rs;crates/buzz-db/src/runtime/mod.rs;crates/buzz-db/src/runtime/observability.rs;crates/buzz-db/src/runtime/replica_fence.rs;crates/buzz-db/src/runtime/tests.rs;crates/buzz-db/src/store/allowlist.rs;crates/buzz-db/src/store/archived_identities.rs;crates/buzz-db/src/store/channel.rs;crates/buzz-db/src/store/channel_members.rs;crates/buzz-db/src/store/community.rs;crates/buzz-db/src/store/deletion.rs;crates/buzz-db/src/store/event.rs;crates/buzz-db/src/store/feed.rs;crates/buzz-db/src/store/git_repo.rs;crates/buzz-db/src/store/moderation.rs;crates/buzz-db/src/store/partition.rs;crates/buzz-db/src/store/push.rs;crates/buzz-db/src/store/reaction.rs;crates/buzz-db/src/store/relay_invite.rs;crates/buzz-db/src/store/relay_members.rs;crates/buzz-db/src/store/relay_operators.rs;crates/buzz-db/src/store/replaceable.rs;crates/buzz-db/src/store/thread.rs;crates/buzz-db/src/store/usage.rs;crates/buzz-db/src/store/user.rs;crates/buzz-db/tests/observability_source.rs;crates/buzz-relay/src/api/mod.rs;crates/buzz-relay/src/handlers/command_executor.rs;crates/buzz-relay/src/handlers/community_provisioning.rs;crates/buzz-relay/src/handlers/ingest.rs;crates/buzz-relay/src/handlers/side_effects.rs;crates/buzz-relay/src/main.rs;crates/buzz-relay/src/metrics.rs;crates/buzz-relay/src/readiness.rs;crates/buzz-relay/src/state.rs;crates/buzz-relay/src/workflow_sink.rs;deploy/charts/buzz/README.md;plans/reports/260905-substrate-integration.md;plans/reports/implementer-260905-supporting-source-ports.md;plans/reports/reviewer-260905-coverage-audit.md;plans/reports/tester-260905-full-integration-gate.md,"Final-source audit: 23 target-exact, 15 adapted, 0 intentional Crew/mapped paths. 272 committed isolated PostgreSQL tests passed. Relay integration and isolated PostgreSQL regressions recorded in substrate evidence. Helm 47 tests across 9 suites plus lint/render and push release-contract passed. Source coverage and local just ci/dependency-policy gates passed; 10k browser smoke passed; PR #342 Gate/manual passed on 0ef5491f; whole CI cancelled after smoke 3/4 timeouts with failures. Later repairs have local validation; PR342 checks are canonical remote evidence and full NuncioCrew CI including all desktop smoke shards and manual upstream compatibility must pass on the exact head at merge. Follow-up compile and strict attribution guard passed; full PostgreSQL lane 379 passed. No guard weakened; see tester-260905-full-integration-gate.md."
173,b6dc533b7c2aadb70a8f011a88a5bd2f06d800f2,fix(composer): align wrapped inline chip fragments (#7242),04-desktop,integrate final released behavior,2,desktop/src/shared/styles/globals/composer.css;desktop/tests/e2e/mentions.spec.ts,adapted,Final 0.5.22 source for fix(composer): align wrapped inline chip fragments is accounted for at the current paths below. Shared files retain Crew extensions or use existing Crew integration seams; supporting review evidence is attached.,desktop/src/shared/styles/globals/composer.css;desktop/tests/e2e/mentions.spec.ts;plans/reports/reviewer-260905-coverage-audit.md;plans/reports/reviewer-20260905-final-desktop-reconciliation.md,"Final-source audit: 0 target-exact, 2 adapted, 0 intentional Crew/mapped paths. Source coverage and local just ci/dependency-policy gates passed; 10k browser smoke passed; PR #342 Gate/manual passed on 0ef5491f; whole CI cancelled after smoke 3/4 timeouts with failures. Later repairs have local validation; PR342 checks are canonical remote evidence and full NuncioCrew CI including all desktop smoke shards and manual upstream compatibility must pass on the exact head at merge."
174,187df22252fa24cce2f3295fb9df9f4dc211b30a,docs(nip-fi): adopt deny-until-TTL and extend enforcement to HTTP ingress (#7254),02-shared-protocol-web,integrate final released behavior,1,docs/nips/NIP-FI.md,ported,Final 0.5.22 source for docs(nip-fi): adopt deny-until-TTL and extend enforcement to HTTP ingress is accounted for at the current paths below. Every listed path matches the final target bytes (including final target deletions).,docs/nips/NIP-FI.md;plans/reports/reviewer-260905-coverage-audit.md,"Final-source audit: 1 target-exact, 0 adapted, 0 intentional Crew/mapped paths. Source coverage and local just ci/dependency-policy gates passed; 10k browser smoke passed; PR #342 Gate/manual passed on 0ef5491f; whole CI cancelled after smoke 3/4 timeouts with failures. Later repairs have local validation; PR342 checks are canonical remote evidence and full NuncioCrew CI including all desktop smoke shards and manual upstream compatibility must pass on the exact head at merge."
175,6f6093243eaea5160db79b7e054f06dfffd207aa,fix(desktop): harden profile batch and thread-reply fetches against relay slowness (#7188),04-desktop,integrate final released behavior,10,desktop/src/features/channels/ui/ChannelScreen.tsx;desktop/src/features/messages/useThreadReplies.test.mjs;desktop/src/features/messages/useThreadReplies.ts;desktop/src/features/profile/hooks.ts;desktop/src/features/profile/profileBatchResilience.test.mjs;desktop/src/shared/api/relayClientSession.ts;desktop/src/shared/api/relayClientShared.ts;desktop/src/shared/api/relayClosedRecovery.test.mjs;desktop/src/shared/api/relayClosedRecovery.ts;desktop/src/shared/api/relayGateBoundary.ts,adapted,Final 0.5.22 source for fix(desktop): harden profile batch and thread-reply fetches against relay slowness is accounted for at the current paths below. Shared files retain Crew extensions or use existing Crew integration seams; supporting review evidence is attached.,desktop/src/features/channels/ui/ChannelScreen.tsx;desktop/src/features/messages/useThreadReplies.test.mjs;desktop/src/features/messages/useThreadReplies.ts;desktop/src/features/profile/hooks.ts;desktop/src/features/profile/profileBatchResilience.test.mjs;desktop/src/shared/api/relayClientSession.ts;desktop/src/shared/api/relayClientShared.ts;desktop/src/shared/api/relayClosedRecovery.test.mjs;desktop/src/shared/api/relayClosedRecovery.ts;desktop/src/shared/api/relayGateBoundary.ts;plans/reports/implementer-260905-desktop-message-notification-huddle-ports.md;/tmp/crew-profile-agent-final-tests.log;plans/reports/reviewer-260905-coverage-audit.md;plans/reports/reviewer-20260905-final-desktop-reconciliation.md,"Final-source audit: 4 target-exact, 6 adapted, 0 intentional Crew/mapped paths. 1374 message tests and 193 focused integration tests passed at report snapshot. 1170 scoped profile/agent tests passed; scoped TypeScript clean. Source coverage and local just ci/dependency-policy gates passed; 10k browser smoke passed; PR #342 Gate/manual passed on 0ef5491f; whole CI cancelled after smoke 3/4 timeouts with failures. Later repairs have local validation; PR342 checks are canonical remote evidence and full NuncioCrew CI including all desktop smoke shards and manual upstream compatibility must pass on the exact head at merge."
176,ac5a18697c8294e9237f505a2e01ec6fc374849a,feat(desktop): add persistent Bestie experience (#7223),03-managed-agents;04-desktop,integrate gated product code,43,desktop/.env.e2e;desktop/playwright.config.ts;desktop/src-tauri/src/commands/agents.rs;desktop/src-tauri/src/commands/agents_tests.rs;desktop/src-tauri/src/commands/bestie.rs;desktop/src-tauri/src/commands/dms.rs;desktop/src-tauri/src/commands/mod.rs;desktop/src-tauri/src/lib.rs;desktop/src-tauri/src/managed_agents/bestie_assignment.rs;desktop/src-tauri/src/managed_agents/mod.rs;desktop/src-tauri/src/managed_agents/restore.rs;desktop/src/app/AppShell.tsx;desktop/src/features/agents/ui/AgentIdentityCard.tsx;desktop/src/features/agents/ui/UnifiedAgentsSection.tsx;desktop/src/features/messages/ui/MessageActionBar.tsx;desktop/src/features/messages/ui/TimelineMessageList.tsx;desktop/src/features/profile/ui/UserProfileAgentManagementRows.tsx;desktop/src/features/profile/ui/UserProfilePanelTabs.tsx;desktop/src/features/sidebar/ui/AppSidebar.tsx;desktop/src/features/sidebar/ui/AppSidebarPinnedHeader.tsx;desktop/src/protectedFeatures/bestie/BestieCardBadge.tsx;desktop/src/protectedFeatures/bestie/BestieGlobalOverlay.tsx;desktop/src/protectedFeatures/bestie/BestieMessageAction.tsx;desktop/src/protectedFeatures/bestie/BestiePopover.tsx;desktop/src/protectedFeatures/bestie/BestieProfileSection.tsx;desktop/src/protectedFeatures/bestie/BestieSidebarEntry.tsx;desktop/src/protectedFeatures/bestie/BloomMenu.tsx;desktop/src/protectedFeatures/bestie/api.ts;desktop/src/protectedFeatures/bestie/bestieMessageContext.test.mjs;desktop/src/protectedFeatures/bestie/bestieMessageContext.ts;desktop/src/protectedFeatures/bestie/filterBestieDmChannels.test.mjs;desktop/src/protectedFeatures/bestie/filterBestieDmChannels.ts;desktop/src/protectedFeatures/bestie/findAssignedLocalAgent.test.mjs;desktop/src/protectedFeatures/bestie/findAssignedLocalAgent.ts;desktop/src/protectedFeatures/bestie/useBestie.ts;desktop/src/protectedFeatures/internalUi.ts;desktop/src/protectedFeatures/publicUi.ts;desktop/src/shared/ui/UserAvatar.tsx;desktop/src/testing/e2eBridge.ts;desktop/test-loader-hooks.mjs;desktop/tests/e2e/bestie.spec.ts;desktop/tsconfig.json;desktop/vite.config.ts,adapted,"Import persistent Bestie behavior and released E2E build flag VITE_BUZZ_BESTIE=1; production opt-in, Crew navigation and personal settings remain unchanged.",desktop/.env.e2e;desktop/playwright.config.ts;desktop/src-tauri/src/commands/agents.rs;desktop/src-tauri/src/commands/agents_tests.rs;desktop/src-tauri/src/commands/bestie.rs;desktop/src-tauri/src/commands/dms.rs;desktop/src-tauri/src/commands/mod.rs;desktop/src-tauri/src/lib.rs;desktop/src-tauri/src/managed_agents/bestie_assignment.rs;desktop/src-tauri/src/managed_agents/mod.rs;desktop/src-tauri/src/managed_agents/restore.rs;desktop/src/app/AppShell.tsx;desktop/src/features/agents/ui/AgentIdentityCard.tsx;desktop/src/features/agents/ui/UnifiedAgentsSection.tsx;desktop/src/features/messages/ui/MessageActionBar.tsx;desktop/src/features/messages/ui/TimelineMessageList.tsx;desktop/src/features/profile/ui/UserProfileAgentManagementRows.tsx;desktop/src/features/profile/ui/UserProfilePanelTabs.tsx;desktop/src/features/sidebar/ui/AppSidebar.tsx;desktop/src/features/sidebar/ui/AppSidebarPinnedHeader.tsx;desktop/src/protectedFeatures/bestie/BestieCardBadge.tsx;desktop/src/protectedFeatures/bestie/BestieGlobalOverlay.tsx;desktop/src/protectedFeatures/bestie/BestieMessageAction.tsx;desktop/src/protectedFeatures/bestie/BestiePopover.tsx;desktop/src/protectedFeatures/bestie/BestieProfileSection.tsx;desktop/src/protectedFeatures/bestie/BestieSidebarEntry.tsx;desktop/src/protectedFeatures/bestie/BloomMenu.tsx;desktop/src/protectedFeatures/bestie/api.ts;desktop/src/protectedFeatures/bestie/bestieMessageContext.test.mjs;desktop/src/protectedFeatures/bestie/bestieMessageContext.ts;desktop/src/protectedFeatures/bestie/filterBestieDmChannels.test.mjs;desktop/src/protectedFeatures/bestie/filterBestieDmChannels.ts;desktop/src/protectedFeatures/bestie/findAssignedLocalAgent.test.mjs;desktop/src/protectedFeatures/bestie/findAssignedLocalAgent.ts;desktop/src/protectedFeatures/bestie/useBestie.ts;desktop/src/protectedFeatures/internalUi.ts;desktop/src/protectedFeatures/publicUi.ts;desktop/src/shared/ui/UserAvatar.tsx;desktop/src/testing/e2eBridge.ts;desktop/test-loader-hooks.mjs;desktop/tests/e2e/bestie.spec.ts;desktop/tsconfig.json;desktop/vite.config.ts;plans/reports/implementer-260905-native-release-integration.md;plans/reports/implementer-260905-desktop-message-notification-huddle-ports.md;/tmp/crew-profile-agent-final-tests.log;plans/reports/reviewer-260905-coverage-audit.md;plans/reports/reviewer-20260905-final-desktop-reconciliation.md,"Final-source audit: 24 target-exact, 19 adapted, 0 intentional Crew/mapped paths. Native tests 3431 passed, 19 ignored; clippy passed. 1374 message tests and 193 focused integration tests passed at report snapshot. 1170 scoped profile/agent tests passed; scoped TypeScript clean. Source coverage and local just ci/dependency-policy gates passed; 10k browser smoke passed; PR #342 Gate/manual passed on 0ef5491f; whole CI cancelled after smoke 3/4 timeouts with failures. Later repairs have local validation; PR342 checks are canonical remote evidence and full NuncioCrew CI including all desktop smoke shards and manual upstream compatibility must pass on the exact head at merge."
177,47d068e2109d077414cbf2f4f1c927f6d051037a,feat(cli): add buzz gifs command group and NIP-30 emoji tags on messages (#7259),01-toolchain-ci-docs;03-agent-runtime,integrate final released behavior,11,crates/buzz-acp/src/pool.rs;crates/buzz-acp/src/setup_mode.rs;crates/buzz-cli/README.md;crates/buzz-cli/src/client.rs;crates/buzz-cli/src/commands/emoji.rs;crates/buzz-cli/src/commands/gifs.rs;crates/buzz-cli/src/commands/messages.rs;crates/buzz-cli/src/commands/mod.rs;crates/buzz-cli/src/lib.rs;crates/buzz-sdk/src/builders.rs;examples/countdown-bot/src/main.rs,adapted,Final 0.5.22 source for feat(cli): add buzz gifs command group and NIP-30 emoji tags on messages is accounted for at the current paths below. Shared files retain Crew extensions or use existing Crew integration seams; supporting review evidence is attached.,crates/buzz-acp/src/pool.rs;crates/buzz-acp/src/setup_mode.rs;crates/buzz-cli/README.md;crates/buzz-cli/src/client.rs;crates/buzz-cli/src/commands/emoji.rs;crates/buzz-cli/src/commands/gifs.rs;crates/buzz-cli/src/commands/messages.rs;crates/buzz-cli/src/commands/mod.rs;crates/buzz-cli/src/lib.rs;crates/buzz-sdk/src/builders.rs;examples/countdown-bot/src/main.rs;plans/reports/implementer-260905-acp-priority-ports.md;plans/reports/implementer-260905-supporting-source-ports.md;plans/reports/reviewer-260905-coverage-audit.md,"Final-source audit: 5 target-exact, 6 adapted, 0 intentional Crew/mapped paths. 1175 ACP library tests, 14 integration tests, 6 PostgreSQL regressions passed. Countdown bot cargo check passed. Source coverage and local just ci/dependency-policy gates passed; 10k browser smoke passed; PR #342 Gate/manual passed on 0ef5491f; whole CI cancelled after smoke 3/4 timeouts with failures. Later repairs have local validation; PR342 checks are canonical remote evidence and full NuncioCrew CI including all desktop smoke shards and manual upstream compatibility must pass on the exact head at merge."
178,c328202cb08cac5b8c1610d2d373e69889772b4e,docs(nip-fi): document Git smart-HTTP credential exemption (#7268),02-shared-protocol-web,integrate final released behavior,1,docs/nips/NIP-FI.md,ported,Final 0.5.22 source for docs(nip-fi): document Git smart-HTTP credential exemption is accounted for at the current paths below. Every listed path matches the final target bytes (including final target deletions).,docs/nips/NIP-FI.md;plans/reports/reviewer-260905-coverage-audit.md,"Final-source audit: 1 target-exact, 0 adapted, 0 intentional Crew/mapped paths. Source coverage and local just ci/dependency-policy gates passed; 10k browser smoke passed; PR #342 Gate/manual passed on 0ef5491f; whole CI cancelled after smoke 3/4 timeouts with failures. Later repairs have local validation; PR342 checks are canonical remote evidence and full NuncioCrew CI including all desktop smoke shards and manual upstream compatibility must pass on the exact head at merge."
179,44d19f59a593dfb541bf40dcadbed313ca4a8f97,fix(desktop): preserve spacing after multi-word mentions (#7128),01-toolchain-ci-docs;04-desktop,integrate final released behavior,6,AGENTS.md;desktop/playwright.config.ts;desktop/src/features/messages/lib/mentionHighlightExtension.test.mjs;desktop/src/features/messages/lib/mentionHighlightExtension.ts;desktop/tests/e2e/mention-spacing.spec.ts;docs/mention-editor.md,adapted,Final 0.5.22 source for fix(desktop): preserve spacing after multi-word mentions is accounted for at the current paths below. Shared files retain Crew extensions or use existing Crew integration seams; supporting review evidence is attached.,AGENTS.md;desktop/playwright.config.ts;desktop/src/features/messages/lib/mentionHighlightExtension.test.mjs;desktop/src/features/messages/lib/mentionHighlightExtension.ts;desktop/tests/e2e/mention-spacing.spec.ts;docs/mention-editor.md;plans/reports/implementer-260905-desktop-message-notification-huddle-ports.md;plans/reports/reviewer-260905-coverage-audit.md;plans/reports/reviewer-20260905-final-desktop-reconciliation.md,"Final-source audit: 2 target-exact, 4 adapted, 0 intentional Crew/mapped paths. 1374 message tests and 193 focused integration tests passed at report snapshot. Source coverage and local just ci/dependency-policy gates passed; 10k browser smoke passed; PR #342 Gate/manual passed on 0ef5491f; whole CI cancelled after smoke 3/4 timeouts with failures. Later repairs have local validation; PR342 checks are canonical remote evidence and full NuncioCrew CI including all desktop smoke shards and manual upstream compatibility must pass on the exact head at merge."
180,d5a73b9f35feaa81ef9afb13d1ec8943e8ec6ca9,fix(desktop): derive agent availability from relay presence (#7127),01-toolchain-ci-docs;03-agent-runtime;03-managed-agents;04-desktop,adapt availability projection,35,crates/buzz-agent/tests/common/mod.rs;crates/buzz-agent/tests/regressions.rs;desktop/playwright.config.ts;desktop/src-tauri/src/commands/profile.rs;desktop/src-tauri/src/commands/profile_presence_tests.rs;desktop/src/features/agents/AGENTS.md;desktop/src/features/agents/lib/managedAgentControlActions.ts;desktop/src/features/agents/lib/managedAgentDeletionAvailability.test.mjs;desktop/src/features/agents/lib/useAgentAvailability.test.mjs;desktop/src/features/agents/lib/useAgentAvailability.ts;desktop/src/features/agents/ui/AgentRuntimeAvatarControl.tsx;desktop/src/features/agents/ui/AgentsView.tsx;desktop/src/features/agents/ui/UnifiedAgentsSection.tsx;desktop/src/features/agents/ui/UnifiedAgentsSectionCardTarget.test.mjs;desktop/src/features/agents/ui/useManagedAgentActions.ts;desktop/src/features/channels/ui/MembersSidebar.tsx;desktop/src/features/channels/ui/MembersSidebarMemberCard.tsx;desktop/src/features/channels/ui/useMembersSidebarActions.ts;desktop/src/features/presence/hooks.ts;desktop/src/features/profile/ui/UserProfileAgentManagementRows.tsx;desktop/src/features/profile/ui/UserProfilePanel.tsx;desktop/src/features/profile/ui/UserProfilePanelDeletion.ts;desktop/src/features/profile/ui/UserProfilePanelSections.tsx;desktop/src/features/profile/ui/UserProfilePopover.tsx;desktop/src/features/profile/ui/UserProfilePrimaryActions.tsx;desktop/src/features/profile/ui/useAgentLifecycleActions.ts;desktop/src/testing/e2eBridge.ts;desktop/tests/e2e/agent-availability.spec.ts;desktop/tests/e2e/agent-error-state-screenshots.spec.ts;desktop/tests/e2e/agents.spec.ts;desktop/tests/e2e/channels.spec.ts;desktop/tests/e2e/onboarding.spec.ts;desktop/tests/e2e/profile.spec.ts;desktop/tests/helpers/welcomeTeam.ts;docs/agent-availability.md,adapted,Port relay-derived availability; preserve authorized Start/Restart when Online/Away because one logical agent may serve many independent threads.,crates/buzz-agent/tests/common/mod.rs;crates/buzz-agent/tests/regressions.rs;desktop/playwright.config.ts;desktop/src-tauri/src/commands/profile.rs;desktop/src-tauri/src/commands/profile_presence_tests.rs;desktop/src/features/agents/AGENTS.md;desktop/src/features/agents/lib/managedAgentControlActions.ts;desktop/src/features/agents/lib/managedAgentDeletionAvailability.test.mjs;desktop/src/features/agents/lib/useAgentAvailability.test.mjs;desktop/src/features/agents/lib/useAgentAvailability.ts;desktop/src/features/agents/ui/AgentRuntimeAvatarControl.tsx;desktop/src/features/agents/ui/AgentsView.tsx;desktop/src/features/agents/ui/UnifiedAgentsSection.tsx;desktop/src/features/agents/ui/UnifiedAgentsSectionCardTarget.test.mjs;desktop/src/features/agents/ui/useManagedAgentActions.ts;desktop/src/features/channels/ui/MembersSidebar.tsx;desktop/src/features/channels/ui/MembersSidebarMemberCard.tsx;desktop/src/features/channels/ui/useMembersSidebarActions.ts;desktop/src/features/presence/hooks.ts;desktop/src/features/profile/ui/UserProfileAgentManagementRows.tsx;desktop/src/features/profile/ui/UserProfilePanel.tsx;desktop/src/features/profile/ui/UserProfilePanelDeletion.ts;desktop/src/features/profile/ui/UserProfilePanelSections.tsx;desktop/src/features/profile/ui/UserProfilePopover.tsx;desktop/src/features/profile/ui/UserProfilePrimaryActions.tsx;desktop/src/features/profile/ui/useAgentLifecycleActions.ts;desktop/src/testing/e2eBridge.ts;desktop/tests/e2e/agent-availability.spec.ts;desktop/tests/e2e/agent-error-state-screenshots.spec.ts;desktop/tests/e2e/agents.spec.ts;desktop/tests/e2e/channels.spec.ts;desktop/tests/e2e/onboarding.spec.ts;desktop/tests/e2e/profile.spec.ts;desktop/tests/helpers/welcomeTeam.ts;docs/agent-availability.md;plans/reports/implementer-260905-native-release-integration.md;plans/reports/reviewer-260905-acp-release-integration.md;/tmp/crew-profile-agent-final-tests.log;plans/reports/reviewer-260905-coverage-audit.md;plans/reports/reviewer-20260905-final-desktop-reconciliation.md,"Final-source audit: 8 target-exact, 25 adapted, 2 intentional Crew/mapped paths. Native tests 3431 passed, 19 ignored; clippy passed. ACP/agent permission and telemetry integration independently reviewed. 1170 scoped profile/agent tests passed; scoped TypeScript clean. Source coverage and local just ci/dependency-policy gates passed; 10k browser smoke passed; PR #342 Gate/manual passed on 0ef5491f; whole CI cancelled after smoke 3/4 timeouts with failures. Later repairs have local validation; PR342 checks are canonical remote evidence and full NuncioCrew CI including all desktop smoke shards and manual upstream compatibility must pass on the exact head at merge."
181,5073e075d7e7d95558c57f24d86d5db6196491c4,fix(desktop): unify owned-agent cloud provenance markers (#7129),01-toolchain-ci-docs;03-managed-agents;04-desktop,integrate final released behavior,32,desktop/playwright.config.ts;desktop/src/features/agents/AGENTS.md;desktop/src/features/agents/lib/otherSetupAgent.test.mjs;desktop/src/features/agents/lib/otherSetupAgent.ts;desktop/src/features/agents/ui/OtherSetupAgentMarker.tsx;desktop/src/features/agents/useKnownAgentPubkeys.test.mjs;desktop/src/features/agents/useKnownAgentPubkeys.tsx;desktop/src/features/channels/ui/AddMemberSearchResultRow.tsx;desktop/src/features/channels/ui/ChannelScreenHeader.tsx;desktop/src/features/channels/ui/MembersSidebar.tsx;desktop/src/features/channels/ui/MembersSidebarMemberCard.tsx;desktop/src/features/messages/lib/buildMentionCandidates.test.mjs;desktop/src/features/messages/lib/buildMentionCandidates.ts;desktop/src/features/messages/lib/mentionSuggestionMapping.ts;desktop/src/features/messages/ui/ComposerAddressControls.tsx;desktop/src/features/messages/ui/MentionAutocomplete.test.mjs;desktop/src/features/messages/ui/MentionAutocomplete.tsx;desktop/src/features/messages/ui/MessageAgentAddressPrefix.tsx;desktop/src/features/messages/ui/MessageHeader.tsx;desktop/src/features/messages/ui/MessageRow.tsx;desktop/src/features/messages/ui/NewMessageResultRow.tsx;desktop/src/features/messages/ui/SystemMessageRow.tsx;desktop/src/features/profile/ui/UserProfilePanel.tsx;desktop/src/features/profile/ui/UserProfilePanelHeaderContent.tsx;desktop/src/features/profile/ui/UserProfilePanelSections.tsx;desktop/src/features/profile/ui/UserProfilePopover.tsx;desktop/src/features/sidebar/ui/SidebarSection.tsx;desktop/src/shared/ui/markdown.tsx;desktop/src/shared/ui/markdown/MarkdownMention.tsx;desktop/tests/e2e/cloud-provenance.spec.ts;desktop/tests/e2e/mentions.spec.ts;docs/agent-management-provenance.md,adapted,Import owned-agent cloud provenance markers and docs; preserve explicit runtime/profile ownership for Hermes and Crew instances.,desktop/playwright.config.ts;desktop/src/features/agents/AGENTS.md;desktop/src/features/agents/lib/otherSetupAgent.test.mjs;desktop/src/features/agents/lib/otherSetupAgent.ts;desktop/src/features/agents/ui/OtherSetupAgentMarker.tsx;desktop/src/features/agents/useKnownAgentPubkeys.test.mjs;desktop/src/features/agents/useKnownAgentPubkeys.tsx;desktop/src/features/channels/ui/AddMemberSearchResultRow.tsx;desktop/src/features/channels/ui/ChannelScreenHeader.tsx;desktop/src/features/channels/ui/MembersSidebar.tsx;desktop/src/features/channels/ui/MembersSidebarMemberCard.tsx;desktop/src/features/messages/lib/buildMentionCandidates.test.mjs;desktop/src/features/messages/lib/buildMentionCandidates.ts;desktop/src/features/messages/lib/mentionSuggestionMapping.ts;desktop/src/features/messages/ui/ComposerAddressControls.tsx;desktop/src/features/messages/ui/MentionAutocomplete.test.mjs;desktop/src/features/messages/ui/MentionAutocomplete.tsx;desktop/src/features/messages/ui/MessageAgentAddressPrefix.tsx;desktop/src/features/messages/ui/MessageHeader.tsx;desktop/src/features/messages/ui/MessageRow.tsx;desktop/src/features/messages/ui/NewMessageResultRow.tsx;desktop/src/features/messages/ui/SystemMessageRow.tsx;desktop/src/features/profile/ui/UserProfilePanel.tsx;desktop/src/features/profile/ui/UserProfilePanelHeaderContent.tsx;desktop/src/features/profile/ui/UserProfilePanelSections.tsx;desktop/src/features/profile/ui/UserProfilePopover.tsx;desktop/src/features/sidebar/ui/SidebarSection.tsx;desktop/src/shared/ui/markdown.tsx;desktop/src/shared/ui/markdown/MarkdownMention.tsx;desktop/tests/e2e/cloud-provenance.spec.ts;desktop/tests/e2e/mentions.spec.ts;docs/agent-management-provenance.md;plans/reports/implementer-260905-desktop-message-notification-huddle-ports.md;/tmp/crew-profile-agent-final-tests.log;plans/reports/reviewer-260905-coverage-audit.md;plans/reports/reviewer-20260905-final-desktop-reconciliation.md,"Final-source audit: 9 target-exact, 23 adapted, 0 intentional Crew/mapped paths. 1374 message tests and 193 focused integration tests passed at report snapshot. 1170 scoped profile/agent tests passed; scoped TypeScript clean. Source coverage and local just ci/dependency-policy gates passed; 10k browser smoke passed; PR #342 Gate/manual passed on 0ef5491f; whole CI cancelled after smoke 3/4 timeouts with failures. Later repairs have local validation; PR342 checks are canonical remote evidence and full NuncioCrew CI including all desktop smoke shards and manual upstream compatibility must pass on the exact head at merge."
182,40220d5618fc7dbe06421f358053ca77ed0f67d7,perf(desktop): publish mention sends before waking agents (#7154),03-agent-runtime;03-managed-agents;04-desktop,adapt publish then wake,32,crates/buzz-acp/src/config.rs;crates/buzz-acp/src/lib.rs;desktop/src-tauri/src/app_state.rs;desktop/src-tauri/src/app_state_accessors.rs;desktop/src-tauri/src/commands/agent_discovery/relay_directory.rs;desktop/src-tauri/src/commands/agents.rs;desktop/src-tauri/src/commands/agents/provider_access.rs;desktop/src-tauri/src/commands/agents/provider_deploy.rs;desktop/src-tauri/src/commands/agents_create_fields.rs;desktop/src-tauri/src/commands/identity_archive.rs;desktop/src-tauri/src/commands/personas/inbound.rs;desktop/src-tauri/src/managed_agents/restore.rs;desktop/src-tauri/src/managed_agents/runtime.rs;desktop/src-tauri/src/managed_agents/runtime/metadata.rs;desktop/src-tauri/src/managed_agents/runtime/setup_payload.rs;desktop/src-tauri/src/managed_agents/runtime_commands.rs;desktop/src/features/agents/channelAgents.accessPolicy.test.mjs;desktop/src/features/agents/channelAgents.ts;desktop/src/features/agents/hooks.ts;desktop/src/features/communities/useCommunityInit.ts;desktop/src/features/messages/lib/detachedToastScope.ts;desktop/src/features/messages/ui/useDetachedAgentStart.test.mjs;desktop/src/features/messages/ui/useDetachedAgentStart.ts;desktop/src/features/messages/ui/useEnsureAgentMentionsReady.test.mjs;desktop/src/features/messages/ui/useEnsureAgentMentionsReady.ts;desktop/src/features/messages/ui/useMentionSendFlow.helpers.ts;desktop/src/features/messages/ui/useMentionSendFlow.ts;desktop/src/shared/api/tauriManagedAgents.ts;desktop/src/testing/e2eBridge.ts;desktop/tests/e2e/channels.spec.ts;desktop/tests/e2e/mentions.spec.ts;desktop/tests/helpers/bridge.ts,adapted,"Publish mention sends before waking agents while preserving frozen workspace metadata, explicit audience, enqueue-time replay floor and failed-publish ownership checks. Native accessor implementation uses existing app-state-accessors.rs.",crates/buzz-acp/src/config.rs;crates/buzz-acp/src/lib.rs;desktop/src-tauri/src/app_state.rs;desktop/src-tauri/src/app-state-accessors.rs;desktop/src-tauri/src/commands/agent_discovery/relay_directory.rs;desktop/src-tauri/src/commands/agents.rs;desktop/src-tauri/src/commands/agents/provider_access.rs;desktop/src-tauri/src/commands/agents/provider_deploy.rs;desktop/src-tauri/src/commands/agents_create_fields.rs;desktop/src-tauri/src/commands/identity_archive.rs;desktop/src-tauri/src/commands/personas/inbound.rs;desktop/src-tauri/src/managed_agents/restore.rs;desktop/src-tauri/src/managed_agents/runtime.rs;desktop/src-tauri/src/managed_agents/runtime/metadata.rs;desktop/src-tauri/src/managed_agents/runtime/setup_payload.rs;desktop/src-tauri/src/managed_agents/runtime_commands.rs;desktop/src/features/agents/channelAgents.accessPolicy.test.mjs;desktop/src/features/agents/channelAgents.ts;desktop/src/features/agents/hooks.ts;desktop/src/features/communities/useCommunityInit.ts;desktop/src/features/messages/lib/detachedToastScope.ts;desktop/src/features/messages/ui/useDetachedAgentStart.test.mjs;desktop/src/features/messages/ui/useDetachedAgentStart.ts;desktop/src/features/messages/ui/useEnsureAgentMentionsReady.test.mjs;desktop/src/features/messages/ui/useEnsureAgentMentionsReady.ts;desktop/src/features/messages/ui/useMentionSendFlow.helpers.ts;desktop/src/features/messages/ui/useMentionSendFlow.ts;desktop/src/shared/api/tauriManagedAgents.ts;desktop/src/testing/e2eBridge.ts;desktop/tests/e2e/channels.spec.ts;desktop/tests/e2e/mentions.spec.ts;desktop/tests/helpers/bridge.ts;plans/reports/implementer-260905-native-release-integration.md;plans/reports/implementer-260905-desktop-message-notification-huddle-ports.md;plans/reports/implementer-260905-acp-priority-ports.md;/tmp/crew-profile-agent-final-tests.log;plans/reports/reviewer-260905-coverage-audit.md;plans/reports/reviewer-20260905-final-desktop-reconciliation.md,"Final-source audit: 10 target-exact, 21 adapted, 1 intentional Crew/mapped paths. Native tests 3431 passed, 19 ignored; clippy passed. 1374 message tests and 193 focused integration tests passed at report snapshot. 1175 ACP library tests, 14 integration tests, 6 PostgreSQL regressions passed. 1170 scoped profile/agent tests passed; scoped TypeScript clean. Source coverage and local just ci/dependency-policy gates passed; 10k browser smoke passed; PR #342 Gate/manual passed on 0ef5491f; whole CI cancelled after smoke 3/4 timeouts with failures. Later repairs have local validation; PR342 checks are canonical remote evidence and full NuncioCrew CI including all desktop smoke shards and manual upstream compatibility must pass on the exact head at merge."
183,6f5ec4a731901bf3ff2a370c7ccbfbc3fba93368,Add mobile voice notes (#7121),04-mobile,integrate final released behavior,43,mobile/android/app/src/main/kotlin/xyz/block/buzz/mobile/AndroidVoiceNotePackager.kt;mobile/android/app/src/main/kotlin/xyz/block/buzz/mobile/MainActivity.kt;mobile/ios/Podfile.lock;mobile/ios/Runner.xcodeproj/project.pbxproj;mobile/ios/Runner/AppDelegate.swift;mobile/ios/Runner/ConcentricSheetSurface.swift;mobile/ios/Runner/Info.plist;mobile/ios/Runner/MP4Canonicalizer.swift;mobile/ios/Runner/NativeAttachmentPopover.swift;mobile/ios/Runner/NativeAttachmentPopoverCoordinator.swift;mobile/ios/Runner/NativeAttachmentPopoverMenu.swift;mobile/ios/Runner/VoiceNotePackager.swift;mobile/ios/RunnerTests/RunnerTests.swift;mobile/lib/app.dart;mobile/lib/features/channels/compose_bar.dart;mobile/lib/features/channels/compose_bar/attachments.dart;mobile/lib/features/channels/compose_bar/compose_bar_widget.dart;mobile/lib/features/channels/compose_bar/dock.dart;mobile/lib/features/channels/compose_bar/draft_lifecycle.dart;mobile/lib/features/channels/compose_bar/helpers.dart;mobile/lib/features/channels/compose_bar/ios_attachment_popover.dart;mobile/lib/features/channels/compose_bar/layout.dart;mobile/lib/features/channels/compose_bar/voice_note.dart;mobile/lib/features/channels/message_content.dart;mobile/lib/features/channels/message_content/media_carousel.dart;mobile/lib/features/channels/message_media.dart;mobile/lib/features/channels/voice_note_attachment.dart;mobile/lib/features/channels/voice_note_composer_recorder.dart;mobile/lib/features/channels/voice_note_play_pause_icon.dart;mobile/lib/features/channels/voice_note_recording.dart;mobile/lib/features/channels/voice_note_waveform.dart;mobile/lib/shared/relay/media_upload.dart;mobile/lib/shared/relay/media_upload/helpers.dart;mobile/lib/shared/widgets/concentric_sheet_surface.dart;mobile/pubspec.lock;mobile/pubspec.yaml;mobile/test/features/channels/channel_detail_page_test.dart;mobile/test/features/channels/compose_bar_test.dart;mobile/test/features/channels/message_content_test.dart;mobile/test/features/channels/message_media_test.dart;mobile/test/features/channels/voice_note_recording_test.dart;mobile/test/shared/relay/media_upload_test.dart;mobile/test/shared/widgets/modal_presentation_test.dart,adapted,Final 0.5.22 source for Add mobile voice notes is accounted for at the current paths below. Shared files retain Crew extensions or use existing Crew integration seams; supporting review evidence is attached.,mobile/android/app/src/main/kotlin/xyz/block/buzz/mobile/AndroidVoiceNotePackager.kt;mobile/android/app/src/main/kotlin/xyz/block/buzz/mobile/MainActivity.kt;mobile/ios/Podfile.lock;mobile/ios/Runner.xcodeproj/project.pbxproj;mobile/ios/Runner/AppDelegate.swift;mobile/ios/Runner/ConcentricSheetSurface.swift;mobile/ios/Runner/Info.plist;mobile/ios/Runner/MP4Canonicalizer.swift;mobile/ios/Runner/NativeAttachmentPopover.swift;mobile/ios/Runner/NativeAttachmentPopoverCoordinator.swift;mobile/ios/Runner/NativeAttachmentPopoverMenu.swift;mobile/ios/Runner/VoiceNotePackager.swift;mobile/ios/RunnerTests/RunnerTests.swift;mobile/lib/app.dart;mobile/lib/features/channels/compose_bar.dart;mobile/lib/features/channels/compose_bar/attachments.dart;mobile/lib/features/channels/compose_bar/compose_bar_widget.dart;mobile/lib/features/channels/compose_bar/dock.dart;mobile/lib/features/channels/compose_bar/draft_lifecycle.dart;mobile/lib/features/channels/compose_bar/helpers.dart;mobile/lib/features/channels/compose_bar/ios_attachment_popover.dart;mobile/lib/features/channels/compose_bar/layout.dart;mobile/lib/features/channels/compose_bar/voice_note.dart;mobile/lib/features/channels/message_content.dart;mobile/lib/features/channels/message_content/media_carousel.dart;mobile/lib/features/channels/message_media.dart;mobile/lib/features/channels/voice_note_attachment.dart;mobile/lib/features/channels/voice_note_composer_recorder.dart;mobile/lib/features/channels/voice_note_play_pause_icon.dart;mobile/lib/features/channels/voice_note_recording.dart;mobile/lib/features/channels/voice_note_waveform.dart;mobile/lib/shared/relay/media_upload.dart;mobile/lib/shared/relay/media_upload/helpers.dart;mobile/lib/shared/widgets/concentric_sheet_surface.dart;mobile/pubspec.lock;mobile/pubspec.yaml;mobile/test/features/channels/channel_detail_page_test.dart;mobile/test/features/channels/compose_bar_test.dart;mobile/test/features/channels/message_content_test.dart;mobile/test/features/channels/message_media_test.dart;mobile/test/features/channels/voice_note_recording_test.dart;mobile/test/shared/relay/media_upload_test.dart;mobile/test/shared/widgets/modal_presentation_test.dart;plans/reports/reviewer-260905-coverage-audit.md,"Final-source audit: 42 target-exact, 1 adapted, 0 intentional Crew/mapped paths. Source coverage and local just ci/dependency-policy gates passed; 10k browser smoke passed; PR #342 Gate/manual passed on 0ef5491f; whole CI cancelled after smoke 3/4 timeouts with failures. Later repairs have local validation; PR342 checks are canonical remote evidence and full NuncioCrew CI including all desktop smoke shards and manual upstream compatibility must pass on the exact head at merge."
184,c6ca9d94d94230a315257a87beb8dc116fec56cc,Show status and huddle indicators beside names (#7112),01-toolchain-ci-docs;02-shared-substrate;04-desktop,integrate final released behavior,46,crates/buzz-core/src/kind.rs;crates/buzz-db/src/store/event.rs;crates/buzz-relay/src/audio/handler.rs;crates/buzz-relay/src/audio/join.rs;crates/buzz-relay/src/connection.rs;crates/buzz-relay/src/handlers/event.rs;crates/buzz-relay/src/handlers/req.rs;crates/buzz-relay/src/protocol.rs;crates/buzz-relay/src/state.rs;desktop/package.json;desktop/src/app/AppShell.tsx;desktop/src/app/routes/root.tsx;desktop/src/features/channels/ui/ChannelScreenHeader.tsx;desktop/src/features/chat/ui/ChatHeader.tsx;desktop/src/features/huddle/HuddlePresenceContext.test.mjs;desktop/src/features/huddle/HuddlePresenceContext.tsx;desktop/src/features/huddle/lib/huddlePresence.test.mjs;desktop/src/features/huddle/lib/huddlePresence.ts;desktop/src/features/huddle/lib/huddlePresenceRuntime.test.mjs;desktop/src/features/huddle/lib/huddlePresenceRuntime.ts;desktop/src/features/messages/ui/MessageAuthorWithIndicators.tsx;desktop/src/features/messages/ui/MessageRow.tsx;desktop/src/features/profile/ui/ProfilePopover.tsx;desktop/src/features/profile/ui/UserProfilePanelSections.tsx;desktop/src/features/profile/ui/UserProfilePopover.tsx;desktop/src/features/sidebar/ui/AppSidebar.types.ts;desktop/src/features/sidebar/ui/SidebarProfileCard.tsx;desktop/src/features/sidebar/ui/SidebarSection.tsx;desktop/src/features/user-status/UserStatusLookupContext.tsx;desktop/src/features/user-status/hooks.test.mjs;desktop/src/features/user-status/hooks.ts;desktop/src/features/user-status/statusExpiration.test.mjs;desktop/src/features/user-status/types.ts;desktop/src/features/user-status/ui/SetStatusDialog.tsx;desktop/src/features/user-status/ui/StatusEmoji.tsx;desktop/src/features/user-status/ui/UserNameIndicators.tsx;desktop/src/shared/api/concurrency.ts;desktop/src/shared/api/relayClientSession.ts;desktop/src/shared/api/relayClientShared.ts;desktop/src/shared/api/types.ts;desktop/src/shared/constants/kinds.ts;desktop/src/shared/ui/calendar.tsx;desktop/src/testing/e2eBridge.ts;desktop/tailwind.config.js;desktop/tests/e2e/profile-custom-emoji-status.spec.ts;pnpm-lock.yaml,adapted,Final 0.5.22 source for Show status and huddle indicators beside names is accounted for at the current paths below. Shared files retain Crew extensions or use existing Crew integration seams; supporting review evidence is attached.,crates/buzz-core/src/kind.rs;crates/buzz-db/src/store/event.rs;crates/buzz-relay/src/audio/handler.rs;crates/buzz-relay/src/audio/join.rs;crates/buzz-relay/src/connection.rs;crates/buzz-relay/src/handlers/event.rs;crates/buzz-relay/src/handlers/req.rs;crates/buzz-relay/src/protocol.rs;crates/buzz-relay/src/state.rs;desktop/package.json;desktop/src/app/AppShell.tsx;desktop/src/app/routes/root.tsx;desktop/src/features/channels/ui/ChannelScreenHeader.tsx;desktop/src/features/chat/ui/ChatHeader.tsx;desktop/src/features/huddle/HuddlePresenceContext.test.mjs;desktop/src/features/huddle/HuddlePresenceContext.tsx;desktop/src/features/huddle/lib/huddlePresence.test.mjs;desktop/src/features/huddle/lib/huddlePresence.ts;desktop/src/features/huddle/lib/huddlePresenceRuntime.test.mjs;desktop/src/features/huddle/lib/huddlePresenceRuntime.ts;desktop/src/features/messages/ui/MessageAuthorWithIndicators.tsx;desktop/src/features/messages/ui/MessageRow.tsx;desktop/src/features/profile/ui/ProfilePopover.tsx;desktop/src/features/profile/ui/UserProfilePanelSections.tsx;desktop/src/features/profile/ui/UserProfilePopover.tsx;desktop/src/features/sidebar/ui/AppSidebar.types.ts;desktop/src/features/sidebar/ui/SidebarProfileCard.tsx;desktop/src/features/sidebar/ui/SidebarSection.tsx;desktop/src/features/user-status/UserStatusLookupContext.tsx;desktop/src/features/user-status/hooks.test.mjs;desktop/src/features/user-status/hooks.ts;desktop/src/features/user-status/statusExpiration.test.mjs;desktop/src/features/user-status/types.ts;desktop/src/features/user-status/ui/SetStatusDialog.tsx;desktop/src/features/user-status/ui/StatusEmoji.tsx;desktop/src/features/user-status/ui/UserNameIndicators.tsx;desktop/src/shared/api/concurrency.ts;desktop/src/shared/api/relayClientSession.ts;desktop/src/shared/api/relayClientShared.ts;desktop/src/shared/api/types.ts;desktop/src/shared/constants/kinds.ts;desktop/src/shared/ui/calendar.tsx;desktop/src/testing/e2eBridge.ts;desktop/tailwind.config.js;desktop/tests/e2e/profile-custom-emoji-status.spec.ts;pnpm-lock.yaml;plans/reports/implementer-260905-desktop-message-notification-huddle-ports.md;plans/reports/260905-substrate-integration.md;/tmp/crew-profile-agent-final-tests.log;plans/reports/reviewer-260905-coverage-audit.md;plans/reports/reviewer-20260905-final-desktop-reconciliation.md,"Final-source audit: 29 target-exact, 17 adapted, 0 intentional Crew/mapped paths. 1374 message tests and 193 focused integration tests passed at report snapshot. Huddle focused tests and TypeScript passed at report snapshot. 272 committed isolated PostgreSQL tests passed. Relay integration and isolated PostgreSQL regressions recorded in substrate evidence. 1170 scoped profile/agent tests passed; scoped TypeScript clean. Source coverage and local just ci/dependency-policy gates passed; 10k browser smoke passed; PR #342 Gate/manual passed on 0ef5491f; whole CI cancelled after smoke 3/4 timeouts with failures. Later repairs have local validation; PR342 checks are canonical remote evidence and full NuncioCrew CI including all desktop smoke shards and manual upstream compatibility must pass on the exact head at merge."
185,7a9a5233d9d755e715be0c585cf7850e935d28cf,🤖 fix(desktop): harden smoke E2E tests against Bestie overlay and toast timing (#7270),04-desktop,integrate final released behavior,2,desktop/tests/e2e/agent-control-regressions.spec.ts;desktop/tests/e2e/message-feedback-snapshots.spec.ts,adapted,Final 0.5.22 source for 🤖 fix(desktop): harden smoke E2E tests against Bestie overlay and toast timing is accounted for at the current paths below. Shared files retain Crew extensions or use existing Crew integration seams; supporting review evidence is attached.,desktop/tests/e2e/agent-control-regressions.spec.ts;desktop/tests/e2e/message-feedback-snapshots.spec.ts;plans/reports/reviewer-260905-coverage-audit.md;plans/reports/reviewer-20260905-final-desktop-reconciliation.md,"Final-source audit: 0 target-exact, 2 adapted, 0 intentional Crew/mapped paths. Source coverage and local just ci/dependency-policy gates passed; 10k browser smoke passed; PR #342 Gate/manual passed on 0ef5491f; whole CI cancelled after smoke 3/4 timeouts with failures. Later repairs have local validation; PR342 checks are canonical remote evidence and full NuncioCrew CI including all desktop smoke shards and manual upstream compatibility must pass on the exact head at merge."
186,6cf514ed90981d1db4acdb97a272543ecca83993,fix(desktop): wrap message tables within the available pane (#7279),04-desktop,integrate final released behavior,5,desktop/playwright.config.ts;desktop/src/shared/ui/markdown.tsx;desktop/src/shared/ui/markdown/MarkdownTable.tsx;desktop/tests/e2e/markdown-tables.spec.ts;desktop/tests/e2e/messaging.spec.ts,adapted,Final 0.5.22 source for fix(desktop): wrap message tables within the available pane is accounted for at the current paths below. Shared files retain Crew extensions or use existing Crew integration seams; supporting review evidence is attached.,desktop/playwright.config.ts;desktop/src/shared/ui/markdown.tsx;desktop/src/shared/ui/markdown/MarkdownTable.tsx;desktop/tests/e2e/markdown-tables.spec.ts;desktop/tests/e2e/messaging.spec.ts;plans/reports/reviewer-260905-coverage-audit.md;plans/reports/reviewer-20260905-final-desktop-reconciliation.md,"Final-source audit: 2 target-exact, 3 adapted, 0 intentional Crew/mapped paths. Source coverage and local just ci/dependency-policy gates passed; 10k browser smoke passed; PR #342 Gate/manual passed on 0ef5491f; whole CI cancelled after smoke 3/4 timeouts with failures. Later repairs have local validation; PR342 checks are canonical remote evidence and full NuncioCrew CI including all desktop smoke shards and manual upstream compatibility must pass on the exact head at merge."
187,752cbfc0375efc8bac3d5cc2a5716250bc0be234,docs(nip-fi): add Blossom kind-24242 media possession-proof exception (#7278),02-shared-protocol-web,integrate final released behavior,1,docs/nips/NIP-FI.md,ported,Final 0.5.22 source for docs(nip-fi): add Blossom kind-24242 media possession-proof exception is accounted for at the current paths below. Every listed path matches the final target bytes (including final target deletions).,docs/nips/NIP-FI.md;plans/reports/reviewer-260905-coverage-audit.md,"Final-source audit: 1 target-exact, 0 adapted, 0 intentional Crew/mapped paths. Source coverage and local just ci/dependency-policy gates passed; 10k browser smoke passed; PR #342 Gate/manual passed on 0ef5491f; whole CI cancelled after smoke 3/4 timeouts with failures. Later repairs have local validation; PR342 checks are canonical remote evidence and full NuncioCrew CI including all desktop smoke shards and manual upstream compatibility must pass on the exact head at merge."
188,88687876f7808a2fd742b7eb2e4b9f87d999ad8d,feat(relay): add early startup lifecycle logs (#7258),01-toolchain-ci-docs;02-shared-substrate,integrate final released behavior,9,TESTING.md;crates/buzz-relay/src/lib.rs;crates/buzz-relay/src/lifecycle.rs;crates/buzz-relay/src/main.rs;crates/buzz-relay/src/metrics.rs;crates/buzz-relay/src/telemetry.rs;crates/buzz-relay/src/test_support.rs;crates/buzz-relay/tests/boot_lifecycle.rs;deploy/charts/buzz/README.md,adapted,Final 0.5.22 source for feat(relay): add early startup lifecycle logs is accounted for at the current paths below. Shared files retain Crew extensions or use existing Crew integration seams; supporting review evidence is attached.,TESTING.md;crates/buzz-relay/src/lib.rs;crates/buzz-relay/src/lifecycle.rs;crates/buzz-relay/src/main.rs;crates/buzz-relay/src/metrics.rs;crates/buzz-relay/src/telemetry.rs;crates/buzz-relay/src/test_support.rs;crates/buzz-relay/tests/boot_lifecycle.rs;deploy/charts/buzz/README.md;plans/reports/260905-substrate-integration.md;plans/reports/implementer-260905-supporting-source-ports.md;plans/reports/reviewer-260905-coverage-audit.md,"Final-source audit: 7 target-exact, 2 adapted, 0 intentional Crew/mapped paths. Relay integration and isolated PostgreSQL regressions recorded in substrate evidence. Helm 47 tests across 9 suites plus lint/render and push release-contract passed. Source coverage and local just ci/dependency-policy gates passed; 10k browser smoke passed; PR #342 Gate/manual passed on 0ef5491f; whole CI cancelled after smoke 3/4 timeouts with failures. Later repairs have local validation; PR342 checks are canonical remote evidence and full NuncioCrew CI including all desktop smoke shards and manual upstream compatibility must pass on the exact head at merge."
189,8e7b275cb07fc1abea55b34e8db90136d039bd08,fix(scripts): copy global-agent-config.json in buzz-adopt-prod-agents (#7303),01-toolchain-ci-docs,adapt migration utility,1,scripts/buzz-adopt-prod-agents.sh,ported,Import global-agent-config copy behavior; no adoption command was run against personal data. Every listed path matches the final target bytes (including final target deletions).,scripts/buzz-adopt-prod-agents.sh;plans/reports/reviewer-260905-coverage-audit.md,"Final-source audit: 1 target-exact, 0 adapted, 0 intentional Crew/mapped paths. Source coverage and local just ci/dependency-policy gates passed; 10k browser smoke passed; PR #342 Gate/manual passed on 0ef5491f; whole CI cancelled after smoke 3/4 timeouts with failures. Later repairs have local validation; PR342 checks are canonical remote evidence and full NuncioCrew CI including all desktop smoke shards and manual upstream compatibility must pass on the exact head at merge."
190,75f101d8b4f5b4b26f9891b73b87c67fedac25a0,chore(release): release Buzz Desktop version 0.5.21 (#7301),01-toolchain-ci-docs;04-desktop,release bookkeeping; pin only after coverage gate,6,.release/desktop-candidate.json;CHANGELOG.md;desktop/package.json;desktop/src-tauri/Cargo.lock;desktop/src-tauri/Cargo.toml;desktop/src-tauri/tauri.conf.json,adapted,"Intermediate release bookkeeping is superseded by final 0.5.22 metadata; preserve Crew package/product identifiers and manual release attribution. The pin is a working-branch target, not acceptance evidence.",.release/desktop-candidate.json;CHANGELOG.md;desktop/package.json;desktop/src-tauri/Cargo.lock;desktop/src-tauri/Cargo.toml;desktop/src-tauri/tauri.conf.json;plans/reports/implementer-260905-native-release-integration.md;plans/reports/reviewer-260905-coverage-audit.md;plans/reports/reviewer-20260905-final-desktop-reconciliation.md,"Final-source audit: 1 target-exact, 4 adapted, 1 intentional Crew/mapped paths. Native tests 3431 passed, 19 ignored; clippy passed. Source coverage and local just ci/dependency-policy gates passed; 10k browser smoke passed; PR #342 Gate/manual passed on 0ef5491f; whole CI cancelled after smoke 3/4 timeouts with failures. Later repairs have local validation; PR342 checks are canonical remote evidence and full NuncioCrew CI including all desktop smoke shards and manual upstream compatibility must pass on the exact head at merge."
191,9ceb1f79bbc21785a0a075c40aecb3c058b1ea15,chore(release): release Buzz Desktop version 0.5.22,01-toolchain-ci-docs;04-desktop,release bookkeeping; pin only after coverage gate,6,.release/desktop-candidate.json;CHANGELOG.md;desktop/package.json;desktop/src-tauri/Cargo.lock;desktop/src-tauri/Cargo.toml;desktop/src-tauri/tauri.conf.json,adapted,"Intermediate release bookkeeping is superseded by final 0.5.22 metadata; preserve Crew package/product identifiers and manual release attribution. The pin is a working-branch target, not acceptance evidence.",.release/desktop-candidate.json;CHANGELOG.md;desktop/package.json;desktop/src-tauri/Cargo.lock;desktop/src-tauri/Cargo.toml;desktop/src-tauri/tauri.conf.json;plans/reports/implementer-260905-native-release-integration.md;plans/reports/reviewer-260905-coverage-audit.md;plans/reports/reviewer-20260905-final-desktop-reconciliation.md,"Final-source audit: 1 target-exact, 4 adapted, 1 intentional Crew/mapped paths. Native tests 3431 passed, 19 ignored; clippy passed. Source coverage and local just ci/dependency-policy gates passed; 10k browser smoke passed; PR #342 Gate/manual passed on 0ef5491f; whole CI cancelled after smoke 3/4 timeouts with failures. Later repairs have local validation; PR342 checks are canonical remote evidence and full NuncioCrew CI including all desktop smoke shards and manual upstream compatibility must pass on the exact head at merge."
